day,month,year,daily_high_temperature
1.0,1.0,2015.0,78.5
1.0,1.0,2016.0,82.0
1.0,1.0,2017.0,79.4
1.0,1.0,2018.0,77.8
1.0,1.0,2019.0,79.6
1.0,1.0,2020.0,76.4
1.0,1.0,2021.0,79.4
1.0,1.0,2022.0,80.6
1.0,1.0,2023.0,79.8
1.0,2.0,2015.0,73.6
1.0,2.0,2016.0,76.5
1.0,2.0,2017.0,75.2
1.0,2.0,2018.0,74.6
1.0,2.0,2019.0,76.5
1.0,2.0,2020.0,78.8
1.0,2.0,2021.0,73.9
1.0,2.0,2022.0,71.8
1.0,2.0,2023.0,81.6
1.0,3.0,2015.0,79.9
1.0,3.0,2016.0,77.6
1.0,3.0,2017.0,80.4
1.0,3.0,2018.0,82.7
1.0,3.0,2019.0,79.6
1.0,3.0,2020.0,72.9
1.0,3.0,2021.0,82.1
1.0,3.0,2022.0,77.9
1.0,3.0,2023.0,83.0
1.0,4.0,2015.0,81.4
1.0,4.0,2016.0,84.5
1.0,4.0,2017.0,85.3
1.0,4.0,2018.0,79.6
1.0,4.0,2019.0,82.0
1.0,4.0,2020.0,87.5
1.0,4.0,2021.0,83.5
1.0,4.0,2022.0,85.5
1.0,4.0,2023.0,82.9
1.0,5.0,2015.0,81.2
1.0,5.0,2016.0,84.2
1.0,5.0,2017.0,82.8
1.0,5.0,2018.0,79.2
1.0,5.0,2019.0,81.4
1.0,5.0,2020.0,82.0
1.0,5.0,2021.0,87.0
1.0,5.0,2022.0,81.3
1.0,5.0,2023.0,82.5
1.0,6.0,2015.0,86.1
1.0,6.0,2016.0,85.3
1.0,6.0,2017.0,87.2
1.0,6.0,2018.0,83.7
1.0,6.0,2019.0,89.0
1.0,6.0,2020.0,86.2
1.0,6.0,2021.0,80.3
1.0,6.0,2022.0,85.7
1.0,6.0,2023.0,84.8
1.0,7.0,2015.0,89.3
1.0,7.0,2016.0,86.9
1.0,7.0,2017.0,87.5
1.0,7.0,2018.0,84.5
1.0,7.0,2019.0,88.7
1.0,7.0,2020.0,89.1
1.0,7.0,2021.0,82.6
1.0,7.0,2022.0,86.5
1.0,7.0,2023.0,85.0
1.0,8.0,2015.0,91.1
1.0,8.0,2016.0,87.5
1.0,8.0,2017.0,86.4
1.0,8.0,2018.0,85.5
1.0,8.0,2019.0,85.1
1.0,8.0,2020.0,86.0
1.0,8.0,2021.0,88.0
1.0,8.0,2022.0,88.2
1.0,8.0,2023.0,88.2
1.0,9.0,2015.0,88.6
1.0,9.0,2016.0,87.1
1.0,9.0,2017.0,87.2
1.0,9.0,2018.0,85.2
1.0,9.0,2019.0,87.1
1.0,9.0,2020.0,88.8
1.0,9.0,2021.0,88.4
1.0,9.0,2022.0,88.0
1.0,9.0,2023.0,90.1
1.0,10.0,2015.0,88.9
1.0,10.0,2016.0,85.3
1.0,10.0,2017.0,86.4
1.0,10.0,2018.0,86.2
1.0,10.0,2019.0,83.5
1.0,10.0,2020.0,85.5
1.0,10.0,2021.0,82.9
1.0,10.0,2022.0,82.2
1.0,11.0,2015.0,84.8
1.0,11.0,2016.0,80.0
1.0,11.0,2017.0,78.3
1.0,11.0,2018.0,82.9
1.0,11.0,2019.0,85.5
1.0,11.0,2020.0,82.2
1.0,11.0,2021.0,78.4
1.0,11.0,2022.0,84.5
1.0,12.0,2015.0,79.7
1.0,12.0,2016.0,82.1
1.0,12.0,2017.0,78.7
1.0,12.0,2018.0,81.1
1.0,12.0,2019.0,82.6
1.0,12.0,2020.0,67.6
1.0,12.0,2021.0,76.5
1.0,12.0,2022.0,77.4
2.0,1.0,2015.0,80.5
2.0,1.0,2016.0,80.1
2.0,1.0,2017.0,79.6
2.0,1.0,2018.0,69.7
2.0,1.0,2019.0,79.8
2.0,1.0,2020.0,79.2
2.0,1.0,2021.0,79.2
2.0,1.0,2022.0,81.1
2.0,1.0,2023.0,79.3
2.0,2.0,2015.0,81.0
2.0,2.0,2016.0,78.3
2.0,2.0,2017.0,77.2
2.0,2.0,2018.0,78.2
2.0,2.0,2019.0,77.1
2.0,2.0,2020.0,66.3
2.0,2.0,2021.0,64.7
2.0,2.0,2022.0,74.5
2.0,2.0,2023.0,81.0
2.0,3.0,2015.0,79.4
2.0,3.0,2016.0,81.4
2.0,3.0,2017.0,83.4
2.0,3.0,2018.0,85.2
2.0,3.0,2019.0,81.9
2.0,3.0,2020.0,74.7
2.0,3.0,2021.0,81.9
2.0,3.0,2022.0,75.7
2.0,3.0,2023.0,81.6
2.0,4.0,2015.0,81.2
2.0,4.0,2016.0,87.1
2.0,4.0,2017.0,81.2
2.0,4.0,2018.0,81.1
2.0,4.0,2019.0,83.9
2.0,4.0,2020.0,80.1
2.0,4.0,2021.0,75.5
2.0,4.0,2022.0,83.5
2.0,4.0,2023.0,84.6
2.0,5.0,2015.0,78.6
2.0,5.0,2016.0,84.6
2.0,5.0,2017.0,83.2
2.0,5.0,2018.0,79.2
2.0,5.0,2019.0,83.2
2.0,5.0,2020.0,81.7
2.0,5.0,2021.0,86.1
2.0,5.0,2022.0,82.3
2.0,5.0,2023.0,85.7
2.0,6.0,2015.0,82.8
2.0,6.0,2016.0,86.0
2.0,6.0,2017.0,84.4
2.0,6.0,2018.0,85.3
2.0,6.0,2019.0,89.1
2.0,6.0,2020.0,81.9
2.0,6.0,2021.0,81.1
2.0,6.0,2022.0,82.7
2.0,6.0,2023.0,82.7
2.0,7.0,2015.0,89.8
2.0,7.0,2016.0,84.2
2.0,7.0,2017.0,86.7
2.0,7.0,2018.0,87.3
2.0,7.0,2019.0,90.0
2.0,7.0,2020.0,89.5
2.0,7.0,2021.0,86.7
2.0,7.0,2022.0,86.4
2.0,7.0,2023.0,87.3
2.0,8.0,2015.0,89.0
2.0,8.0,2016.0,87.8
2.0,8.0,2017.0,88.3
2.0,8.0,2018.0,85.8
2.0,8.0,2019.0,83.7
2.0,8.0,2020.0,86.8
2.0,8.0,2021.0,87.1
2.0,8.0,2022.0,87.7
2.0,8.0,2023.0,88.3
2.0,9.0,2015.0,89.1
2.0,9.0,2016.0,88.2
2.0,9.0,2017.0,88.1
2.0,9.0,2018.0,81.6
2.0,9.0,2019.0,86.4
2.0,9.0,2020.0,87.7
2.0,9.0,2021.0,85.9
2.0,9.0,2022.0,86.9
2.0,9.0,2023.0,86.2
2.0,10.0,2015.0,86.6
2.0,10.0,2016.0,83.1
2.0,10.0,2017.0,82.3
2.0,10.0,2018.0,84.1
2.0,10.0,2019.0,83.8
2.0,10.0,2020.0,79.3
2.0,10.0,2021.0,83.2
2.0,10.0,2022.0,81.4
2.0,11.0,2015.0,84.8
2.0,11.0,2016.0,81.9
2.0,11.0,2017.0,79.0
2.0,11.0,2018.0,85.4
2.0,11.0,2019.0,85.1
2.0,11.0,2020.0,79.2
2.0,11.0,2021.0,78.0
2.0,11.0,2022.0,83.9
2.0,12.0,2015.0,82.3
2.0,12.0,2016.0,78.3
2.0,12.0,2017.0,78.2
2.0,12.0,2018.0,83.4
2.0,12.0,2019.0,82.9
2.0,12.0,2020.0,71.4
2.0,12.0,2021.0,77.7
2.0,12.0,2022.0,78.6
3.0,1.0,2015.0,80.7
3.0,1.0,2016.0,77.8
3.0,1.0,2017.0,81.3
3.0,1.0,2018.0,70.0
3.0,1.0,2019.0,81.0
3.0,1.0,2020.0,81.4
3.0,1.0,2021.0,81.0
3.0,1.0,2022.0,77.7
3.0,1.0,2023.0,79.4
3.0,2.0,2015.0,75.9
3.0,2.0,2016.0,78.2
3.0,2.0,2017.0,77.8
3.0,2.0,2018.0,72.0
3.0,2.0,2019.0,79.3
3.0,2.0,2020.0,69.9
3.0,2.0,2021.0,68.6
3.0,2.0,2022.0,76.6
3.0,2.0,2023.0,84.5
3.0,3.0,2015.0,79.4
3.0,3.0,2016.0,80.2
3.0,3.0,2017.0,76.9
3.0,3.0,2018.0,78.7
3.0,3.0,2019.0,81.8
3.0,3.0,2020.0,79.6
3.0,3.0,2021.0,83.7
3.0,3.0,2022.0,78.2
3.0,3.0,2023.0,84.1
3.0,4.0,2015.0,81.6
3.0,4.0,2016.0,76.5
3.0,4.0,2017.0,83.0
3.0,4.0,2018.0,80.9
3.0,4.0,2019.0,78.5
3.0,4.0,2020.0,81.3
3.0,4.0,2021.0,71.1
3.0,4.0,2022.0,83.1
3.0,4.0,2023.0,84.2
3.0,5.0,2015.0,77.9
3.0,5.0,2016.0,88.1
3.0,5.0,2017.0,82.0
3.0,5.0,2018.0,80.1
3.0,5.0,2019.0,85.0
3.0,5.0,2020.0,82.6
3.0,5.0,2021.0,86.2
3.0,5.0,2022.0,83.1
3.0,5.0,2023.0,86.0
3.0,6.0,2015.0,81.1
3.0,6.0,2016.0,85.8
3.0,6.0,2017.0,82.9
3.0,6.0,2018.0,85.5
3.0,6.0,2019.0,90.2
3.0,6.0,2020.0,83.0
3.0,6.0,2021.0,82.4
3.0,6.0,2022.0,77.4
3.0,6.0,2023.0,84.3
3.0,7.0,2015.0,89.3
3.0,7.0,2016.0,85.5
3.0,7.0,2017.0,87.0
3.0,7.0,2018.0,85.6
3.0,7.0,2019.0,86.8
3.0,7.0,2020.0,88.4
3.0,7.0,2021.0,89.5
3.0,7.0,2022.0,87.3
3.0,7.0,2023.0,89.1
3.0,8.0,2015.0,88.4
3.0,8.0,2016.0,84.0
3.0,8.0,2017.0,88.9
3.0,8.0,2018.0,85.8
3.0,8.0,2019.0,86.4
3.0,8.0,2020.0,88.6
3.0,8.0,2021.0,85.1
3.0,8.0,2022.0,87.7
3.0,8.0,2023.0,87.5
3.0,9.0,2015.0,88.7
3.0,9.0,2016.0,88.2
3.0,9.0,2017.0,87.7
3.0,9.0,2018.0,80.1
3.0,9.0,2019.0,87.0
3.0,9.0,2020.0,87.7
3.0,9.0,2021.0,86.4
3.0,9.0,2022.0,87.8
3.0,9.0,2023.0,86.2
3.0,10.0,2015.0,86.2
3.0,10.0,2016.0,84.7
3.0,10.0,2017.0,82.8
3.0,10.0,2018.0,84.5
3.0,10.0,2019.0,83.3
3.0,10.0,2020.0,81.9
3.0,10.0,2021.0,82.7
3.0,10.0,2022.0,84.1
3.0,11.0,2015.0,84.5
3.0,11.0,2016.0,80.3
3.0,11.0,2017.0,80.4
3.0,11.0,2018.0,80.2
3.0,11.0,2019.0,81.7
3.0,11.0,2020.0,76.8
3.0,11.0,2021.0,80.5
3.0,11.0,2022.0,83.7
3.0,12.0,2015.0,80.9
3.0,12.0,2016.0,78.2
3.0,12.0,2017.0,78.2
3.0,12.0,2018.0,84.8
3.0,12.0,2019.0,68.2
3.0,12.0,2020.0,73.7
3.0,12.0,2021.0,76.1
3.0,12.0,2022.0,79.2
4.0,1.0,2015.0,80.9
4.0,1.0,2016.0,68.9
4.0,1.0,2017.0,81.7
4.0,1.0,2018.0,58.5
4.0,1.0,2019.0,82.4
4.0,1.0,2020.0,83.6
4.0,1.0,2021.0,73.1
4.0,1.0,2022.0,75.1
4.0,1.0,2023.0,80.3
4.0,2.0,2015.0,76.3
4.0,2.0,2016.0,78.4
4.0,2.0,2017.0,77.4
4.0,2.0,2018.0,78.9
4.0,2.0,2019.0,76.5
4.0,2.0,2020.0,76.0
4.0,2.0,2021.0,70.5
4.0,2.0,2022.0,77.7
4.0,2.0,2023.0,73.9
4.0,3.0,2015.0,80.7
4.0,3.0,2016.0,82.9
4.0,3.0,2017.0,73.4
4.0,3.0,2018.0,75.8
4.0,3.0,2019.0,86.3
4.0,3.0,2020.0,83.1
4.0,3.0,2021.0,73.8
4.0,3.0,2022.0,78.2
4.0,3.0,2023.0,85.5
4.0,4.0,2015.0,84.3
4.0,4.0,2016.0,79.4
4.0,4.0,2017.0,86.0
4.0,4.0,2018.0,82.8
4.0,4.0,2019.0,78.3
4.0,4.0,2020.0,83.1
4.0,4.0,2021.0,72.7
4.0,4.0,2022.0,80.3
4.0,4.0,2023.0,83.2
4.0,5.0,2015.0,77.6
4.0,5.0,2016.0,81.5
4.0,5.0,2017.0,84.9
4.0,5.0,2018.0,80.2
4.0,5.0,2019.0,86.0
4.0,5.0,2020.0,85.5
4.0,5.0,2021.0,86.6
4.0,5.0,2022.0,84.4
4.0,5.0,2023.0,83.7
4.0,6.0,2015.0,84.0
4.0,6.0,2016.0,86.1
4.0,6.0,2017.0,81.9
4.0,6.0,2018.0,87.5
4.0,6.0,2019.0,88.0
4.0,6.0,2020.0,80.4
4.0,6.0,2021.0,85.1
4.0,6.0,2022.0,84.2
4.0,6.0,2023.0,83.7
4.0,7.0,2015.0,88.2
4.0,7.0,2016.0,87.3
4.0,7.0,2017.0,85.2
4.0,7.0,2018.0,84.7
4.0,7.0,2019.0,88.0
4.0,7.0,2020.0,88.3
4.0,7.0,2021.0,87.7
4.0,7.0,2022.0,86.3
4.0,7.0,2023.0,88.6
4.0,8.0,2015.0,89.9
4.0,8.0,2016.0,87.3
4.0,8.0,2017.0,89.0
4.0,8.0,2018.0,84.8
4.0,8.0,2019.0,84.8
4.0,8.0,2020.0,87.3
4.0,8.0,2021.0,86.6
4.0,8.0,2022.0,87.3
4.0,8.0,2023.0,86.2
4.0,9.0,2015.0,88.9
4.0,9.0,2016.0,88.0
4.0,9.0,2017.0,86.2
4.0,9.0,2018.0,84.2
4.0,9.0,2019.0,88.1
4.0,9.0,2020.0,88.8
4.0,9.0,2021.0,85.7
4.0,9.0,2022.0,88.1
4.0,9.0,2023.0,86.8
4.0,10.0,2015.0,84.8
4.0,10.0,2016.0,84.1
4.0,10.0,2017.0,79.0
4.0,10.0,2018.0,81.6
4.0,10.0,2019.0,84.5
4.0,10.0,2020.0,86.3
4.0,10.0,2021.0,84.5
4.0,10.0,2022.0,82.0
4.0,11.0,2015.0,83.6
4.0,11.0,2016.0,80.1
4.0,11.0,2017.0,80.7
4.0,11.0,2018.0,82.6
4.0,11.0,2019.0,84.3
4.0,11.0,2020.0,80.1
4.0,11.0,2021.0,81.0
4.0,11.0,2022.0,81.8
4.0,12.0,2015.0,75.6
4.0,12.0,2016.0,79.3
4.0,12.0,2017.0,78.3
4.0,12.0,2018.0,83.3
4.0,12.0,2019.0,74.7
4.0,12.0,2020.0,77.1
4.0,12.0,2021.0,76.7
4.0,12.0,2022.0,78.3
5.0,1.0,2015.0,81.5
5.0,1.0,2016.0,71.4
5.0,1.0,2017.0,78.5
5.0,1.0,2018.0,60.5
5.0,1.0,2019.0,78.7
5.0,1.0,2020.0,70.1
5.0,1.0,2021.0,71.3
5.0,1.0,2022.0,78.2
5.0,1.0,2023.0,81.4
5.0,2.0,2015.0,73.8
5.0,2.0,2016.0,72.7
5.0,2.0,2017.0,79.1
5.0,2.0,2018.0,79.4
5.0,2.0,2019.0,77.0
5.0,2.0,2020.0,78.1
5.0,2.0,2021.0,78.8
5.0,2.0,2022.0,78.1
5.0,2.0,2023.0,80.0
5.0,3.0,2015.0,82.7
5.0,3.0,2016.0,74.5
5.0,3.0,2017.0,72.7
5.0,3.0,2018.0,74.3
5.0,3.0,2019.0,83.0
5.0,3.0,2020.0,86.4
5.0,3.0,2021.0,77.3
5.0,3.0,2022.0,79.2
5.0,3.0,2023.0,85.3
5.0,4.0,2015.0,81.8
5.0,4.0,2016.0,79.4
5.0,4.0,2017.0,86.1
5.0,4.0,2018.0,80.2
5.0,4.0,2019.0,81.5
5.0,4.0,2020.0,82.0
5.0,4.0,2021.0,74.8
5.0,4.0,2022.0,83.4
5.0,4.0,2023.0,83.3
5.0,5.0,2015.0,77.7
5.0,5.0,2016.0,81.6
5.0,5.0,2017.0,84.2
5.0,5.0,2018.0,81.6
5.0,5.0,2019.0,86.4
5.0,5.0,2020.0,86.8
5.0,5.0,2021.0,86.9
5.0,5.0,2022.0,86.8
5.0,5.0,2023.0,84.3
5.0,6.0,2015.0,84.7
5.0,6.0,2016.0,87.1
5.0,6.0,2017.0,83.5
5.0,6.0,2018.0,88.2
5.0,6.0,2019.0,85.2
5.0,6.0,2020.0,83.2
5.0,6.0,2021.0,85.9
5.0,6.0,2022.0,85.0
5.0,6.0,2023.0,83.7
5.0,7.0,2015.0,88.8
5.0,7.0,2016.0,88.7
5.0,7.0,2017.0,87.0
5.0,7.0,2018.0,83.6
5.0,7.0,2019.0,84.6
5.0,7.0,2020.0,87.9
5.0,7.0,2021.0,84.3
5.0,7.0,2022.0,83.8
5.0,7.0,2023.0,88.8
5.0,8.0,2015.0,91.1
5.0,8.0,2016.0,88.4
5.0,8.0,2017.0,89.1
5.0,8.0,2018.0,85.6
5.0,8.0,2019.0,85.5
5.0,8.0,2020.0,85.7
5.0,8.0,2021.0,88.1
5.0,8.0,2022.0,85.7
5.0,8.0,2023.0,88.9
5.0,9.0,2015.0,87.1
5.0,9.0,2016.0,86.3
5.0,9.0,2017.0,85.8
5.0,9.0,2018.0,85.6
5.0,9.0,2019.0,89.1
5.0,9.0,2020.0,87.9
5.0,9.0,2021.0,87.1
5.0,9.0,2022.0,87.6
5.0,9.0,2023.0,86.7
5.0,10.0,2015.0,84.5
5.0,10.0,2016.0,84.4
5.0,10.0,2017.0,80.5
5.0,10.0,2018.0,85.1
5.0,10.0,2019.0,84.3
5.0,10.0,2020.0,86.4
5.0,10.0,2021.0,84.8
5.0,10.0,2022.0,81.5
5.0,11.0,2015.0,83.7
5.0,11.0,2016.0,79.1
5.0,11.0,2017.0,80.2
5.0,11.0,2018.0,83.1
5.0,11.0,2019.0,83.0
5.0,11.0,2020.0,78.6
5.0,11.0,2021.0,76.7
5.0,11.0,2022.0,81.9
5.0,12.0,2015.0,77.3
5.0,12.0,2016.0,80.1
5.0,12.0,2017.0,79.2
5.0,12.0,2018.0,72.6
5.0,12.0,2019.0,72.0
5.0,12.0,2020.0,80.4
5.0,12.0,2021.0,79.0
5.0,12.0,2022.0,78.7
6.0,1.0,2015.0,80.8
6.0,1.0,2016.0,71.6
6.0,1.0,2017.0,80.0
6.0,1.0,2018.0,67.4
6.0,1.0,2019.0,75.6
6.0,1.0,2020.0,71.6
6.0,1.0,2021.0,70.5
6.0,1.0,2022.0,75.7
6.0,1.0,2023.0,74.4
6.0,2.0,2015.0,72.0
6.0,2.0,2016.0,75.9
6.0,2.0,2017.0,78.0
6.0,2.0,2018.0,77.5
6.0,2.0,2019.0,76.1
6.0,2.0,2020.0,81.5
6.0,2.0,2021.0,80.1
6.0,2.0,2022.0,78.3
6.0,2.0,2023.0,78.1
6.0,3.0,2015.0,82.4
6.0,3.0,2016.0,77.7
6.0,3.0,2017.0,73.1
6.0,3.0,2018.0,77.6
6.0,3.0,2019.0,69.3
6.0,3.0,2020.0,82.7
6.0,3.0,2021.0,76.0
6.0,3.0,2022.0,79.2
6.0,3.0,2023.0,85.5
6.0,4.0,2015.0,82.6
6.0,4.0,2016.0,74.8
6.0,4.0,2017.0,86.4
6.0,4.0,2018.0,80.2
6.0,4.0,2019.0,82.5
6.0,4.0,2020.0,81.4
6.0,4.0,2021.0,76.6
6.0,4.0,2022.0,86.4
6.0,4.0,2023.0,82.4
6.0,5.0,2015.0,80.9
6.0,5.0,2016.0,80.3
6.0,5.0,2017.0,80.4
6.0,5.0,2018.0,83.4
6.0,5.0,2019.0,86.7
6.0,5.0,2020.0,88.4
6.0,5.0,2021.0,88.7
6.0,5.0,2022.0,87.8
6.0,5.0,2023.0,83.6
6.0,6.0,2015.0,83.7
6.0,6.0,2016.0,87.2
6.0,6.0,2017.0,83.1
6.0,6.0,2018.0,86.5
6.0,6.0,2019.0,88.1
6.0,6.0,2020.0,85.5
6.0,6.0,2021.0,85.9
6.0,6.0,2022.0,84.5
6.0,6.0,2023.0,82.2
6.0,7.0,2015.0,90.2
6.0,7.0,2016.0,88.3
6.0,7.0,2017.0,88.2
6.0,7.0,2018.0,86.4
6.0,7.0,2019.0,85.5
6.0,7.0,2020.0,87.4
6.0,7.0,2021.0,84.0
6.0,7.0,2022.0,87.0
6.0,7.0,2023.0,89.1
6.0,8.0,2015.0,92.3
6.0,8.0,2016.0,89.9
6.0,8.0,2017.0,87.5
6.0,8.0,2018.0,86.3
6.0,8.0,2019.0,85.3
6.0,8.0,2020.0,87.9
6.0,8.0,2021.0,87.7
6.0,8.0,2022.0,86.4
6.0,8.0,2023.0,91.1
6.0,9.0,2015.0,85.5
6.0,9.0,2016.0,83.5
6.0,9.0,2017.0,86.5
6.0,9.0,2018.0,82.3
6.0,9.0,2019.0,91.0
6.0,9.0,2020.0,84.1
6.0,9.0,2021.0,87.4
6.0,9.0,2022.0,89.3
6.0,9.0,2023.0,87.3
6.0,10.0,2015.0,85.0
6.0,10.0,2016.0,80.9
6.0,10.0,2017.0,85.8
6.0,10.0,2018.0,83.7
6.0,10.0,2019.0,84.9
6.0,10.0,2020.0,86.1
6.0,10.0,2021.0,86.1
6.0,10.0,2022.0,81.1
6.0,11.0,2015.0,83.9
6.0,11.0,2016.0,78.9
6.0,11.0,2017.0,80.7
6.0,11.0,2018.0,82.8
6.0,11.0,2019.0,82.9
6.0,11.0,2020.0,80.2
6.0,11.0,2021.0,74.5
6.0,11.0,2022.0,82.3
6.0,12.0,2015.0,78.3
6.0,12.0,2016.0,83.8
6.0,12.0,2017.0,80.5
6.0,12.0,2018.0,73.4
6.0,12.0,2019.0,76.7
6.0,12.0,2020.0,80.1
6.0,12.0,2021.0,79.1
6.0,12.0,2022.0,79.7
7.0,1.0,2015.0,78.1
7.0,1.0,2016.0,74.6
7.0,1.0,2017.0,78.9
7.0,1.0,2018.0,70.5
7.0,1.0,2019.0,77.5
7.0,1.0,2020.0,75.7
7.0,1.0,2021.0,75.7
7.0,1.0,2022.0,80.1
7.0,1.0,2023.0,75.3
7.0,2.0,2015.0,69.8
7.0,2.0,2016.0,63.3
7.0,2.0,2017.0,79.2
7.0,2.0,2018.0,78.6
7.0,2.0,2019.0,76.4
7.0,2.0,2020.0,77.4
7.0,2.0,2021.0,82.4
7.0,2.0,2022.0,78.9
7.0,2.0,2023.0,75.5
7.0,3.0,2015.0,78.5
7.0,3.0,2016.0,72.8
7.0,3.0,2017.0,75.8
7.0,3.0,2018.0,78.7
7.0,3.0,2019.0,72.5
7.0,3.0,2020.0,72.0
7.0,3.0,2021.0,73.2
7.0,3.0,2022.0,80.2
7.0,3.0,2023.0,85.2
7.0,4.0,2015.0,82.9
7.0,4.0,2016.0,82.2
7.0,4.0,2017.0,79.0
7.0,4.0,2018.0,84.5
7.0,4.0,2019.0,82.2
7.0,4.0,2020.0,82.1
7.0,4.0,2021.0,78.0
7.0,4.0,2022.0,87.0
7.0,4.0,2023.0,82.6
7.0,5.0,2015.0,85.1
7.0,5.0,2016.0,79.0
7.0,5.0,2017.0,81.3
7.0,5.0,2018.0,85.5
7.0,5.0,2019.0,84.3
7.0,5.0,2020.0,86.2
7.0,5.0,2021.0,88.5
7.0,5.0,2022.0,89.5
7.0,5.0,2023.0,80.4
7.0,6.0,2015.0,83.9
7.0,6.0,2016.0,86.8
7.0,6.0,2017.0,82.5
7.0,6.0,2018.0,82.6
7.0,6.0,2019.0,88.3
7.0,6.0,2020.0,87.6
7.0,6.0,2021.0,85.6
7.0,6.0,2022.0,82.9
7.0,6.0,2023.0,85.0
7.0,7.0,2015.0,88.6
7.0,7.0,2016.0,89.2
7.0,7.0,2017.0,87.1
7.0,7.0,2018.0,86.7
7.0,7.0,2019.0,86.9
7.0,7.0,2020.0,88.1
7.0,7.0,2021.0,87.3
7.0,7.0,2022.0,86.4
7.0,7.0,2023.0,89.4
7.0,8.0,2015.0,93.9
7.0,8.0,2016.0,88.8
7.0,8.0,2017.0,88.1
7.0,8.0,2018.0,86.9
7.0,8.0,2019.0,86.7
7.0,8.0,2020.0,87.7
7.0,8.0,2021.0,86.6
7.0,8.0,2022.0,84.5
7.0,8.0,2023.0,90.7
7.0,9.0,2015.0,85.3
7.0,9.0,2016.0,83.3
7.0,9.0,2017.0,87.8
7.0,9.0,2018.0,82.5
7.0,9.0,2019.0,88.0
7.0,9.0,2020.0,82.5
7.0,9.0,2021.0,86.5
7.0,9.0,2022.0,88.6
7.0,9.0,2023.0,87.1
7.0,10.0,2015.0,83.4
7.0,10.0,2016.0,86.5
7.0,10.0,2017.0,85.8
7.0,10.0,2018.0,83.2
7.0,10.0,2019.0,82.7
7.0,10.0,2020.0,86.2
7.0,10.0,2021.0,85.9
7.0,10.0,2022.0,82.9
7.0,11.0,2015.0,84.6
7.0,11.0,2016.0,78.3
7.0,11.0,2017.0,80.6
7.0,11.0,2018.0,83.2
7.0,11.0,2019.0,84.2
7.0,11.0,2020.0,79.5
7.0,11.0,2021.0,73.7
7.0,11.0,2022.0,81.8
7.0,12.0,2015.0,75.1
7.0,12.0,2016.0,81.6
7.0,12.0,2017.0,80.6
7.0,12.0,2018.0,77.3
7.0,12.0,2019.0,77.9
7.0,12.0,2020.0,76.9
7.0,12.0,2021.0,80.8
7.0,12.0,2022.0,78.3
8.0,1.0,2015.0,70.2
8.0,1.0,2016.0,74.7
8.0,1.0,2017.0,66.6
8.0,1.0,2018.0,75.2
8.0,1.0,2019.0,79.3
8.0,1.0,2020.0,75.1
8.0,1.0,2021.0,74.4
8.0,1.0,2022.0,76.9
8.0,1.0,2023.0,76.8
8.0,2.0,2015.0,74.9
8.0,2.0,2016.0,65.5
8.0,2.0,2017.0,83.3
8.0,2.0,2018.0,79.1
8.0,2.0,2019.0,77.2
8.0,2.0,2020.0,74.4
8.0,2.0,2021.0,81.3
8.0,2.0,2022.0,77.1
8.0,2.0,2023.0,77.5
8.0,3.0,2015.0,75.6
8.0,3.0,2016.0,74.9
8.0,3.0,2017.0,78.2
8.0,3.0,2018.0,73.0
8.0,3.0,2019.0,76.5
8.0,3.0,2020.0,71.5
8.0,3.0,2021.0,70.3
8.0,3.0,2022.0,81.9
8.0,3.0,2023.0,84.4
8.0,4.0,2015.0,81.9
8.0,4.0,2016.0,81.6
8.0,4.0,2017.0,77.6
8.0,4.0,2018.0,84.6
8.0,4.0,2019.0,82.8
8.0,4.0,2020.0,87.5
8.0,4.0,2021.0,78.6
8.0,4.0,2022.0,81.8
8.0,4.0,2023.0,83.2
8.0,5.0,2015.0,85.4
8.0,5.0,2016.0,80.1
8.0,5.0,2017.0,84.2
8.0,5.0,2018.0,84.2
8.0,5.0,2019.0,82.3
8.0,5.0,2020.0,82.4
8.0,5.0,2021.0,81.1
8.0,5.0,2022.0,86.9
8.0,5.0,2023.0,82.6
8.0,6.0,2015.0,84.8
8.0,6.0,2016.0,82.8
8.0,6.0,2017.0,83.2
8.0,6.0,2018.0,84.4
8.0,6.0,2019.0,86.8
8.0,6.0,2020.0,86.1
8.0,6.0,2021.0,86.0
8.0,6.0,2022.0,85.5
8.0,6.0,2023.0,83.7
8.0,7.0,2015.0,87.9
8.0,7.0,2016.0,88.7
8.0,7.0,2017.0,86.9
8.0,7.0,2018.0,86.3
8.0,7.0,2019.0,84.3
8.0,7.0,2020.0,89.1
8.0,7.0,2021.0,86.1
8.0,7.0,2022.0,86.4
8.0,7.0,2023.0,90.0
8.0,8.0,2015.0,91.7
8.0,8.0,2016.0,84.6
8.0,8.0,2017.0,88.8
8.0,8.0,2018.0,87.3
8.0,8.0,2019.0,87.6
8.0,8.0,2020.0,88.2
8.0,8.0,2021.0,87.3
8.0,8.0,2022.0,86.7
8.0,8.0,2023.0,90.0
8.0,9.0,2015.0,88.1
8.0,9.0,2016.0,85.0
8.0,9.0,2017.0,88.2
8.0,9.0,2018.0,83.7
8.0,9.0,2019.0,87.4
8.0,9.0,2020.0,83.3
8.0,9.0,2021.0,86.6
8.0,9.0,2022.0,87.6
8.0,9.0,2023.0,87.1
8.0,10.0,2015.0,84.7
8.0,10.0,2016.0,88.0
8.0,10.0,2017.0,86.4
8.0,10.0,2018.0,83.8
8.0,10.0,2019.0,85.1
8.0,10.0,2020.0,86.0
8.0,10.0,2021.0,85.4
8.0,10.0,2022.0,81.8
8.0,11.0,2015.0,84.9
8.0,11.0,2016.0,78.1
8.0,11.0,2017.0,81.6
8.0,11.0,2018.0,83.5
8.0,11.0,2019.0,84.2
8.0,11.0,2020.0,77.3
8.0,11.0,2021.0,75.4
8.0,11.0,2022.0,81.7
8.0,12.0,2015.0,73.9
8.0,12.0,2016.0,81.7
8.0,12.0,2017.0,83.2
8.0,12.0,2018.0,79.2
8.0,12.0,2019.0,78.7
8.0,12.0,2020.0,62.4
8.0,12.0,2021.0,82.3
8.0,12.0,2022.0,78.8
9.0,1.0,2015.0,76.4
9.0,1.0,2016.0,80.3
9.0,1.0,2017.0,68.4
9.0,1.0,2018.0,75.0
9.0,1.0,2019.0,76.7
9.0,1.0,2020.0,75.8
9.0,1.0,2021.0,66.6
9.0,1.0,2022.0,76.5
9.0,1.0,2023.0,77.3
9.0,2.0,2015.0,75.3
9.0,2.0,2016.0,65.8
9.0,2.0,2017.0,83.2
9.0,2.0,2018.0,78.4
9.0,2.0,2019.0,76.3
9.0,2.0,2020.0,75.4
9.0,2.0,2021.0,81.2
9.0,2.0,2022.0,68.0
9.0,2.0,2023.0,78.8
9.0,3.0,2015.0,80.1
9.0,3.0,2016.0,76.4
9.0,3.0,2017.0,79.1
9.0,3.0,2018.0,69.9
9.0,3.0,2019.0,79.8
9.0,3.0,2020.0,74.7
9.0,3.0,2021.0,71.0
9.0,3.0,2022.0,82.5
9.0,3.0,2023.0,77.3
9.0,4.0,2015.0,82.9
9.0,4.0,2016.0,78.1
9.0,4.0,2017.0,78.4
9.0,4.0,2018.0,85.9
9.0,4.0,2019.0,83.7
9.0,4.0,2020.0,90.7
9.0,4.0,2021.0,79.6
9.0,4.0,2022.0,79.0
9.0,4.0,2023.0,84.7
9.0,5.0,2015.0,85.7
9.0,5.0,2016.0,81.2
9.0,5.0,2017.0,84.7
9.0,5.0,2018.0,82.9
9.0,5.0,2019.0,83.6
9.0,5.0,2020.0,86.4
9.0,5.0,2021.0,82.5
9.0,5.0,2022.0,83.1
9.0,5.0,2023.0,85.3
9.0,6.0,2015.0,84.8
9.0,6.0,2016.0,85.5
9.0,6.0,2017.0,85.5
9.0,6.0,2018.0,82.8
9.0,6.0,2019.0,84.3
9.0,6.0,2020.0,87.3
9.0,6.0,2021.0,85.6
9.0,6.0,2022.0,85.4
9.0,6.0,2023.0,86.2
9.0,7.0,2015.0,89.2
9.0,7.0,2016.0,87.9
9.0,7.0,2017.0,87.5
9.0,7.0,2018.0,88.1
9.0,7.0,2019.0,87.0
9.0,7.0,2020.0,90.6
9.0,7.0,2021.0,87.1
9.0,7.0,2022.0,86.9
9.0,7.0,2023.0,90.7
9.0,8.0,2015.0,91.5
9.0,8.0,2016.0,87.7
9.0,8.0,2017.0,88.1
9.0,8.0,2018.0,88.1
9.0,8.0,2019.0,89.6
9.0,8.0,2020.0,85.9
9.0,8.0,2021.0,87.3
9.0,8.0,2022.0,86.5
9.0,8.0,2023.0,90.7
9.0,9.0,2015.0,88.2
9.0,9.0,2016.0,85.5
9.0,9.0,2017.0,85.5
9.0,9.0,2018.0,85.5
9.0,9.0,2019.0,87.9
9.0,9.0,2020.0,84.6
9.0,9.0,2021.0,88.5
9.0,9.0,2022.0,86.7
9.0,9.0,2023.0,85.5
9.0,10.0,2015.0,84.6
9.0,10.0,2016.0,85.5
9.0,10.0,2017.0,85.0
9.0,10.0,2018.0,85.2
9.0,10.0,2019.0,86.0
9.0,10.0,2020.0,85.9
9.0,10.0,2021.0,82.3
9.0,10.0,2022.0,81.7
9.0,11.0,2015.0,85.5
9.0,11.0,2016.0,79.3
9.0,11.0,2017.0,82.3
9.0,11.0,2018.0,82.8
9.0,11.0,2019.0,78.3
9.0,11.0,2020.0,81.5
9.0,11.0,2021.0,77.2
9.0,11.0,2022.0,74.6
9.0,12.0,2015.0,79.1
9.0,12.0,2016.0,75.8
9.0,12.0,2017.0,76.6
9.0,12.0,2018.0,82.9
9.0,12.0,2019.0,79.5
9.0,12.0,2020.0,63.7
9.0,12.0,2021.0,81.1
9.0,12.0,2022.0,78.4
10.0,1.0,2015.0,75.2
10.0,1.0,2016.0,76.6
10.0,1.0,2017.0,71.1
10.0,1.0,2018.0,74.2
10.0,1.0,2019.0,67.8
10.0,1.0,2020.0,77.7
10.0,1.0,2021.0,68.0
10.0,1.0,2022.0,78.5
10.0,1.0,2023.0,77.3
10.0,2.0,2015.0,73.4
10.0,2.0,2016.0,63.8
10.0,2.0,2017.0,75.5
10.0,2.0,2018.0,79.3
10.0,2.0,2019.0,76.4
10.0,2.0,2020.0,78.1
10.0,2.0,2021.0,79.8
10.0,2.0,2022.0,75.1
10.0,2.0,2023.0,80.4
10.0,3.0,2015.0,80.8
10.0,3.0,2016.0,78.0
10.0,3.0,2017.0,81.9
10.0,3.0,2018.0,75.1
10.0,3.0,2019.0,81.0
10.0,3.0,2020.0,76.7
10.0,3.0,2021.0,74.0
10.0,3.0,2022.0,83.2
10.0,3.0,2023.0,80.6
10.0,4.0,2015.0,84.0
10.0,4.0,2016.0,76.1
10.0,4.0,2017.0,78.0
10.0,4.0,2018.0,86.4
10.0,4.0,2019.0,83.9
10.0,4.0,2020.0,91.8
10.0,4.0,2021.0,83.0
10.0,4.0,2022.0,75.8
10.0,4.0,2023.0,76.5
10.0,5.0,2015.0,85.1
10.0,5.0,2016.0,83.8
10.0,5.0,2017.0,85.9
10.0,5.0,2018.0,82.6
10.0,5.0,2019.0,83.5
10.0,5.0,2020.0,77.1
10.0,5.0,2021.0,86.1
10.0,5.0,2022.0,82.6
10.0,5.0,2023.0,85.4
10.0,6.0,2015.0,85.8
10.0,6.0,2016.0,84.9
10.0,6.0,2017.0,82.5
10.0,6.0,2018.0,84.0
10.0,6.0,2019.0,84.9
10.0,6.0,2020.0,86.4
10.0,6.0,2021.0,86.6
10.0,6.0,2022.0,84.1
10.0,6.0,2023.0,86.5
10.0,7.0,2015.0,89.5
10.0,7.0,2016.0,88.9
10.0,7.0,2017.0,85.2
10.0,7.0,2018.0,85.0
10.0,7.0,2019.0,88.1
10.0,7.0,2020.0,89.4
10.0,7.0,2021.0,86.0
10.0,7.0,2022.0,87.6
10.0,7.0,2023.0,90.9
10.0,8.0,2015.0,90.9
10.0,8.0,2016.0,89.0
10.0,8.0,2017.0,87.6
10.0,8.0,2018.0,88.6
10.0,8.0,2019.0,88.7
10.0,8.0,2020.0,86.8
10.0,8.0,2021.0,85.8
10.0,8.0,2022.0,87.9
10.0,8.0,2023.0,89.3
10.0,9.0,2015.0,87.6
10.0,9.0,2016.0,84.9
10.0,9.0,2017.0,80.6
10.0,9.0,2018.0,86.0
10.0,9.0,2019.0,86.2
10.0,9.0,2020.0,85.8
10.0,9.0,2021.0,87.6
10.0,9.0,2022.0,88.3
10.0,9.0,2023.0,87.8
10.0,10.0,2015.0,86.7
10.0,10.0,2016.0,81.4
10.0,10.0,2017.0,84.4
10.0,10.0,2018.0,86.3
10.0,10.0,2019.0,83.7
10.0,10.0,2020.0,86.7
10.0,10.0,2021.0,82.6
10.0,10.0,2022.0,85.3
10.0,11.0,2015.0,86.5
10.0,11.0,2016.0,79.7
10.0,11.0,2017.0,82.0
10.0,11.0,2018.0,83.8
10.0,11.0,2019.0,79.7
10.0,11.0,2020.0,82.3
10.0,11.0,2021.0,79.2
10.0,11.0,2022.0,80.8
10.0,12.0,2015.0,78.5
10.0,12.0,2016.0,73.6
10.0,12.0,2017.0,61.2
10.0,12.0,2018.0,74.3
10.0,12.0,2019.0,81.9
10.0,12.0,2020.0,68.4
10.0,12.0,2021.0,80.0
10.0,12.0,2022.0,79.8
11.0,1.0,2015.0,77.4
11.0,1.0,2016.0,70.5
11.0,1.0,2017.0,74.6
11.0,1.0,2018.0,77.6
11.0,1.0,2019.0,73.8
11.0,1.0,2020.0,80.1
11.0,1.0,2021.0,76.4
11.0,1.0,2022.0,72.3
11.0,1.0,2023.0,74.6
11.0,2.0,2015.0,70.1
11.0,2.0,2016.0,65.7
11.0,2.0,2017.0,76.5
11.0,2.0,2018.0,80.3
11.0,2.0,2019.0,77.0
11.0,2.0,2020.0,80.7
11.0,2.0,2021.0,79.3
11.0,2.0,2022.0,77.1
11.0,2.0,2023.0,81.8
11.0,3.0,2015.0,82.1
11.0,3.0,2016.0,77.8
11.0,3.0,2017.0,80.3
11.0,3.0,2018.0,82.7
11.0,3.0,2019.0,82.3
11.0,3.0,2020.0,76.5
11.0,3.0,2021.0,75.6
11.0,3.0,2022.0,84.1
11.0,3.0,2023.0,83.9
11.0,4.0,2015.0,84.5
11.0,4.0,2016.0,76.8
11.0,4.0,2017.0,77.4
11.0,4.0,2018.0,82.1
11.0,4.0,2019.0,82.6
11.0,4.0,2020.0,81.7
11.0,4.0,2021.0,84.8
11.0,4.0,2022.0,77.5
11.0,4.0,2023.0,72.8
11.0,5.0,2015.0,84.1
11.0,5.0,2016.0,83.6
11.0,5.0,2017.0,87.6
11.0,5.0,2018.0,83.3
11.0,5.0,2019.0,84.6
11.0,5.0,2020.0,81.0
11.0,5.0,2021.0,86.4
11.0,5.0,2022.0,81.6
11.0,5.0,2023.0,84.8
11.0,6.0,2015.0,85.7
11.0,6.0,2016.0,86.1
11.0,6.0,2017.0,86.4
11.0,6.0,2018.0,82.0
11.0,6.0,2019.0,88.3
11.0,6.0,2020.0,83.8
11.0,6.0,2021.0,86.8
11.0,6.0,2022.0,84.7
11.0,6.0,2023.0,86.0
11.0,7.0,2015.0,89.1
11.0,7.0,2016.0,86.7
11.0,7.0,2017.0,86.1
11.0,7.0,2018.0,84.7
11.0,7.0,2019.0,85.9
11.0,7.0,2020.0,86.4
11.0,7.0,2021.0,86.4
11.0,7.0,2022.0,89.1
11.0,7.0,2023.0,90.7
11.0,8.0,2015.0,92.0
11.0,8.0,2016.0,86.9
11.0,8.0,2017.0,87.4
11.0,8.0,2018.0,86.2
11.0,8.0,2019.0,88.2
11.0,8.0,2020.0,88.0
11.0,8.0,2021.0,86.5
11.0,8.0,2022.0,87.4
11.0,8.0,2023.0,89.6
11.0,9.0,2015.0,88.2
11.0,9.0,2016.0,84.6
11.0,9.0,2017.0,87.3
11.0,9.0,2018.0,86.1
11.0,9.0,2019.0,86.0
11.0,9.0,2020.0,84.3
11.0,9.0,2021.0,87.0
11.0,9.0,2022.0,88.2
11.0,9.0,2023.0,87.6
11.0,10.0,2015.0,84.3
11.0,10.0,2016.0,81.8
11.0,10.0,2017.0,82.9
11.0,10.0,2018.0,85.1
11.0,10.0,2019.0,82.8
11.0,10.0,2020.0,86.8
11.0,10.0,2021.0,83.1
11.0,10.0,2022.0,85.4
11.0,11.0,2015.0,85.5
11.0,11.0,2016.0,80.4
11.0,11.0,2017.0,80.4
11.0,11.0,2018.0,82.5
11.0,11.0,2019.0,81.7
11.0,11.0,2020.0,81.3
11.0,11.0,2021.0,79.3
11.0,11.0,2022.0,82.8
11.0,12.0,2015.0,79.3
11.0,12.0,2016.0,76.1
11.0,12.0,2017.0,65.3
11.0,12.0,2018.0,65.6
11.0,12.0,2019.0,80.5
11.0,12.0,2020.0,73.6
11.0,12.0,2021.0,80.4
11.0,12.0,2022.0,79.2
12.0,1.0,2015.0,76.9
12.0,1.0,2016.0,67.8
12.0,1.0,2017.0,76.3
12.0,1.0,2018.0,79.4
12.0,1.0,2019.0,76.6
12.0,1.0,2020.0,79.6
12.0,1.0,2021.0,75.5
12.0,1.0,2022.0,72.6
12.0,1.0,2023.0,77.1
12.0,2.0,2015.0,73.2
12.0,2.0,2016.0,72.1
12.0,2.0,2017.0,78.5
12.0,2.0,2018.0,80.4
12.0,2.0,2019.0,80.6
12.0,2.0,2020.0,81.0
12.0,2.0,2021.0,80.7
12.0,2.0,2022.0,78.5
12.0,2.0,2023.0,75.6
12.0,3.0,2015.0,81.2
12.0,3.0,2016.0,79.2
12.0,3.0,2017.0,81.1
12.0,3.0,2018.0,75.9
12.0,3.0,2019.0,82.6
12.0,3.0,2020.0,79.3
12.0,3.0,2021.0,76.2
12.0,3.0,2022.0,86.5
12.0,3.0,2023.0,84.9
12.0,4.0,2015.0,83.9
12.0,4.0,2016.0,80.8
12.0,4.0,2017.0,77.6
12.0,4.0,2018.0,78.9
12.0,4.0,2019.0,84.3
12.0,4.0,2020.0,85.5
12.0,4.0,2021.0,80.8
12.0,4.0,2022.0,80.0
12.0,4.0,2023.0,77.0
12.0,5.0,2015.0,84.2
12.0,5.0,2016.0,83.4
12.0,5.0,2017.0,87.6
12.0,5.0,2018.0,81.0
12.0,5.0,2019.0,86.5
12.0,5.0,2020.0,81.6
12.0,5.0,2021.0,87.8
12.0,5.0,2022.0,81.6
12.0,5.0,2023.0,83.7
12.0,6.0,2015.0,86.5
12.0,6.0,2016.0,87.3
12.0,6.0,2017.0,84.7
12.0,6.0,2018.0,83.6
12.0,6.0,2019.0,87.5
12.0,6.0,2020.0,83.5
12.0,6.0,2021.0,87.5
12.0,6.0,2022.0,88.0
12.0,6.0,2023.0,83.7
12.0,7.0,2015.0,90.5
12.0,7.0,2016.0,87.9
12.0,7.0,2017.0,83.7
12.0,7.0,2018.0,86.8
12.0,7.0,2019.0,86.4
12.0,7.0,2020.0,87.1
12.0,7.0,2021.0,85.0
12.0,7.0,2022.0,88.6
12.0,7.0,2023.0,90.9
12.0,8.0,2015.0,91.6
12.0,8.0,2016.0,84.7
12.0,8.0,2017.0,87.1
12.0,8.0,2018.0,84.8
12.0,8.0,2019.0,87.0
12.0,8.0,2020.0,87.8
12.0,8.0,2021.0,87.2
12.0,8.0,2022.0,86.9
12.0,8.0,2023.0,87.8
12.0,9.0,2015.0,88.3
12.0,9.0,2016.0,85.2
12.0,9.0,2017.0,87.3
12.0,9.0,2018.0,87.3
12.0,9.0,2019.0,85.0
12.0,9.0,2020.0,79.1
12.0,9.0,2021.0,86.0
12.0,9.0,2022.0,86.4
12.0,9.0,2023.0,87.3
12.0,10.0,2015.0,84.9
12.0,10.0,2016.0,82.8
12.0,10.0,2017.0,81.4
12.0,10.0,2018.0,85.5
12.0,10.0,2019.0,82.0
12.0,10.0,2020.0,86.4
12.0,10.0,2021.0,81.8
12.0,10.0,2022.0,84.7
12.0,11.0,2015.0,85.0
12.0,11.0,2016.0,79.8
12.0,11.0,2017.0,80.1
12.0,11.0,2018.0,83.5
12.0,11.0,2019.0,83.4
12.0,11.0,2020.0,81.3
12.0,11.0,2021.0,78.2
12.0,11.0,2022.0,82.8
12.0,12.0,2015.0,79.6
12.0,12.0,2016.0,80.9
12.0,12.0,2017.0,71.1
12.0,12.0,2018.0,72.0
12.0,12.0,2019.0,77.9
12.0,12.0,2020.0,76.9
12.0,12.0,2021.0,81.0
12.0,12.0,2022.0,77.2
13.0,1.0,2015.0,77.6
13.0,1.0,2016.0,71.7
13.0,1.0,2017.0,77.1
13.0,1.0,2018.0,73.9
13.0,1.0,2019.0,79.6
13.0,1.0,2020.0,79.3
13.0,1.0,2021.0,75.2
13.0,1.0,2022.0,74.8
13.0,1.0,2023.0,77.4
13.0,2.0,2015.0,72.7
13.0,2.0,2016.0,73.5
13.0,2.0,2017.0,78.9
13.0,2.0,2018.0,79.5
13.0,2.0,2019.0,73.2
13.0,2.0,2020.0,81.9
13.0,2.0,2021.0,82.1
13.0,2.0,2022.0,73.5
13.0,2.0,2023.0,73.9
13.0,3.0,2015.0,79.2
13.0,3.0,2016.0,80.8
13.0,3.0,2017.0,82.0
13.0,3.0,2018.0,70.7
13.0,3.0,2019.0,78.3
13.0,3.0,2020.0,80.1
13.0,3.0,2021.0,77.7
13.0,3.0,2022.0,71.9
13.0,3.0,2023.0,85.7
13.0,4.0,2015.0,83.6
13.0,4.0,2016.0,81.6
13.0,4.0,2017.0,79.5
13.0,4.0,2018.0,80.1
13.0,4.0,2019.0,83.9
13.0,4.0,2020.0,88.6
13.0,4.0,2021.0,82.8
13.0,4.0,2022.0,80.6
13.0,4.0,2023.0,83.1
13.0,5.0,2015.0,85.1
13.0,5.0,2016.0,85.7
13.0,5.0,2017.0,88.7
13.0,5.0,2018.0,77.7
13.0,5.0,2019.0,87.7
13.0,5.0,2020.0,81.0
13.0,5.0,2021.0,87.9
13.0,5.0,2022.0,83.8
13.0,5.0,2023.0,83.3
13.0,6.0,2015.0,85.6
13.0,6.0,2016.0,86.4
13.0,6.0,2017.0,85.1
13.0,6.0,2018.0,82.3
13.0,6.0,2019.0,88.4
13.0,6.0,2020.0,83.6
13.0,6.0,2021.0,87.0
13.0,6.0,2022.0,87.6
13.0,6.0,2023.0,87.2
13.0,7.0,2015.0,90.0
13.0,7.0,2016.0,87.7
13.0,7.0,2017.0,84.0
13.0,7.0,2018.0,89.3
13.0,7.0,2019.0,87.0
13.0,7.0,2020.0,88.7
13.0,7.0,2021.0,83.5
13.0,7.0,2022.0,87.8
13.0,7.0,2023.0,90.0
13.0,8.0,2015.0,90.6
13.0,8.0,2016.0,87.7
13.0,8.0,2017.0,88.2
13.0,8.0,2018.0,86.8
13.0,8.0,2019.0,88.1
13.0,8.0,2020.0,87.3
13.0,8.0,2021.0,86.1
13.0,8.0,2022.0,87.0
13.0,8.0,2023.0,89.2
13.0,9.0,2015.0,90.0
13.0,9.0,2016.0,83.9
13.0,9.0,2017.0,86.8
13.0,9.0,2018.0,87.1
13.0,9.0,2019.0,84.2
13.0,9.0,2020.0,82.2
13.0,9.0,2021.0,85.1
13.0,9.0,2022.0,87.7
13.0,9.0,2023.0,89.9
13.0,10.0,2015.0,85.4
13.0,10.0,2016.0,83.3
13.0,10.0,2017.0,83.3
13.0,10.0,2018.0,85.3
13.0,10.0,2019.0,83.1
13.0,10.0,2020.0,85.5
13.0,10.0,2021.0,84.6
13.0,10.0,2022.0,82.0
13.0,11.0,2015.0,84.9
13.0,11.0,2016.0,78.8
13.0,11.0,2017.0,79.5
13.0,11.0,2018.0,82.3
13.0,11.0,2019.0,80.1
13.0,11.0,2020.0,82.8
13.0,11.0,2021.0,82.6
13.0,11.0,2022.0,82.3
13.0,12.0,2015.0,78.8
13.0,12.0,2016.0,80.9
13.0,12.0,2017.0,66.0
13.0,12.0,2018.0,77.4
13.0,12.0,2019.0,79.8
13.0,12.0,2020.0,80.2
13.0,12.0,2021.0,80.3
13.0,12.0,2022.0,78.4
14.0,1.0,2015.0,77.1
14.0,1.0,2016.0,72.1
14.0,1.0,2017.0,75.4
14.0,1.0,2018.0,69.9
14.0,1.0,2019.0,78.4
14.0,1.0,2020.0,79.7
14.0,1.0,2021.0,68.1
14.0,1.0,2022.0,70.4
14.0,1.0,2023.0,61.0
14.0,2.0,2015.0,66.9
14.0,2.0,2016.0,70.3
14.0,2.0,2017.0,81.4
14.0,2.0,2018.0,79.6
14.0,2.0,2019.0,75.4
14.0,2.0,2020.0,82.0
14.0,2.0,2021.0,83.7
14.0,2.0,2022.0,67.1
14.0,2.0,2023.0,74.7
14.0,3.0,2015.0,81.4
14.0,3.0,2016.0,83.0
14.0,3.0,2017.0,79.7
14.0,3.0,2018.0,72.2
14.0,3.0,2019.0,78.6
14.0,3.0,2020.0,80.6
14.0,3.0,2021.0,78.5
14.0,3.0,2022.0,74.7
14.0,3.0,2023.0,80.5
14.0,4.0,2015.0,85.2
14.0,4.0,2016.0,83.3
14.0,4.0,2017.0,79.2
14.0,4.0,2018.0,83.1
14.0,4.0,2019.0,84.6
14.0,4.0,2020.0,87.5
14.0,4.0,2021.0,79.1
14.0,4.0,2022.0,82.8
14.0,4.0,2023.0,84.8
14.0,5.0,2015.0,85.6
14.0,5.0,2016.0,87.2
14.0,5.0,2017.0,84.7
14.0,5.0,2018.0,81.1
14.0,5.0,2019.0,86.4
14.0,5.0,2020.0,77.1
14.0,5.0,2021.0,80.5
14.0,5.0,2022.0,85.1
14.0,5.0,2023.0,82.8
14.0,6.0,2015.0,85.4
14.0,6.0,2016.0,88.4
14.0,6.0,2017.0,82.8
14.0,6.0,2018.0,85.1
14.0,6.0,2019.0,86.6
14.0,6.0,2020.0,82.8
14.0,6.0,2021.0,84.9
14.0,6.0,2022.0,85.7
14.0,6.0,2023.0,88.4
14.0,7.0,2015.0,91.1
14.0,7.0,2016.0,87.8
14.0,7.0,2017.0,85.0
14.0,7.0,2018.0,87.4
14.0,7.0,2019.0,88.6
14.0,7.0,2020.0,89.2
14.0,7.0,2021.0,84.7
14.0,7.0,2022.0,87.2
14.0,7.0,2023.0,88.2
14.0,8.0,2015.0,88.3
14.0,8.0,2016.0,85.8
14.0,8.0,2017.0,89.2
14.0,8.0,2018.0,87.3
14.0,8.0,2019.0,87.9
14.0,8.0,2020.0,88.5
14.0,8.0,2021.0,82.4
14.0,8.0,2022.0,86.1
14.0,8.0,2023.0,90.3
14.0,9.0,2015.0,88.2
14.0,9.0,2016.0,87.2
14.0,9.0,2017.0,86.1
14.0,9.0,2018.0,86.2
14.0,9.0,2019.0,85.2
14.0,9.0,2020.0,86.4
14.0,9.0,2021.0,84.4
14.0,9.0,2022.0,82.2
14.0,9.0,2023.0,89.1
14.0,10.0,2015.0,85.0
14.0,10.0,2016.0,83.5
14.0,10.0,2017.0,81.3
14.0,10.0,2018.0,85.5
14.0,10.0,2019.0,83.4
14.0,10.0,2020.0,83.7
14.0,10.0,2021.0,83.9
14.0,10.0,2022.0,83.9
14.0,11.0,2015.0,80.0
14.0,11.0,2016.0,79.9
14.0,11.0,2017.0,80.4
14.0,11.0,2018.0,82.9
14.0,11.0,2019.0,79.1
14.0,11.0,2020.0,82.3
14.0,11.0,2021.0,76.1
14.0,11.0,2022.0,81.7
14.0,12.0,2015.0,80.5
14.0,12.0,2016.0,82.5
14.0,12.0,2017.0,68.3
14.0,12.0,2018.0,81.3
14.0,12.0,2019.0,80.8
14.0,12.0,2020.0,81.2
14.0,12.0,2021.0,79.2
14.0,12.0,2022.0,79.4
15.0,1.0,2015.0,76.0
15.0,1.0,2016.0,76.8
15.0,1.0,2017.0,76.1
15.0,1.0,2018.0,71.7
15.0,1.0,2019.0,70.4
15.0,1.0,2020.0,78.8
15.0,1.0,2021.0,75.9
15.0,1.0,2022.0,72.9
15.0,1.0,2023.0,62.5
15.0,2.0,2015.0,71.8
15.0,2.0,2016.0,73.4
15.0,2.0,2017.0,82.6
15.0,2.0,2018.0,79.1
15.0,2.0,2019.0,77.6
15.0,2.0,2020.0,77.0
15.0,2.0,2021.0,83.6
15.0,2.0,2022.0,72.4
15.0,2.0,2023.0,77.7
15.0,3.0,2015.0,82.6
15.0,3.0,2016.0,84.1
15.0,3.0,2017.0,71.5
15.0,3.0,2018.0,71.9
15.0,3.0,2019.0,79.5
15.0,3.0,2020.0,81.0
15.0,3.0,2021.0,80.1
15.0,3.0,2022.0,78.5
15.0,3.0,2023.0,71.9
15.0,4.0,2015.0,84.9
15.0,4.0,2016.0,84.9
15.0,4.0,2017.0,79.5
15.0,4.0,2018.0,84.5
15.0,4.0,2019.0,86.4
15.0,4.0,2020.0,88.7
15.0,4.0,2021.0,82.0
15.0,4.0,2022.0,80.3
15.0,4.0,2023.0,84.6
15.0,5.0,2015.0,85.1
15.0,5.0,2016.0,86.9
15.0,5.0,2017.0,88.8
15.0,5.0,2018.0,81.9
15.0,5.0,2019.0,82.5
15.0,5.0,2020.0,76.0
15.0,5.0,2021.0,81.9
15.0,5.0,2022.0,86.3
15.0,5.0,2023.0,82.2
15.0,6.0,2015.0,86.4
15.0,6.0,2016.0,86.2
15.0,6.0,2017.0,84.7
15.0,6.0,2018.0,86.4
15.0,6.0,2019.0,82.1
15.0,6.0,2020.0,84.1
15.0,6.0,2021.0,84.4
15.0,6.0,2022.0,86.5
15.0,6.0,2023.0,88.2
15.0,7.0,2015.0,91.0
15.0,7.0,2016.0,87.5
15.0,7.0,2017.0,85.9
15.0,7.0,2018.0,87.5
15.0,7.0,2019.0,86.3
15.0,7.0,2020.0,88.6
15.0,7.0,2021.0,85.1
15.0,7.0,2022.0,81.2
15.0,7.0,2023.0,87.7
15.0,8.0,2015.0,87.3
15.0,8.0,2016.0,87.0
15.0,8.0,2017.0,89.4
15.0,8.0,2018.0,87.1
15.0,8.0,2019.0,86.4
15.0,8.0,2020.0,87.3
15.0,8.0,2021.0,84.1
15.0,8.0,2022.0,87.0
15.0,8.0,2023.0,86.1
15.0,9.0,2015.0,86.4
15.0,9.0,2016.0,87.8
15.0,9.0,2017.0,87.1
15.0,9.0,2018.0,88.1
15.0,9.0,2019.0,88.4
15.0,9.0,2020.0,86.8
15.0,9.0,2021.0,85.0
15.0,9.0,2022.0,86.5
15.0,9.0,2023.0,87.3
15.0,10.0,2015.0,83.7
15.0,10.0,2016.0,81.9
15.0,10.0,2017.0,85.5
15.0,10.0,2018.0,85.4
15.0,10.0,2019.0,83.8
15.0,10.0,2020.0,83.0
15.0,10.0,2021.0,83.4
15.0,10.0,2022.0,82.1
15.0,11.0,2015.0,78.5
15.0,11.0,2016.0,76.5
15.0,11.0,2017.0,78.9
15.0,11.0,2018.0,82.2
15.0,11.0,2019.0,81.4
15.0,11.0,2020.0,82.9
15.0,11.0,2021.0,75.3
15.0,11.0,2022.0,82.7
15.0,12.0,2015.0,81.9
15.0,12.0,2016.0,78.9
15.0,12.0,2017.0,76.2
15.0,12.0,2018.0,79.2
15.0,12.0,2019.0,78.9
15.0,12.0,2020.0,79.8
15.0,12.0,2021.0,78.2
15.0,12.0,2022.0,82.6
16.0,1.0,2015.0,69.5
16.0,1.0,2016.0,75.0
16.0,1.0,2017.0,76.6
16.0,1.0,2018.0,73.3
16.0,1.0,2019.0,72.0
16.0,1.0,2020.0,79.3
16.0,1.0,2021.0,72.1
16.0,1.0,2022.0,74.0
16.0,1.0,2023.0,69.8
16.0,2.0,2015.0,72.7
16.0,2.0,2016.0,78.3
16.0,2.0,2017.0,77.8
16.0,2.0,2018.0,81.2
16.0,2.0,2019.0,79.1
16.0,2.0,2020.0,78.4
16.0,2.0,2021.0,79.2
16.0,2.0,2022.0,75.2
16.0,2.0,2023.0,80.4
16.0,3.0,2015.0,81.2
16.0,3.0,2016.0,83.0
16.0,3.0,2017.0,71.2
16.0,3.0,2018.0,75.8
16.0,3.0,2019.0,80.1
16.0,3.0,2020.0,81.0
16.0,3.0,2021.0,79.5
16.0,3.0,2022.0,82.2
16.0,3.0,2023.0,72.9
16.0,4.0,2015.0,86.1
16.0,4.0,2016.0,80.0
16.0,4.0,2017.0,77.4
16.0,4.0,2018.0,80.6
16.0,4.0,2019.0,81.7
16.0,4.0,2020.0,88.2
16.0,4.0,2021.0,85.4
16.0,4.0,2022.0,81.4
16.0,4.0,2023.0,84.6
16.0,5.0,2015.0,85.4
16.0,5.0,2016.0,85.7
16.0,5.0,2017.0,84.3
16.0,5.0,2018.0,81.3
16.0,5.0,2019.0,80.3
16.0,5.0,2020.0,84.7
16.0,5.0,2021.0,80.7
16.0,5.0,2022.0,83.7
16.0,5.0,2023.0,85.5
16.0,6.0,2015.0,87.5
16.0,6.0,2016.0,87.3
16.0,6.0,2017.0,83.6
16.0,6.0,2018.0,86.6
16.0,6.0,2019.0,81.6
16.0,6.0,2020.0,85.2
16.0,6.0,2021.0,85.7
16.0,6.0,2022.0,85.7
16.0,6.0,2023.0,90.0
16.0,7.0,2015.0,87.9
16.0,7.0,2016.0,86.9
16.0,7.0,2017.0,84.7
16.0,7.0,2018.0,87.2
16.0,7.0,2019.0,88.1
16.0,7.0,2020.0,85.2
16.0,7.0,2021.0,84.5
16.0,7.0,2022.0,82.0
16.0,7.0,2023.0,90.1
16.0,8.0,2015.0,89.8
16.0,8.0,2016.0,85.2
16.0,8.0,2017.0,88.6
16.0,8.0,2018.0,87.3
16.0,8.0,2019.0,88.3
16.0,8.0,2020.0,88.3
16.0,8.0,2021.0,88.4
16.0,8.0,2022.0,88.9
16.0,8.0,2023.0,88.0
16.0,9.0,2015.0,83.8
16.0,9.0,2016.0,88.2
16.0,9.0,2017.0,87.6
16.0,9.0,2018.0,87.7
16.0,9.0,2019.0,88.6
16.0,9.0,2020.0,87.0
16.0,9.0,2021.0,84.2
16.0,9.0,2022.0,82.1
16.0,9.0,2023.0,87.5
16.0,10.0,2015.0,81.6
16.0,10.0,2016.0,80.0
16.0,10.0,2017.0,84.3
16.0,10.0,2018.0,84.9
16.0,10.0,2019.0,85.9
16.0,10.0,2020.0,83.0
16.0,10.0,2021.0,84.8
16.0,10.0,2022.0,83.1
16.0,11.0,2015.0,79.7
16.0,11.0,2016.0,77.1
16.0,11.0,2017.0,77.4
16.0,11.0,2018.0,75.4
16.0,11.0,2019.0,74.6
16.0,11.0,2020.0,82.5
16.0,11.0,2021.0,77.4
16.0,11.0,2022.0,83.1
16.0,12.0,2015.0,81.0
16.0,12.0,2016.0,77.1
16.0,12.0,2017.0,76.8
16.0,12.0,2018.0,77.0
16.0,12.0,2019.0,80.7
16.0,12.0,2020.0,80.4
16.0,12.0,2021.0,79.3
16.0,12.0,2022.0,76.7
17.0,1.0,2015.0,74.2
17.0,1.0,2016.0,76.9
17.0,1.0,2017.0,78.0
17.0,1.0,2018.0,73.6
17.0,1.0,2019.0,74.7
17.0,1.0,2020.0,77.1
17.0,1.0,2021.0,68.7
17.0,1.0,2022.0,71.3
17.0,1.0,2023.0,73.4
17.0,2.0,2015.0,81.0
17.0,2.0,2016.0,74.4
17.0,2.0,2017.0,76.6
17.0,2.0,2018.0,80.7
17.0,2.0,2019.0,81.1
17.0,2.0,2020.0,80.3
17.0,2.0,2021.0,82.1
17.0,2.0,2022.0,78.3
17.0,2.0,2023.0,79.5
17.0,3.0,2015.0,85.5
17.0,3.0,2016.0,82.9
17.0,3.0,2017.0,72.5
17.0,3.0,2018.0,79.0
17.0,3.0,2019.0,81.7
17.0,3.0,2020.0,80.8
17.0,3.0,2021.0,81.4
17.0,3.0,2022.0,81.6
17.0,3.0,2023.0,77.1
17.0,4.0,2015.0,86.7
17.0,4.0,2016.0,76.3
17.0,4.0,2017.0,77.9
17.0,4.0,2018.0,78.0
17.0,4.0,2019.0,80.5
17.0,4.0,2020.0,85.3
17.0,4.0,2021.0,86.4
17.0,4.0,2022.0,81.9
17.0,4.0,2023.0,82.8
17.0,5.0,2015.0,83.9
17.0,5.0,2016.0,82.7
17.0,5.0,2017.0,83.7
17.0,5.0,2018.0,79.9
17.0,5.0,2019.0,81.2
17.0,5.0,2020.0,86.2
17.0,5.0,2021.0,80.8
17.0,5.0,2022.0,85.5
17.0,5.0,2023.0,86.4
17.0,6.0,2015.0,87.6
17.0,6.0,2016.0,85.2
17.0,6.0,2017.0,84.1
17.0,6.0,2018.0,85.1
17.0,6.0,2019.0,81.1
17.0,6.0,2020.0,84.3
17.0,6.0,2021.0,83.8
17.0,6.0,2022.0,85.7
17.0,6.0,2023.0,89.2
17.0,7.0,2015.0,88.9
17.0,7.0,2016.0,87.4
17.0,7.0,2017.0,86.4
17.0,7.0,2018.0,87.8
17.0,7.0,2019.0,88.2
17.0,7.0,2020.0,85.3
17.0,7.0,2021.0,84.4
17.0,7.0,2022.0,86.1
17.0,7.0,2023.0,88.1
17.0,8.0,2015.0,89.7
17.0,8.0,2016.0,84.6
17.0,8.0,2017.0,88.8
17.0,8.0,2018.0,86.3
17.0,8.0,2019.0,88.0
17.0,8.0,2020.0,89.1
17.0,8.0,2021.0,86.6
17.0,8.0,2022.0,88.4
17.0,8.0,2023.0,87.7
17.0,9.0,2015.0,82.7
17.0,9.0,2016.0,88.1
17.0,9.0,2017.0,88.5
17.0,9.0,2018.0,86.5
17.0,9.0,2019.0,89.1
17.0,9.0,2020.0,87.1
17.0,9.0,2021.0,86.4
17.0,9.0,2022.0,83.4
17.0,9.0,2023.0,87.9
17.0,10.0,2015.0,81.5
17.0,10.0,2016.0,83.2
17.0,10.0,2017.0,83.0
17.0,10.0,2018.0,85.3
17.0,10.0,2019.0,86.2
17.0,10.0,2020.0,83.2
17.0,10.0,2021.0,84.6
17.0,10.0,2022.0,83.7
17.0,11.0,2015.0,81.0
17.0,11.0,2016.0,77.5
17.0,11.0,2017.0,77.6
17.0,11.0,2018.0,76.7
17.0,11.0,2019.0,70.4
17.0,11.0,2020.0,79.4
17.0,11.0,2021.0,79.5
17.0,11.0,2022.0,77.6
17.0,12.0,2015.0,81.3
17.0,12.0,2016.0,80.1
17.0,12.0,2017.0,78.5
17.0,12.0,2018.0,71.0
17.0,12.0,2019.0,82.3
17.0,12.0,2020.0,80.5
17.0,12.0,2021.0,79.7
17.0,12.0,2022.0,76.5
18.0,1.0,2015.0,76.4
18.0,1.0,2016.0,65.3
18.0,1.0,2017.0,79.9
18.0,1.0,2018.0,60.9
18.0,1.0,2019.0,76.7
18.0,1.0,2020.0,75.5
18.0,1.0,2021.0,70.5
18.0,1.0,2022.0,65.8
18.0,1.0,2023.0,77.2
18.0,2.0,2015.0,70.7
18.0,2.0,2016.0,74.9
18.0,2.0,2017.0,80.1
18.0,2.0,2018.0,79.3
18.0,2.0,2019.0,82.1
18.0,2.0,2020.0,80.3
18.0,2.0,2021.0,81.8
18.0,2.0,2022.0,81.5
18.0,2.0,2023.0,78.5
18.0,3.0,2015.0,83.7
18.0,3.0,2016.0,85.1
18.0,3.0,2017.0,75.8
18.0,3.0,2018.0,82.8
18.0,3.0,2019.0,79.2
18.0,3.0,2020.0,80.0
18.0,3.0,2021.0,83.6
18.0,3.0,2022.0,82.5
18.0,3.0,2023.0,83.1
18.0,4.0,2015.0,87.8
18.0,4.0,2016.0,77.4
18.0,4.0,2017.0,79.8
18.0,4.0,2018.0,80.9
18.0,4.0,2019.0,84.0
18.0,4.0,2020.0,87.7
18.0,4.0,2021.0,87.3
18.0,4.0,2022.0,84.2
18.0,4.0,2023.0,79.7
18.0,5.0,2015.0,84.8
18.0,5.0,2016.0,85.2
18.0,5.0,2017.0,83.7
18.0,5.0,2018.0,82.1
18.0,5.0,2019.0,82.2
18.0,5.0,2020.0,83.7
18.0,5.0,2021.0,82.3
18.0,5.0,2022.0,86.6
18.0,5.0,2023.0,86.8
18.0,6.0,2015.0,89.1
18.0,6.0,2016.0,89.2
18.0,6.0,2017.0,84.8
18.0,6.0,2018.0,86.0
18.0,6.0,2019.0,84.0
18.0,6.0,2020.0,83.7
18.0,6.0,2021.0,87.1
18.0,6.0,2022.0,87.3
18.0,6.0,2023.0,86.5
18.0,7.0,2015.0,89.1
18.0,7.0,2016.0,87.5
18.0,7.0,2017.0,86.3
18.0,7.0,2018.0,88.4
18.0,7.0,2019.0,86.1
18.0,7.0,2020.0,85.3
18.0,7.0,2021.0,85.5
18.0,7.0,2022.0,87.6
18.0,7.0,2023.0,86.9
18.0,8.0,2015.0,90.6
18.0,8.0,2016.0,85.2
18.0,8.0,2017.0,88.6
18.0,8.0,2018.0,85.7
18.0,8.0,2019.0,88.4
18.0,8.0,2020.0,88.2
18.0,8.0,2021.0,87.9
18.0,8.0,2022.0,90.0
18.0,8.0,2023.0,88.1
18.0,9.0,2015.0,84.4
18.0,9.0,2016.0,87.7
18.0,9.0,2017.0,87.3
18.0,9.0,2018.0,85.6
18.0,9.0,2019.0,87.0
18.0,9.0,2020.0,88.1
18.0,9.0,2021.0,86.4
18.0,9.0,2022.0,85.8
18.0,9.0,2023.0,88.6
18.0,10.0,2015.0,82.2
18.0,10.0,2016.0,82.1
18.0,10.0,2017.0,81.9
18.0,10.0,2018.0,85.0
18.0,10.0,2019.0,85.4
18.0,10.0,2020.0,82.1
18.0,10.0,2021.0,81.8
18.0,10.0,2022.0,84.5
18.0,11.0,2015.0,82.6
18.0,11.0,2016.0,77.2
18.0,11.0,2017.0,79.4
18.0,11.0,2018.0,80.1
18.0,11.0,2019.0,74.2
18.0,11.0,2020.0,77.4
18.0,11.0,2021.0,79.0
18.0,11.0,2022.0,77.3
18.0,12.0,2015.0,82.5
18.0,12.0,2016.0,81.9
18.0,12.0,2017.0,79.3
18.0,12.0,2018.0,73.7
18.0,12.0,2019.0,79.7
18.0,12.0,2020.0,68.9
18.0,12.0,2021.0,79.0
18.0,12.0,2022.0,77.0
19.0,1.0,2015.0,72.2
19.0,1.0,2016.0,62.6
19.0,1.0,2017.0,79.9
19.0,1.0,2018.0,68.4
19.0,1.0,2019.0,77.0
19.0,1.0,2020.0,80.2
19.0,1.0,2021.0,72.7
19.0,1.0,2022.0,72.8
19.0,1.0,2023.0,80.2
19.0,2.0,2015.0,58.8
19.0,2.0,2016.0,70.8
19.0,2.0,2017.0,84.5
19.0,2.0,2018.0,79.6
19.0,2.0,2019.0,80.4
19.0,2.0,2020.0,81.2
19.0,2.0,2021.0,81.6
19.0,2.0,2022.0,80.4
19.0,2.0,2023.0,80.8
19.0,3.0,2015.0,82.4
19.0,3.0,2016.0,82.8
19.0,3.0,2017.0,83.2
19.0,3.0,2018.0,83.9
19.0,3.0,2019.0,70.5
19.0,3.0,2020.0,79.7
19.0,3.0,2021.0,82.2
19.0,3.0,2022.0,82.9
19.0,3.0,2023.0,79.3
19.0,4.0,2015.0,87.7
19.0,4.0,2016.0,77.1
19.0,4.0,2017.0,78.7
19.0,4.0,2018.0,83.6
19.0,4.0,2019.0,85.8
19.0,4.0,2020.0,86.8
19.0,4.0,2021.0,87.0
19.0,4.0,2022.0,83.1
19.0,4.0,2023.0,78.3
19.0,5.0,2015.0,85.5
19.0,5.0,2016.0,85.7
19.0,5.0,2017.0,85.2
19.0,5.0,2018.0,76.5
19.0,5.0,2019.0,83.0
19.0,5.0,2020.0,84.0
19.0,5.0,2021.0,81.0
19.0,5.0,2022.0,87.2
19.0,5.0,2023.0,84.2
19.0,6.0,2015.0,89.3
19.0,6.0,2016.0,82.9
19.0,6.0,2017.0,82.8
19.0,6.0,2018.0,84.8
19.0,6.0,2019.0,86.9
19.0,6.0,2020.0,81.9
19.0,6.0,2021.0,87.8
19.0,6.0,2022.0,86.2
19.0,6.0,2023.0,86.4
19.0,7.0,2015.0,88.9
19.0,7.0,2016.0,87.8
19.0,7.0,2017.0,86.4
19.0,7.0,2018.0,88.8
19.0,7.0,2019.0,87.2
19.0,7.0,2020.0,86.4
19.0,7.0,2021.0,86.4
19.0,7.0,2022.0,87.5
19.0,7.0,2023.0,84.7
19.0,8.0,2015.0,90.6
19.0,8.0,2016.0,87.3
19.0,8.0,2017.0,87.9
19.0,8.0,2018.0,84.2
19.0,8.0,2019.0,85.5
19.0,8.0,2020.0,86.0
19.0,8.0,2021.0,87.3
19.0,8.0,2022.0,88.7
19.0,8.0,2023.0,84.0
19.0,9.0,2015.0,88.2
19.0,9.0,2016.0,89.3
19.0,9.0,2017.0,88.5
19.0,9.0,2018.0,86.3
19.0,9.0,2019.0,83.3
19.0,9.0,2020.0,88.5
19.0,9.0,2021.0,83.7
19.0,9.0,2022.0,84.8
19.0,9.0,2023.0,83.4
19.0,10.0,2015.0,78.5
19.0,10.0,2016.0,82.8
19.0,10.0,2017.0,83.2
19.0,10.0,2018.0,85.0
19.0,10.0,2019.0,84.3
19.0,10.0,2020.0,80.0
19.0,10.0,2021.0,81.5
19.0,10.0,2022.0,75.9
19.0,11.0,2015.0,82.4
19.0,11.0,2016.0,78.6
19.0,11.0,2017.0,79.8
19.0,11.0,2018.0,82.0
19.0,11.0,2019.0,79.1
19.0,11.0,2020.0,77.2
19.0,11.0,2021.0,78.3
19.0,11.0,2022.0,78.5
19.0,12.0,2015.0,74.1
19.0,12.0,2016.0,81.5
19.0,12.0,2017.0,79.3
19.0,12.0,2018.0,77.0
19.0,12.0,2019.0,71.1
19.0,12.0,2020.0,73.9
19.0,12.0,2021.0,82.4
19.0,12.0,2022.0,75.6
20.0,1.0,2015.0,73.4
20.0,1.0,2016.0,69.5
20.0,1.0,2017.0,81.0
20.0,1.0,2018.0,73.5
20.0,1.0,2019.0,71.7
20.0,1.0,2020.0,74.7
20.0,1.0,2021.0,73.8
20.0,1.0,2022.0,75.7
20.0,1.0,2023.0,80.2
20.0,2.0,2015.0,64.1
20.0,2.0,2016.0,72.2
20.0,2.0,2017.0,78.7
20.0,2.0,2018.0,80.8
20.0,2.0,2019.0,81.0
20.0,2.0,2020.0,81.4
20.0,2.0,2021.0,72.0
20.0,2.0,2022.0,75.2
20.0,2.0,2023.0,81.7
20.0,3.0,2015.0,85.3
20.0,3.0,2016.0,80.6
20.0,3.0,2017.0,75.0
20.0,3.0,2018.0,86.1
20.0,3.0,2019.0,76.0
20.0,3.0,2020.0,80.5
20.0,3.0,2021.0,78.4
20.0,3.0,2022.0,82.8
20.0,3.0,2023.0,72.9
20.0,4.0,2015.0,88.2
20.0,4.0,2016.0,77.4
20.0,4.0,2017.0,77.7
20.0,4.0,2018.0,85.5
20.0,4.0,2019.0,79.4
20.0,4.0,2020.0,90.6
20.0,4.0,2021.0,85.5
20.0,4.0,2022.0,78.9
20.0,4.0,2023.0,79.5
20.0,5.0,2015.0,88.7
20.0,5.0,2016.0,85.5
20.0,5.0,2017.0,85.5
20.0,5.0,2018.0,77.8
20.0,5.0,2019.0,82.8
20.0,5.0,2020.0,85.9
20.0,5.0,2021.0,80.3
20.0,5.0,2022.0,82.5
20.0,5.0,2023.0,85.4
20.0,6.0,2015.0,90.0
20.0,6.0,2016.0,81.9
20.0,6.0,2017.0,85.4
20.0,6.0,2018.0,87.0
20.0,6.0,2019.0,89.3
20.0,6.0,2020.0,84.9
20.0,6.0,2021.0,87.0
20.0,6.0,2022.0,85.8
20.0,6.0,2023.0,87.9
20.0,7.0,2015.0,89.5
20.0,7.0,2016.0,83.5
20.0,7.0,2017.0,84.2
20.0,7.0,2018.0,87.8
20.0,7.0,2019.0,85.5
20.0,7.0,2020.0,84.1
20.0,7.0,2021.0,86.2
20.0,7.0,2022.0,87.9
20.0,7.0,2023.0,88.6
20.0,8.0,2015.0,90.1
20.0,8.0,2016.0,89.1
20.0,8.0,2017.0,86.4
20.0,8.0,2018.0,85.5
20.0,8.0,2019.0,82.8
20.0,8.0,2020.0,87.8
20.0,8.0,2021.0,88.1
20.0,8.0,2022.0,87.4
20.0,8.0,2023.0,87.3
20.0,9.0,2015.0,88.4
20.0,9.0,2016.0,87.0
20.0,9.0,2017.0,88.0
20.0,9.0,2018.0,87.4
20.0,9.0,2019.0,83.4
20.0,9.0,2020.0,87.9
20.0,9.0,2021.0,83.3
20.0,9.0,2022.0,87.7
20.0,9.0,2023.0,83.6
20.0,10.0,2015.0,79.8
20.0,10.0,2016.0,79.5
20.0,10.0,2017.0,82.8
20.0,10.0,2018.0,85.8
20.0,10.0,2019.0,87.0
20.0,10.0,2020.0,81.0
20.0,10.0,2021.0,81.8
20.0,10.0,2022.0,77.8
20.0,11.0,2015.0,80.6
20.0,11.0,2016.0,75.6
20.0,11.0,2017.0,76.5
20.0,11.0,2018.0,82.8
20.0,11.0,2019.0,75.1
20.0,11.0,2020.0,78.7
20.0,11.0,2021.0,78.9
20.0,11.0,2022.0,78.0
20.0,12.0,2015.0,75.4
20.0,12.0,2016.0,79.5
20.0,12.0,2017.0,79.6
20.0,12.0,2018.0,81.5
20.0,12.0,2019.0,75.6
20.0,12.0,2020.0,78.3
20.0,12.0,2021.0,78.9
20.0,12.0,2022.0,77.3
21.0,1.0,2015.0,79.3
21.0,1.0,2016.0,71.3
21.0,1.0,2017.0,80.1
21.0,1.0,2018.0,75.1
21.0,1.0,2019.0,67.4
21.0,1.0,2020.0,68.4
21.0,1.0,2021.0,75.5
21.0,1.0,2022.0,78.6
21.0,1.0,2023.0,79.4
21.0,2.0,2015.0,72.1
21.0,2.0,2016.0,75.1
21.0,2.0,2017.0,77.2
21.0,2.0,2018.0,80.0
21.0,2.0,2019.0,80.5
21.0,2.0,2020.0,77.7
21.0,2.0,2021.0,72.9
21.0,2.0,2022.0,76.5
21.0,2.0,2023.0,82.5
21.0,3.0,2015.0,85.8
21.0,3.0,2016.0,72.9
21.0,3.0,2017.0,77.3
21.0,3.0,2018.0,79.9
21.0,3.0,2019.0,76.1
21.0,3.0,2020.0,81.5
21.0,3.0,2021.0,76.7
21.0,3.0,2022.0,77.3
21.0,3.0,2023.0,76.1
21.0,4.0,2015.0,87.1
21.0,4.0,2016.0,78.2
21.0,4.0,2017.0,79.8
21.0,4.0,2018.0,83.5
21.0,4.0,2019.0,79.2
21.0,4.0,2020.0,90.2
21.0,4.0,2021.0,82.4
21.0,4.0,2022.0,79.2
21.0,4.0,2023.0,79.9
21.0,5.0,2015.0,89.2
21.0,5.0,2016.0,86.8
21.0,5.0,2017.0,84.5
21.0,5.0,2018.0,79.3
21.0,5.0,2019.0,84.7
21.0,5.0,2020.0,85.3
21.0,5.0,2021.0,80.7
21.0,5.0,2022.0,86.2
21.0,5.0,2023.0,85.4
21.0,6.0,2015.0,89.8
21.0,6.0,2016.0,82.1
21.0,6.0,2017.0,85.3
21.0,6.0,2018.0,88.3
21.0,6.0,2019.0,89.5
21.0,6.0,2020.0,85.0
21.0,6.0,2021.0,87.1
21.0,6.0,2022.0,84.2
21.0,6.0,2023.0,86.4
21.0,7.0,2015.0,91.3
21.0,7.0,2016.0,85.7
21.0,7.0,2017.0,86.4
21.0,7.0,2018.0,91.8
21.0,7.0,2019.0,85.5
21.0,7.0,2020.0,83.8
21.0,7.0,2021.0,87.7
21.0,7.0,2022.0,87.3
21.0,7.0,2023.0,89.3
21.0,8.0,2015.0,91.3
21.0,8.0,2016.0,90.0
21.0,8.0,2017.0,88.0
21.0,8.0,2018.0,86.8
21.0,8.0,2019.0,86.2
21.0,8.0,2020.0,89.0
21.0,8.0,2021.0,87.8
21.0,8.0,2022.0,88.2
21.0,8.0,2023.0,88.2
21.0,9.0,2015.0,86.6
21.0,9.0,2016.0,87.7
21.0,9.0,2017.0,86.4
21.0,9.0,2018.0,85.4
21.0,9.0,2019.0,82.1
21.0,9.0,2020.0,82.4
21.0,9.0,2021.0,83.8
21.0,9.0,2022.0,86.6
21.0,10.0,2015.0,82.4
21.0,10.0,2016.0,83.1
21.0,10.0,2017.0,82.0
21.0,10.0,2018.0,86.6
21.0,10.0,2019.0,87.7
21.0,10.0,2020.0,80.4
21.0,10.0,2021.0,83.1
21.0,10.0,2022.0,76.1
21.0,11.0,2015.0,80.0
21.0,11.0,2016.0,75.3
21.0,11.0,2017.0,81.0
21.0,11.0,2018.0,79.6
21.0,11.0,2019.0,76.4
21.0,11.0,2020.0,78.9
21.0,11.0,2021.0,78.0
21.0,11.0,2022.0,77.9
21.0,12.0,2015.0,79.2
21.0,12.0,2016.0,76.9
21.0,12.0,2017.0,79.7
21.0,12.0,2018.0,72.0
21.0,12.0,2019.0,75.7
21.0,12.0,2020.0,77.4
21.0,12.0,2021.0,79.0
21.0,12.0,2022.0,77.0
22.0,1.0,2015.0,77.8
22.0,1.0,2016.0,70.2
22.0,1.0,2017.0,81.9
22.0,1.0,2018.0,77.4
22.0,1.0,2019.0,73.4
22.0,1.0,2020.0,63.7
22.0,1.0,2021.0,77.4
22.0,1.0,2022.0,73.8
22.0,1.0,2023.0,81.8
22.0,2.0,2015.0,78.3
22.0,2.0,2016.0,76.5
22.0,2.0,2017.0,73.8
22.0,2.0,2018.0,79.4
22.0,2.0,2019.0,81.0
22.0,2.0,2020.0,72.7
22.0,2.0,2021.0,77.7
22.0,2.0,2022.0,78.2
22.0,2.0,2023.0,82.3
22.0,3.0,2015.0,85.9
22.0,3.0,2016.0,72.3
22.0,3.0,2017.0,81.9
22.0,3.0,2018.0,73.7
22.0,3.0,2019.0,73.0
22.0,3.0,2020.0,81.3
22.0,3.0,2021.0,75.2
22.0,3.0,2022.0,79.9
22.0,3.0,2023.0,78.5
22.0,4.0,2015.0,81.2
22.0,4.0,2016.0,80.2
22.0,4.0,2017.0,81.2
22.0,4.0,2018.0,82.2
22.0,4.0,2019.0,78.4
22.0,4.0,2020.0,86.1
22.0,4.0,2021.0,81.0
22.0,4.0,2022.0,79.9
22.0,4.0,2023.0,83.0
22.0,5.0,2015.0,88.7
22.0,5.0,2016.0,87.0
22.0,5.0,2017.0,85.6
22.0,5.0,2018.0,81.5
22.0,5.0,2019.0,83.7
22.0,5.0,2020.0,84.2
22.0,5.0,2021.0,80.8
22.0,5.0,2022.0,86.0
22.0,5.0,2023.0,85.5
22.0,6.0,2015.0,88.6
22.0,6.0,2016.0,86.2
22.0,6.0,2017.0,85.9
22.0,6.0,2018.0,88.8
22.0,6.0,2019.0,90.1
22.0,6.0,2020.0,86.1
22.0,6.0,2021.0,87.3
22.0,6.0,2022.0,83.2
22.0,6.0,2023.0,87.6
22.0,7.0,2015.0,90.9
22.0,7.0,2016.0,86.1
22.0,7.0,2017.0,87.1
22.0,7.0,2018.0,87.2
22.0,7.0,2019.0,87.0
22.0,7.0,2020.0,83.3
22.0,7.0,2021.0,90.0
22.0,7.0,2022.0,84.6
22.0,7.0,2023.0,91.3
22.0,8.0,2015.0,92.3
22.0,8.0,2016.0,89.9
22.0,8.0,2017.0,86.6
22.0,8.0,2018.0,87.7
22.0,8.0,2019.0,85.5
22.0,8.0,2020.0,87.8
22.0,8.0,2021.0,87.1
22.0,8.0,2022.0,87.2
22.0,8.0,2023.0,88.3
22.0,9.0,2015.0,86.2
22.0,9.0,2016.0,85.8
22.0,9.0,2017.0,82.8
22.0,9.0,2018.0,85.9
22.0,9.0,2019.0,83.7
22.0,9.0,2020.0,84.1
22.0,9.0,2021.0,84.3
22.0,9.0,2022.0,87.0
22.0,10.0,2015.0,82.1
22.0,10.0,2016.0,78.8
22.0,10.0,2017.0,84.1
22.0,10.0,2018.0,80.3
22.0,10.0,2019.0,86.0
22.0,10.0,2020.0,81.0
22.0,10.0,2021.0,80.1
22.0,10.0,2022.0,80.9
22.0,11.0,2015.0,80.3
22.0,11.0,2016.0,76.7
22.0,11.0,2017.0,81.0
22.0,11.0,2018.0,77.8
22.0,11.0,2019.0,77.8
22.0,11.0,2020.0,78.3
22.0,11.0,2021.0,80.1
22.0,11.0,2022.0,81.9
22.0,12.0,2015.0,80.0
22.0,12.0,2016.0,78.9
22.0,12.0,2017.0,80.1
22.0,12.0,2018.0,67.7
22.0,12.0,2019.0,76.4
22.0,12.0,2020.0,73.8
22.0,12.0,2021.0,70.1
22.0,12.0,2022.0,81.2
23.0,1.0,2015.0,77.6
23.0,1.0,2016.0,63.3
23.0,1.0,2017.0,76.0
23.0,1.0,2018.0,80.5
23.0,1.0,2019.0,76.1
23.0,1.0,2020.0,74.7
23.0,1.0,2021.0,77.4
23.0,1.0,2022.0,68.4
23.0,1.0,2023.0,82.2
23.0,2.0,2015.0,80.4
23.0,2.0,2016.0,78.2
23.0,2.0,2017.0,76.4
23.0,2.0,2018.0,79.1
23.0,2.0,2019.0,80.6
23.0,2.0,2020.0,73.0
23.0,2.0,2021.0,79.3
23.0,2.0,2022.0,78.9
23.0,2.0,2023.0,83.0
23.0,3.0,2015.0,85.8
23.0,3.0,2016.0,76.7
23.0,3.0,2017.0,79.2
23.0,3.0,2018.0,75.0
23.0,3.0,2019.0,75.6
23.0,3.0,2020.0,81.9
23.0,3.0,2021.0,76.4
23.0,3.0,2022.0,82.2
23.0,3.0,2023.0,79.2
23.0,4.0,2015.0,84.0
23.0,4.0,2016.0,87.1
23.0,4.0,2017.0,77.3
23.0,4.0,2018.0,81.3
23.0,4.0,2019.0,80.6
23.0,4.0,2020.0,87.1
23.0,4.0,2021.0,77.9
23.0,4.0,2022.0,79.9
23.0,4.0,2023.0,81.8
23.0,5.0,2015.0,87.0
23.0,5.0,2016.0,83.5
23.0,5.0,2017.0,87.6
23.0,5.0,2018.0,82.2
23.0,5.0,2019.0,83.2
23.0,5.0,2020.0,81.9
23.0,5.0,2021.0,81.3
23.0,5.0,2022.0,85.6
23.0,5.0,2023.0,83.9
23.0,6.0,2015.0,89.4
23.0,6.0,2016.0,87.6
23.0,6.0,2017.0,86.1
23.0,6.0,2018.0,86.4
23.0,6.0,2019.0,90.0
23.0,6.0,2020.0,87.0
23.0,6.0,2021.0,86.2
23.0,6.0,2022.0,86.7
23.0,6.0,2023.0,87.5
23.0,7.0,2015.0,90.5
23.0,7.0,2016.0,86.9
23.0,7.0,2017.0,87.5
23.0,7.0,2018.0,86.7
23.0,7.0,2019.0,88.9
23.0,7.0,2020.0,82.4
23.0,7.0,2021.0,87.3
23.0,7.0,2022.0,86.4
23.0,7.0,2023.0,92.8
23.0,8.0,2015.0,91.1
23.0,8.0,2016.0,89.1
23.0,8.0,2017.0,84.5
23.0,8.0,2018.0,87.2
23.0,8.0,2019.0,82.3
23.0,8.0,2020.0,88.7
23.0,8.0,2021.0,87.7
23.0,8.0,2022.0,86.6
23.0,8.0,2023.0,88.2
23.0,9.0,2015.0,85.4
23.0,9.0,2016.0,85.5
23.0,9.0,2017.0,84.4
23.0,9.0,2018.0,86.6
23.0,9.0,2019.0,84.8
23.0,9.0,2020.0,84.4
23.0,9.0,2021.0,84.8
23.0,9.0,2022.0,89.2
23.0,10.0,2015.0,80.9
23.0,10.0,2016.0,78.7
23.0,10.0,2017.0,83.0
23.0,10.0,2018.0,82.2
23.0,10.0,2019.0,86.2
23.0,10.0,2020.0,83.4
23.0,10.0,2021.0,82.0
23.0,10.0,2022.0,81.2
23.0,11.0,2015.0,76.0
23.0,11.0,2016.0,78.3
23.0,11.0,2017.0,80.1
23.0,11.0,2018.0,77.5
23.0,11.0,2019.0,79.3
23.0,11.0,2020.0,79.2
23.0,11.0,2021.0,69.4
23.0,11.0,2022.0,82.1
23.0,12.0,2015.0,80.8
23.0,12.0,2016.0,78.2
23.0,12.0,2017.0,78.6
23.0,12.0,2018.0,70.9
23.0,12.0,2019.0,74.7
23.0,12.0,2020.0,75.9
23.0,12.0,2021.0,71.9
23.0,12.0,2022.0,80.8
24.0,1.0,2015.0,76.4
24.0,1.0,2016.0,59.2
24.0,1.0,2017.0,76.5
24.0,1.0,2018.0,77.2
24.0,1.0,2019.0,78.1
24.0,1.0,2020.0,76.7
24.0,1.0,2021.0,78.3
24.0,1.0,2022.0,62.2
24.0,1.0,2023.0,76.6
24.0,2.0,2015.0,82.4
24.0,2.0,2016.0,82.5
24.0,2.0,2017.0,80.0
24.0,2.0,2018.0,78.8
24.0,2.0,2019.0,82.2
24.0,2.0,2020.0,77.2
24.0,2.0,2021.0,78.7
24.0,2.0,2022.0,79.1
24.0,2.0,2023.0,82.4
24.0,3.0,2015.0,83.9
24.0,3.0,2016.0,78.1
24.0,3.0,2017.0,75.8
24.0,3.0,2018.0,75.5
24.0,3.0,2019.0,77.4
24.0,3.0,2020.0,82.1
24.0,3.0,2021.0,82.7
24.0,3.0,2022.0,84.4
24.0,3.0,2023.0,81.2
24.0,4.0,2015.0,85.7
24.0,4.0,2016.0,82.8
24.0,4.0,2017.0,85.2
24.0,4.0,2018.0,86.1
24.0,4.0,2019.0,80.8
24.0,4.0,2020.0,90.8
24.0,4.0,2021.0,82.8
24.0,4.0,2022.0,81.9
24.0,4.0,2023.0,80.6
24.0,5.0,2015.0,84.5
24.0,5.0,2016.0,81.9
24.0,5.0,2017.0,89.1
24.0,5.0,2018.0,81.3
24.0,5.0,2019.0,82.4
24.0,5.0,2020.0,77.5
24.0,5.0,2021.0,82.4
24.0,5.0,2022.0,85.1
24.0,5.0,2023.0,82.9
24.0,6.0,2015.0,89.4
24.0,6.0,2016.0,86.8
24.0,6.0,2017.0,87.1
24.0,6.0,2018.0,85.2
24.0,6.0,2019.0,90.2
24.0,6.0,2020.0,87.5
24.0,6.0,2021.0,82.7
24.0,6.0,2022.0,89.1
24.0,6.0,2023.0,85.8
24.0,7.0,2015.0,91.8
24.0,7.0,2016.0,84.3
24.0,7.0,2017.0,88.2
24.0,7.0,2018.0,86.6
24.0,7.0,2019.0,88.2
24.0,7.0,2020.0,86.3
24.0,7.0,2021.0,84.8
24.0,7.0,2022.0,86.8
24.0,7.0,2023.0,91.9
24.0,8.0,2015.0,89.8
24.0,8.0,2016.0,85.5
24.0,8.0,2017.0,82.9
24.0,8.0,2018.0,84.6
24.0,8.0,2019.0,85.4
24.0,8.0,2020.0,87.5
24.0,8.0,2021.0,88.1
24.0,8.0,2022.0,87.0
24.0,8.0,2023.0,88.7
24.0,9.0,2015.0,83.9
24.0,9.0,2016.0,85.8
24.0,9.0,2017.0,85.6
24.0,9.0,2018.0,86.5
24.0,9.0,2019.0,84.6
24.0,9.0,2020.0,84.0
24.0,9.0,2021.0,85.5
24.0,9.0,2022.0,86.6
24.0,10.0,2015.0,81.8
24.0,10.0,2016.0,79.0
24.0,10.0,2017.0,80.9
24.0,10.0,2018.0,83.8
24.0,10.0,2019.0,84.6
24.0,10.0,2020.0,81.7
24.0,10.0,2021.0,82.3
24.0,10.0,2022.0,81.1
24.0,11.0,2015.0,73.3
24.0,11.0,2016.0,79.9
24.0,11.0,2017.0,79.2
24.0,11.0,2018.0,82.8
24.0,11.0,2019.0,81.5
24.0,11.0,2020.0,78.3
24.0,11.0,2021.0,73.1
24.0,11.0,2022.0,80.8
24.0,12.0,2015.0,81.5
24.0,12.0,2016.0,80.1
24.0,12.0,2017.0,79.1
24.0,12.0,2018.0,73.8
24.0,12.0,2019.0,72.3
24.0,12.0,2020.0,78.8
24.0,12.0,2021.0,75.8
24.0,12.0,2022.0,64.0
25.0,1.0,2015.0,67.0
25.0,1.0,2016.0,69.1
25.0,1.0,2017.0,77.3
25.0,1.0,2018.0,73.3
25.0,1.0,2019.0,69.2
25.0,1.0,2020.0,76.5
25.0,1.0,2021.0,77.7
25.0,1.0,2022.0,71.8
25.0,1.0,2023.0,81.0
25.0,2.0,2015.0,82.6
25.0,2.0,2016.0,70.7
25.0,2.0,2017.0,81.9
25.0,2.0,2018.0,79.8
25.0,2.0,2019.0,78.0
25.0,2.0,2020.0,81.3
25.0,2.0,2021.0,80.5
25.0,2.0,2022.0,79.5
25.0,2.0,2023.0,82.1
25.0,3.0,2015.0,84.6
25.0,3.0,2016.0,82.8
25.0,3.0,2017.0,77.2
25.0,3.0,2018.0,80.1
25.0,3.0,2019.0,79.7
25.0,3.0,2020.0,85.1
25.0,3.0,2021.0,83.7
25.0,3.0,2022.0,77.4
25.0,3.0,2023.0,82.0
25.0,4.0,2015.0,87.2
25.0,4.0,2016.0,79.5
25.0,4.0,2017.0,80.9
25.0,4.0,2018.0,82.8
25.0,4.0,2019.0,83.7
25.0,4.0,2020.0,89.6
25.0,4.0,2021.0,87.6
25.0,4.0,2022.0,80.9
25.0,4.0,2023.0,82.5
25.0,5.0,2015.0,85.8
25.0,5.0,2016.0,82.9
25.0,5.0,2017.0,82.8
25.0,5.0,2018.0,77.8
25.0,5.0,2019.0,83.0
25.0,5.0,2020.0,76.9
25.0,5.0,2021.0,83.1
25.0,5.0,2022.0,85.2
25.0,5.0,2023.0,80.6
25.0,6.0,2015.0,88.8
25.0,6.0,2016.0,88.0
25.0,6.0,2017.0,86.7
25.0,6.0,2018.0,84.1
25.0,6.0,2019.0,91.2
25.0,6.0,2020.0,88.2
25.0,6.0,2021.0,82.9
25.0,6.0,2022.0,87.1
25.0,6.0,2023.0,84.7
25.0,7.0,2015.0,85.3
25.0,7.0,2016.0,86.8
25.0,7.0,2017.0,88.1
25.0,7.0,2018.0,88.4
25.0,7.0,2019.0,88.2
25.0,7.0,2020.0,84.3
25.0,7.0,2021.0,86.2
25.0,7.0,2022.0,86.4
25.0,7.0,2023.0,90.2
25.0,8.0,2015.0,89.9
25.0,8.0,2016.0,86.8
25.0,8.0,2017.0,81.6
25.0,8.0,2018.0,83.7
25.0,8.0,2019.0,87.4
25.0,8.0,2020.0,88.0
25.0,8.0,2021.0,87.3
25.0,8.0,2022.0,86.8
25.0,8.0,2023.0,87.9
25.0,9.0,2015.0,85.9
25.0,9.0,2016.0,83.2
25.0,9.0,2017.0,87.9
25.0,9.0,2018.0,86.8
25.0,9.0,2019.0,84.8
25.0,9.0,2020.0,85.4
25.0,9.0,2021.0,84.7
25.0,9.0,2022.0,86.6
25.0,10.0,2015.0,82.2
25.0,10.0,2016.0,79.0
25.0,10.0,2017.0,76.7
25.0,10.0,2018.0,82.0
25.0,10.0,2019.0,84.4
25.0,10.0,2020.0,81.4
25.0,10.0,2021.0,82.8
25.0,10.0,2022.0,82.1
25.0,11.0,2015.0,76.4
25.0,11.0,2016.0,78.2
25.0,11.0,2017.0,75.0
25.0,11.0,2018.0,81.9
25.0,11.0,2019.0,76.2
25.0,11.0,2020.0,78.3
25.0,11.0,2021.0,75.1
25.0,11.0,2022.0,83.7
25.0,12.0,2015.0,80.5
25.0,12.0,2016.0,80.3
25.0,12.0,2017.0,79.4
25.0,12.0,2018.0,75.6
25.0,12.0,2019.0,77.7
25.0,12.0,2020.0,72.5
25.0,12.0,2021.0,77.4
25.0,12.0,2022.0,53.4
26.0,1.0,2015.0,73.6
26.0,1.0,2016.0,76.2
26.0,1.0,2017.0,81.8
26.0,1.0,2018.0,73.5
26.0,1.0,2019.0,67.4
26.0,1.0,2020.0,74.0
26.0,1.0,2021.0,81.3
26.0,1.0,2022.0,77.6
26.0,1.0,2023.0,79.5
26.0,2.0,2015.0,84.3
26.0,2.0,2016.0,70.9
26.0,2.0,2017.0,80.1
26.0,2.0,2018.0,80.5
26.0,2.0,2019.0,76.9
26.0,2.0,2020.0,82.7
26.0,2.0,2021.0,80.4
26.0,2.0,2022.0,79.0
26.0,2.0,2023.0,83.1
26.0,3.0,2015.0,83.3
26.0,3.0,2016.0,82.8
26.0,3.0,2017.0,78.8
26.0,3.0,2018.0,81.3
26.0,3.0,2019.0,82.5
26.0,3.0,2020.0,84.3
26.0,3.0,2021.0,82.9
26.0,3.0,2022.0,78.4
26.0,3.0,2023.0,83.4
26.0,4.0,2015.0,92.2
26.0,4.0,2016.0,79.9
26.0,4.0,2017.0,81.0
26.0,4.0,2018.0,82.5
26.0,4.0,2019.0,88.2
26.0,4.0,2020.0,84.2
26.0,4.0,2021.0,82.7
26.0,4.0,2022.0,81.7
26.0,4.0,2023.0,84.8
26.0,5.0,2015.0,85.4
26.0,5.0,2016.0,81.8
26.0,5.0,2017.0,87.0
26.0,5.0,2018.0,76.5
26.0,5.0,2019.0,84.8
26.0,5.0,2020.0,83.1
26.0,5.0,2021.0,83.7
26.0,5.0,2022.0,85.6
26.0,5.0,2023.0,81.4
26.0,6.0,2015.0,89.3
26.0,6.0,2016.0,86.8
26.0,6.0,2017.0,87.8
26.0,6.0,2018.0,86.4
26.0,6.0,2019.0,89.4
26.0,6.0,2020.0,87.4
26.0,6.0,2021.0,84.4
26.0,6.0,2022.0,86.3
26.0,6.0,2023.0,84.8
26.0,7.0,2015.0,86.4
26.0,7.0,2016.0,87.9
26.0,7.0,2017.0,87.7
26.0,7.0,2018.0,88.1
26.0,7.0,2019.0,86.7
26.0,7.0,2020.0,86.9
26.0,7.0,2021.0,86.1
26.0,7.0,2022.0,85.8
26.0,7.0,2023.0,87.1
26.0,8.0,2015.0,88.8
26.0,8.0,2016.0,87.2
26.0,8.0,2017.0,87.1
26.0,8.0,2018.0,86.4
26.0,8.0,2019.0,86.2
26.0,8.0,2020.0,85.3
26.0,8.0,2021.0,86.0
26.0,8.0,2022.0,89.1
26.0,8.0,2023.0,87.8
26.0,9.0,2015.0,86.1
26.0,9.0,2016.0,83.6
26.0,9.0,2017.0,85.0
26.0,9.0,2018.0,86.4
26.0,9.0,2019.0,85.3
26.0,9.0,2020.0,87.5
26.0,9.0,2021.0,84.5
26.0,9.0,2022.0,84.8
26.0,10.0,2015.0,81.8
26.0,10.0,2016.0,80.3
26.0,10.0,2017.0,73.9
26.0,10.0,2018.0,86.1
26.0,10.0,2019.0,84.6
26.0,10.0,2020.0,83.4
26.0,10.0,2021.0,85.6
26.0,10.0,2022.0,82.3
26.0,11.0,2015.0,77.8
26.0,11.0,2016.0,80.6
26.0,11.0,2017.0,76.9
26.0,11.0,2018.0,84.1
26.0,11.0,2019.0,77.2
26.0,11.0,2020.0,80.0
26.0,11.0,2021.0,77.1
26.0,11.0,2022.0,82.3
26.0,12.0,2015.0,80.3
26.0,12.0,2016.0,79.4
26.0,12.0,2017.0,78.1
26.0,12.0,2018.0,76.5
26.0,12.0,2019.0,77.4
26.0,12.0,2020.0,62.2
26.0,12.0,2021.0,78.4
26.0,12.0,2022.0,63.1
27.0,1.0,2015.0,70.2
27.0,1.0,2016.0,77.2
27.0,1.0,2017.0,80.1
27.0,1.0,2018.0,75.2
27.0,1.0,2019.0,74.7
27.0,1.0,2020.0,75.6
27.0,1.0,2021.0,83.0
27.0,1.0,2022.0,76.5
27.0,1.0,2023.0,70.3
27.0,2.0,2015.0,76.7
27.0,2.0,2016.0,69.1
27.0,2.0,2017.0,79.8
27.0,2.0,2018.0,79.9
27.0,2.0,2019.0,81.2
27.0,2.0,2020.0,74.1
27.0,2.0,2021.0,80.5
27.0,2.0,2022.0,80.0
27.0,2.0,2023.0,82.8
27.0,3.0,2015.0,87.3
27.0,3.0,2016.0,81.6
27.0,3.0,2017.0,79.1
27.0,3.0,2018.0,74.5
27.0,3.0,2019.0,79.2
27.0,3.0,2020.0,83.3
27.0,3.0,2021.0,82.5
27.0,3.0,2022.0,79.9
27.0,3.0,2023.0,84.2
27.0,4.0,2015.0,90.2
27.0,4.0,2016.0,81.4
27.0,4.0,2017.0,84.9
27.0,4.0,2018.0,82.3
27.0,4.0,2019.0,82.8
27.0,4.0,2020.0,83.6
27.0,4.0,2021.0,80.4
27.0,4.0,2022.0,83.2
27.0,4.0,2023.0,83.7
27.0,5.0,2015.0,83.3
27.0,5.0,2016.0,82.4
27.0,5.0,2017.0,89.3
27.0,5.0,2018.0,81.0
27.0,5.0,2019.0,84.4
27.0,5.0,2020.0,85.5
27.0,5.0,2021.0,84.7
27.0,5.0,2022.0,86.5
27.0,5.0,2023.0,83.6
27.0,6.0,2015.0,88.0
27.0,6.0,2016.0,86.8
27.0,6.0,2017.0,86.7
27.0,6.0,2018.0,86.6
27.0,6.0,2019.0,87.6
27.0,6.0,2020.0,87.8
27.0,6.0,2021.0,84.0
27.0,6.0,2022.0,84.4
27.0,6.0,2023.0,87.6
27.0,7.0,2015.0,90.0
27.0,7.0,2016.0,87.6
27.0,7.0,2017.0,87.4
27.0,7.0,2018.0,86.1
27.0,7.0,2019.0,87.3
27.0,7.0,2020.0,87.2
27.0,7.0,2021.0,87.8
27.0,7.0,2022.0,87.6
27.0,7.0,2023.0,84.5
27.0,8.0,2015.0,86.0
27.0,8.0,2016.0,85.5
27.0,8.0,2017.0,86.8
27.0,8.0,2018.0,85.2
27.0,8.0,2019.0,88.2
27.0,8.0,2020.0,88.5
27.0,8.0,2021.0,85.5
27.0,8.0,2022.0,87.9
27.0,8.0,2023.0,87.0
27.0,9.0,2015.0,86.9
27.0,9.0,2016.0,83.6
27.0,9.0,2017.0,85.0
27.0,9.0,2018.0,86.6
27.0,9.0,2019.0,85.5
27.0,9.0,2020.0,85.8
27.0,9.0,2021.0,85.2
27.0,9.0,2022.0,80.8
27.0,10.0,2015.0,83.4
27.0,10.0,2016.0,78.7
27.0,10.0,2017.0,78.3
27.0,10.0,2018.0,85.9
27.0,10.0,2019.0,85.8
27.0,10.0,2020.0,84.8
27.0,10.0,2021.0,86.4
27.0,10.0,2022.0,82.6
27.0,11.0,2015.0,78.0
27.0,11.0,2016.0,78.1
27.0,11.0,2017.0,77.5
27.0,11.0,2018.0,73.5
27.0,11.0,2019.0,81.7
27.0,11.0,2020.0,78.8
27.0,11.0,2021.0,75.0
27.0,11.0,2022.0,83.1
27.0,12.0,2015.0,79.7
27.0,12.0,2016.0,79.3
27.0,12.0,2017.0,78.9
27.0,12.0,2018.0,78.9
27.0,12.0,2019.0,78.6
27.0,12.0,2020.0,71.5
27.0,12.0,2021.0,79.0
27.0,12.0,2022.0,70.4
28.0,1.0,2015.0,67.3
28.0,1.0,2016.0,77.4
28.0,1.0,2017.0,71.2
28.0,1.0,2018.0,78.1
28.0,1.0,2019.0,68.4
28.0,1.0,2020.0,76.3
28.0,1.0,2021.0,74.3
28.0,1.0,2022.0,75.0
28.0,1.0,2023.0,75.8
28.0,2.0,2015.0,77.7
28.0,2.0,2016.0,71.2
28.0,2.0,2017.0,80.1
28.0,2.0,2018.0,78.6
28.0,2.0,2019.0,80.1
28.0,2.0,2020.0,67.4
28.0,2.0,2021.0,80.5
28.0,2.0,2022.0,81.7
28.0,2.0,2023.0,85.6
28.0,3.0,2015.0,73.5
28.0,3.0,2016.0,85.3
28.0,3.0,2017.0,81.9
28.0,3.0,2018.0,75.7
28.0,3.0,2019.0,75.6
28.0,3.0,2020.0,81.3
28.0,3.0,2021.0,83.7
28.0,3.0,2022.0,80.7
28.0,3.0,2023.0,84.2
28.0,4.0,2015.0,86.4
28.0,4.0,2016.0,84.5
28.0,4.0,2017.0,84.0
28.0,4.0,2018.0,82.3
28.0,4.0,2019.0,84.6
28.0,4.0,2020.0,80.6
28.0,4.0,2021.0,81.5
28.0,4.0,2022.0,84.2
28.0,4.0,2023.0,85.0
28.0,5.0,2015.0,81.8
28.0,5.0,2016.0,82.7
28.0,5.0,2017.0,91.6
28.0,5.0,2018.0,81.0
28.0,5.0,2019.0,84.1
28.0,5.0,2020.0,85.5
28.0,5.0,2021.0,85.1
28.0,5.0,2022.0,87.9
28.0,5.0,2023.0,87.0
28.0,6.0,2015.0,89.1
28.0,6.0,2016.0,86.9
28.0,6.0,2017.0,88.1
28.0,6.0,2018.0,87.0
28.0,6.0,2019.0,84.3
28.0,6.0,2020.0,88.5
28.0,6.0,2021.0,82.7
28.0,6.0,2022.0,84.5
28.0,6.0,2023.0,88.5
28.0,7.0,2015.0,92.0
28.0,7.0,2016.0,87.1
28.0,7.0,2017.0,87.9
28.0,7.0,2018.0,85.2
28.0,7.0,2019.0,85.8
28.0,7.0,2020.0,87.5
28.0,7.0,2021.0,87.3
28.0,7.0,2022.0,87.7
28.0,7.0,2023.0,84.2
28.0,8.0,2015.0,87.8
28.0,8.0,2016.0,84.3
28.0,8.0,2017.0,87.6
28.0,8.0,2018.0,84.6
28.0,8.0,2019.0,88.4
28.0,8.0,2020.0,88.7
28.0,8.0,2021.0,87.3
28.0,8.0,2022.0,85.0
28.0,8.0,2023.0,87.3
28.0,9.0,2015.0,85.4
28.0,9.0,2016.0,86.1
28.0,9.0,2017.0,84.6
28.0,9.0,2018.0,86.7
28.0,9.0,2019.0,86.3
28.0,9.0,2020.0,85.8
28.0,9.0,2021.0,84.1
28.0,9.0,2022.0,82.4
28.0,10.0,2015.0,81.6
28.0,10.0,2016.0,78.6
28.0,10.0,2017.0,78.3
28.0,10.0,2018.0,78.5
28.0,10.0,2019.0,85.7
28.0,10.0,2020.0,84.3
28.0,10.0,2021.0,83.7
28.0,10.0,2022.0,82.8
28.0,11.0,2015.0,78.5
28.0,11.0,2016.0,77.4
28.0,11.0,2017.0,78.7
28.0,11.0,2018.0,64.0
28.0,11.0,2019.0,82.1
28.0,11.0,2020.0,79.4
28.0,11.0,2021.0,75.3
28.0,11.0,2022.0,81.3
28.0,12.0,2015.0,81.1
28.0,12.0,2016.0,79.7
28.0,12.0,2017.0,77.8
28.0,12.0,2018.0,79.9
28.0,12.0,2019.0,78.4
28.0,12.0,2020.0,74.8
28.0,12.0,2021.0,77.0
28.0,12.0,2022.0,73.9
29.0,1.0,2015.0,69.7
29.0,1.0,2016.0,70.3
29.0,1.0,2017.0,65.7
29.0,1.0,2018.0,78.3
29.0,1.0,2019.0,67.6
29.0,1.0,2020.0,79.2
29.0,1.0,2021.0,70.2
29.0,1.0,2022.0,66.0
29.0,1.0,2023.0,78.7
29.0,2.0,2016.0,74.9
29.0,2.0,2020.0,70.2
29.0,3.0,2015.0,75.5
29.0,3.0,2016.0,81.9
29.0,3.0,2017.0,82.5
29.0,3.0,2018.0,78.1
29.0,3.0,2019.0,75.9
29.0,3.0,2020.0,83.7
29.0,3.0,2021.0,82.6
29.0,3.0,2022.0,82.0
29.0,3.0,2023.0,83.7
29.0,4.0,2015.0,82.4
29.0,4.0,2016.0,84.7
29.0,4.0,2017.0,83.2
29.0,4.0,2018.0,81.8
29.0,4.0,2019.0,82.5
29.0,4.0,2020.0,84.6
29.0,4.0,2021.0,84.2
29.0,4.0,2022.0,78.2
29.0,4.0,2023.0,85.6
29.0,5.0,2015.0,84.6
29.0,5.0,2016.0,85.9
29.0,5.0,2017.0,87.8
29.0,5.0,2018.0,80.5
29.0,5.0,2019.0,85.8
29.0,5.0,2020.0,84.6
29.0,5.0,2021.0,87.2
29.0,5.0,2022.0,85.9
29.0,5.0,2023.0,85.8
29.0,6.0,2015.0,91.2
29.0,6.0,2016.0,85.8
29.0,6.0,2017.0,86.6
29.0,6.0,2018.0,85.5
29.0,6.0,2019.0,82.4
29.0,6.0,2020.0,89.1
29.0,6.0,2021.0,84.0
29.0,6.0,2022.0,85.6
29.0,6.0,2023.0,87.3
29.0,7.0,2015.0,91.4
29.0,7.0,2016.0,89.0
29.0,7.0,2017.0,88.3
29.0,7.0,2018.0,83.4
29.0,7.0,2019.0,87.3
29.0,7.0,2020.0,87.0
29.0,7.0,2021.0,87.7
29.0,7.0,2022.0,86.9
29.0,7.0,2023.0,89.3
29.0,8.0,2015.0,86.2
29.0,8.0,2016.0,84.7
29.0,8.0,2017.0,89.2
29.0,8.0,2018.0,84.4
29.0,8.0,2019.0,86.1
29.0,8.0,2020.0,88.4
29.0,8.0,2021.0,86.0
29.0,8.0,2022.0,86.4
29.0,8.0,2023.0,86.2
29.0,9.0,2015.0,86.8
29.0,9.0,2016.0,87.1
29.0,9.0,2017.0,81.7
29.0,9.0,2018.0,85.3
29.0,9.0,2019.0,85.5
29.0,9.0,2020.0,86.2
29.0,9.0,2021.0,84.1
29.0,9.0,2022.0,83.7
29.0,10.0,2015.0,83.9
29.0,10.0,2016.0,79.9
29.0,10.0,2017.0,77.6
29.0,10.0,2018.0,79.6
29.0,10.0,2019.0,84.8
29.0,10.0,2020.0,85.1
29.0,10.0,2021.0,83.7
29.0,10.0,2022.0,80.3
29.0,11.0,2015.0,79.2
29.0,11.0,2016.0,80.2
29.0,11.0,2017.0,78.0
29.0,11.0,2018.0,70.8
29.0,11.0,2019.0,80.4
29.0,11.0,2020.0,79.6
29.0,11.0,2021.0,71.7
29.0,11.0,2022.0,80.2
29.0,12.0,2015.0,81.7
29.0,12.0,2016.0,81.0
29.0,12.0,2017.0,76.6
29.0,12.0,2018.0,81.2
29.0,12.0,2019.0,78.6
29.0,12.0,2020.0,74.1
29.0,12.0,2021.0,80.1
29.0,12.0,2022.0,76.5
30.0,1.0,2015.0,74.8
30.0,1.0,2016.0,70.3
30.0,1.0,2017.0,69.8
30.0,1.0,2018.0,69.6
30.0,1.0,2019.0,69.5
30.0,1.0,2020.0,76.5
30.0,1.0,2021.0,71.5
30.0,1.0,2022.0,59.5
30.0,1.0,2023.0,80.1
30.0,3.0,2015.0,78.2
30.0,3.0,2016.0,76.3
30.0,3.0,2017.0,81.2
30.0,3.0,2018.0,80.2
30.0,3.0,2019.0,77.4
30.0,3.0,2020.0,85.1
30.0,3.0,2021.0,82.9
30.0,3.0,2022.0,80.1
30.0,3.0,2023.0,78.8
30.0,4.0,2015.0,81.6
30.0,4.0,2016.0,82.2
30.0,4.0,2017.0,83.2
30.0,4.0,2018.0,80.5
30.0,4.0,2019.0,82.1
30.0,4.0,2020.0,83.7
30.0,4.0,2021.0,85.2
30.0,4.0,2022.0,79.9
30.0,4.0,2023.0,81.9
30.0,5.0,2015.0,84.6
30.0,5.0,2016.0,84.8
30.0,5.0,2017.0,87.7
30.0,5.0,2018.0,83.1
30.0,5.0,2019.0,87.0
30.0,5.0,2020.0,85.0
30.0,5.0,2021.0,85.9
30.0,5.0,2022.0,81.6
30.0,5.0,2023.0,85.0
30.0,6.0,2015.0,89.9
30.0,6.0,2016.0,84.8
30.0,6.0,2017.0,86.9
30.0,6.0,2018.0,83.7
30.0,6.0,2019.0,87.3
30.0,6.0,2020.0,90.2
30.0,6.0,2021.0,81.9
30.0,6.0,2022.0,86.4
30.0,6.0,2023.0,87.4
30.0,7.0,2015.0,91.8
30.0,7.0,2016.0,89.8
30.0,7.0,2017.0,87.3
30.0,7.0,2018.0,84.5
30.0,7.0,2019.0,87.1
30.0,7.0,2020.0,86.8
30.0,7.0,2021.0,88.2
30.0,7.0,2022.0,87.6
30.0,7.0,2023.0,88.2
30.0,8.0,2015.0,81.0
30.0,8.0,2016.0,79.9
30.0,8.0,2017.0,88.8
30.0,8.0,2018.0,83.7
30.0,8.0,2019.0,85.4
30.0,8.0,2020.0,89.1
30.0,8.0,2021.0,86.2
30.0,8.0,2022.0,88.8
30.0,8.0,2023.0,89.1
30.0,9.0,2015.0,88.4
30.0,9.0,2016.0,85.5
30.0,9.0,2017.0,85.8
30.0,9.0,2018.0,84.5
30.0,9.0,2019.0,85.5
30.0,9.0,2020.0,85.2
30.0,9.0,2021.0,84.2
30.0,9.0,2022.0,81.3
30.0,10.0,2015.0,84.5
30.0,10.0,2016.0,78.8
30.0,10.0,2017.0,67.9
30.0,10.0,2018.0,81.9
30.0,10.0,2019.0,84.8
30.0,10.0,2020.0,84.2
30.0,10.0,2021.0,78.6
30.0,10.0,2022.0,82.8
30.0,11.0,2015.0,78.7
30.0,11.0,2016.0,81.0
30.0,11.0,2017.0,78.8
30.0,11.0,2018.0,76.8
30.0,11.0,2019.0,79.7
30.0,11.0,2020.0,80.6
30.0,11.0,2021.0,74.4
30.0,11.0,2022.0,82.0
30.0,12.0,2015.0,80.3
30.0,12.0,2016.0,71.1
30.0,12.0,2017.0,73.6
30.0,12.0,2018.0,79.5
30.0,12.0,2019.0,78.7
30.0,12.0,2020.0,76.8
30.0,12.0,2021.0,81.2
30.0,12.0,2022.0,80.0
31.0,1.0,2015.0,72.1
31.0,1.0,2016.0,75.3
31.0,1.0,2017.0,70.9
31.0,1.0,2018.0,69.9
31.0,1.0,2019.0,72.0
31.0,1.0,2020.0,80.0
31.0,1.0,2021.0,77.1
31.0,1.0,2022.0,67.7
31.0,1.0,2023.0,81.0
31.0,3.0,2015.0,79.9
31.0,3.0,2016.0,82.7
31.0,3.0,2017.0,83.9
31.0,3.0,2018.0,80.0
31.0,3.0,2019.0,80.5
31.0,3.0,2020.0,87.0
31.0,3.0,2021.0,83.5
31.0,3.0,2022.0,82.3
31.0,3.0,2023.0,79.3
31.0,5.0,2015.0,85.2
31.0,5.0,2016.0,84.9
31.0,5.0,2017.0,87.6
31.0,5.0,2018.0,82.8
31.0,5.0,2019.0,86.9
31.0,5.0,2020.0,85.5
31.0,5.0,2021.0,81.9
31.0,5.0,2022.0,82.9
31.0,5.0,2023.0,84.0
31.0,7.0,2015.0,93.6
31.0,7.0,2016.0,86.6
31.0,7.0,2017.0,81.7
31.0,7.0,2018.0,86.0
31.0,7.0,2019.0,86.4
31.0,7.0,2020.0,88.2
31.0,7.0,2021.0,88.3
31.0,7.0,2022.0,87.6
31.0,7.0,2023.0,90.6
31.0,8.0,2015.0,87.7
31.0,8.0,2016.0,81.9
31.0,8.0,2017.0,88.3
31.0,8.0,2018.0,85.2
31.0,8.0,2019.0,86.5
31.0,8.0,2020.0,89.8
31.0,8.0,2021.0,88.2
31.0,8.0,2022.0,87.2
31.0,8.0,2023.0,90.0
31.0,10.0,2015.0,83.1
31.0,10.0,2016.0,80.8
31.0,10.0,2017.0,75.3
31.0,10.0,2018.0,80.8
31.0,10.0,2019.0,86.0
31.0,10.0,2020.0,81.9
31.0,10.0,2021.0,79.9
31.0,10.0,2022.0,83.7
31.0,12.0,2015.0,81.3
31.0,12.0,2016.0,74.7
31.0,12.0,2017.0,71.3
31.0,12.0,2018.0,79.9
31.0,12.0,2019.0,78.1
31.0,12.0,2020.0,78.3
31.0,12.0,2021.0,80.3
31.0,12.0,2022.0,80.7
