month,day,year,days,high_temp,low_temp,avg_temp,departure,HDD,CDD,precipitation,new_snow,snow_depth
1,1,2021,0,82,74,78.0,8.8,0,13,0.00,0.0,0
1,2,2021,1,82,69,75.5,6.4,0,11,T,0.0,0
1,3,2021,2,84,68,76.0,7.0,0,11,0.00,0.0,0
1,4,2021,3,75,64,69.5,0.6,0,5,T,M,M
1,5,2021,4,72,56,64.0,-4.8,1,0,0.00,M,M
1,6,2021,5,75,52,63.5,-5.2,1,0,0.00,M,M
1,7,2021,6,77,52,64.5,-4.1,0,0,0.00,0.0,M
1,8,2021,7,75,63,69.0,0.4,0,4,T,0.0,M
1,9,2021,8,66,55,60.5,-8.0,4,0,0.00,M,M
1,10,2021,9,72,49,60.5,-7.9,4,0,0.00,0.0,M
1,11,2021,10,77,60,68.5,0.1,0,4,0.00,M,M
1,12,2021,11,78,67,72.5,4.2,0,8,T,M,M
1,13,2021,12,77,62,69.5,1.2,0,5,0.20,M,M
1,14,2021,13,70,59,64.5,-3.8,0,0,0.29,M,M
1,15,2021,14,76,63,69.5,1.2,0,5,0.00,M,M
1,16,2021,15,74,60,67.0,-1.3,0,2,0.00,M,M
1,17,2021,16,69,52,60.5,-7.8,4,0,0.00,0.0,0
1,18,2021,17,73,60,66.5,-1.8,0,2,0.01,0.0,0
1,19,2021,18,75,59,67.0,-1.3,0,2,0.00,0.0,0
1,20,2021,19,75,59,67.0,-1.3,0,2,0.00,0.0,0
1,21,2021,20,77,57,67.0,-1.4,0,2,0.00,0.0,0
1,22,2021,21,80,56,68.0,-0.4,0,3,0.00,0.0,M
1,23,2021,22,81,57,69.0,0.5,0,4,0.00,0.0,M
1,24,2021,23,82,65,73.5,5.0,0,9,0.00,0.0,M
1,25,2021,24,79,67,73.0,4.4,0,8,0.00,M,0
1,26,2021,25,83,67,75.0,6.3,0,10,0.00,0.0,M
1,27,2021,26,86,66,76.0,7.2,0,11,0.00,M,0
1,28,2021,27,76,57,66.5,-2.4,0,2,0.00,M,0
1,29,2021,28,74,55,64.5,-4.4,0,0,0.00,M,0
1,30,2021,29,75,58,66.5,-2.5,0,2,0.00,0.0,M
1,31,2021,30,78,68,73.0,3.9,0,8,0.00,0.0,M
2,1,2021,31,76,57,66.5,-2.8,0,2,0.02,0.0,M
2,2,2021,32,65,52,58.5,-10.9,6,0,0.00,0.0,0
2,3,2021,33,67,50,58.5,-11.0,6,0,0.00,M,0
2,4,2021,34,72,49,60.5,-9.1,4,0,0.00,0.0,M
2,5,2021,35,78,56,67.0,-2.7,0,2,0.00,0.0,M
2,6,2021,36,82,71,76.5,6.7,0,12,0.98,0.0,M
2,7,2021,37,86,72,79.0,9.1,0,14,0.00,0.0,M
2,8,2021,38,85,72,78.5,8.4,0,14,0.00,M,M
2,9,2021,39,83,70,76.5,6.3,0,12,0.00,M,M
2,10,2021,40,83,70,76.5,6.2,0,12,0.00,M,M
2,11,2021,41,81,73,77.0,6.6,0,12,0.00,0.0,M
2,12,2021,42,84,72,78.0,7.5,0,13,0.00,M,M
2,13,2021,43,83,75,79.0,8.4,0,14,T,M,M
2,14,2021,44,86,76,81.0,10.3,0,16,0.00,M,M
2,15,2021,45,86,75,80.5,9.7,0,16,0.22,M,M
2,16,2021,46,83,72,77.5,6.6,0,13,1.24,0.0,0
2,17,2021,47,83,72,77.5,6.5,0,13,0.02,0.0,0
2,18,2021,48,85,75,80.0,8.9,0,15,0.00,0.0,M
2,19,2021,49,85,67,76.0,4.8,0,11,0.21,0.0,M
2,20,2021,50,76,62,69.0,-2.3,0,4,0.00,0.0,M
2,21,2021,51,76,64,70.0,-1.4,0,5,0.01,0.0,M
2,22,2021,52,81,70,75.5,4.0,0,11,T,0.0,M
2,23,2021,53,85,71,78.0,6.5,0,13,0.06,0.0,M
2,24,2021,54,80,70,75.0,3.4,0,10,0.13,0.0,0
2,25,2021,55,86,68,77.0,5.3,0,12,T,0.0,0
2,26,2021,56,84,71,77.5,5.7,0,13,0.01,0.0,0
2,27,2021,57,83,75,79.0,7.2,0,14,0.00,0.0,0
2,28,2021,58,84,75,79.5,7.6,0,15,T,0.0,M
3,1,2021,59,84,73,78.5,6.5,0,14,0.00,0.0,0
3,2,2021,60,85,70,77.5,5.5,0,13,0.00,0.0,0
3,3,2021,61,86,67,76.5,4.4,0,12,0.00,0.0,0
3,4,2021,62,73,60,66.5,-5.7,0,2,0.00,0.0,M
3,5,2021,63,80,62,71.0,-1.2,0,6,0.00,0.0,M
3,6,2021,64,79,63,71.0,-1.3,0,6,1.42,0.0,M
3,7,2021,65,78,61,69.5,-2.8,0,5,0.00,M,M
3,8,2021,66,73,57,65.0,-7.4,0,0,T,0.0,M
3,9,2021,67,75,68,71.5,-1.0,0,7,T,0.0,M
3,10,2021,68,78,68,73.0,0.5,0,8,0.09,0.0,M
3,11,2021,69,80,67,73.5,0.9,0,9,0.02,0.0,0
3,12,2021,70,80,69,74.5,1.8,0,10,0.00,0.0,0
3,13,2021,71,81,70,75.5,2.8,0,11,0.00,0.0,0
3,14,2021,72,82,65,73.5,0.7,0,9,0.00,0.0,0
3,15,2021,73,83,65,74.0,1.1,0,9,0.00,0.0,0
3,16,2021,74,81,71,76.0,3.0,0,11,0.00,0.0,0
3,17,2021,75,83,72,77.5,4.4,0,13,0.00,0.0,M
3,18,2021,76,85,74,79.5,6.3,0,15,0.00,0.0,0
3,19,2021,77,85,64,74.5,1.3,0,10,0.34,0.0,0
3,20,2021,78,82,58,70.0,-3.3,0,5,0.00,0.0,0
3,21,2021,79,78,60,69.0,-4.4,0,4,0.00,0.0,0
3,22,2021,80,78,58,68.0,-5.5,0,3,0.00,0.0,0
3,23,2021,81,80,62,71.0,-2.6,0,6,0.00,0.0,0
3,24,2021,82,84,61,72.5,-1.3,0,8,0.00,0.0,0
3,25,2021,83,86,74,80.0,6.1,0,15,0.00,0.0,0
3,26,2021,84,85,76,80.5,6.5,0,16,0.00,0.0,0
3,27,2021,85,85,74,79.5,5.4,0,15,T,0.0,0
3,28,2021,86,85,76,80.5,6.3,0,16,0.00,0.0,0
3,29,2021,87,86,73,79.5,5.1,0,15,0.00,0.0,0
3,30,2021,88,86,76,81.0,6.5,0,16,0.00,0.0,0
3,31,2021,89,86,75,80.5,5.9,0,16,T,0.0,0
4,1,2021,90,89,70,79.5,4.8,0,15,0.06,0.0,0
4,2,2021,91,78,61,69.5,-5.4,0,5,T,0.0,0
4,3,2021,92,75,63,69.0,-6.0,0,4,0.00,0.0,0
4,4,2021,93,77,67,72.0,-3.2,0,7,0.00,0.0,0
4,5,2021,94,78,65,71.5,-3.8,0,7,0.00,M,M
4,6,2021,95,80,61,70.5,-4.9,0,6,0.00,M,M
4,7,2021,96,81,62,71.5,-4.1,0,7,0.00,M,M
4,8,2021,97,81,63,72.0,-3.7,0,7,0.00,0.0,0
4,9,2021,98,81,68,74.5,-1.4,0,10,0.00,0.0,0
4,10,2021,99,85,71,78.0,2.0,0,13,0.00,0.0,0
4,11,2021,100,91,66,78.5,2.4,0,14,0.82,0.0,0
4,12,2021,101,87,67,77.0,0.7,0,12,0.59,0.0,M
4,13,2021,102,88,68,78.0,1.6,0,13,0.00,0.0,M
4,14,2021,103,83,71,77.0,0.4,0,12,0.00,0.0,0
4,15,2021,104,84,70,77.0,0.3,0,12,0.00,M,M
4,16,2021,105,88,69,78.5,1.7,0,14,0.00,0.0,M
4,17,2021,106,90,71,80.5,3.5,0,16,0.00,0.0,M
4,18,2021,107,89,73,81.0,3.9,0,16,0.00,0.0,M
4,19,2021,108,92,74,83.0,5.8,0,18,0.04,0.0,M
4,20,2021,109,85,70,77.5,0.2,0,13,1.17,0.0,0
4,21,2021,110,88,76,82.0,4.5,0,17,0.13,0.0,0
4,22,2021,111,85,73,79.0,1.4,0,14,0.00,0.0,0
4,23,2021,112,84,74,79.0,1.3,0,14,0.00,0.0,0
4,24,2021,113,86,76,81.0,3.2,0,16,0.00,0.0,0
4,25,2021,114,93,76,84.5,6.6,0,20,T,0.0,0
4,26,2021,115,86,75,80.5,2.5,0,16,0.00,0.0,0
4,27,2021,116,84,73,78.5,0.3,0,14,T,0.0,0
4,28,2021,117,84,73,78.5,0.2,0,14,0.00,M,M
4,29,2021,118,87,77,82.0,3.6,0,17,0.00,M,M
4,30,2021,119,88,76,82.0,3.5,0,17,T,M,M
5,1,2021,120,91,74,82.5,3.9,0,18,0.00,0.0,0
5,2,2021,121,89,75,82.0,3.3,0,17,0.00,0.0,0
5,3,2021,122,88,78,83.0,4.2,0,18,0.00,0.0,0
5,4,2021,123,89,79,84.0,5.1,0,19,0.00,0.0,0
5,5,2021,124,89,78,83.5,4.5,0,19,0.00,0.0,0
5,6,2021,125,91,71,81.0,1.9,0,16,0.66,0.0,0
5,7,2021,126,93,74,83.5,4.3,0,19,0.19,0.0,0
5,8,2021,127,85,74,79.5,0.2,0,15,0.00,0.0,0
5,9,2021,128,84,77,80.5,1.1,0,16,0.61,0.0,0
5,10,2021,129,88,76,82.0,2.5,0,17,0.04,M,M
5,11,2021,130,90,76,83.0,3.5,0,18,0.00,M,M
5,12,2021,131,89,75,82.0,2.4,0,17,0.93,0.0,M
5,13,2021,132,94,75,84.5,4.8,0,20,0.19,0.0,0
5,14,2021,133,87,75,81.0,1.2,0,16,0.01,M,M
5,15,2021,134,86,74,80.0,0.1,0,15,0.00,0.0,0
5,16,2021,135,85,74,79.5,-0.5,0,15,0.01,0.0,0
5,17,2021,136,84,75,79.5,-0.6,0,15,0.00,0.0,0
5,18,2021,137,86,77,81.5,1.3,0,17,T,M,M
5,19,2021,138,85,76,80.5,0.2,0,16,T,M,M
5,20,2021,139,85,78,81.5,1.1,0,17,T,M,M
5,21,2021,140,84,74,79.0,-1.5,0,14,T,0.0,0
5,22,2021,141,84,74,79.0,-1.6,0,14,T,0.0,0
5,23,2021,142,84,74,79.0,-1.7,0,14,0.00,M,M
5,24,2021,143,84,73,78.5,-2.3,0,14,0.00,M,M
5,25,2021,144,85,75,80.0,-0.9,0,15,0.00,0.0,0
5,26,2021,145,86,76,81.0,0.0,0,16,0.00,M,M
5,27,2021,146,87,74,80.5,-0.7,0,16,0.00,M,M
5,28,2021,147,87,76,81.5,0.2,0,17,0.00,0.0,0
5,29,2021,148,88,74,81.0,-0.4,0,16,0.00,0.0,0
5,30,2021,149,88,76,82.0,0.5,0,17,0.04,0.0,0
5,31,2021,150,89,76,82.5,0.9,0,18,0.00,M,M
6,1,2021,151,86,76,81.0,-0.7,0,16,T,0.0,0
6,2,2021,152,86,75,80.5,-1.3,0,16,0.72,0.0,0
6,3,2021,153,85,75,80.0,-1.9,0,15,0.61,0.0,0
6,4,2021,154,88,75,81.5,-0.5,0,17,0.06,0.0,0
6,5,2021,155,88,79,83.5,1.5,0,19,0.02,0.0,0
6,6,2021,156,88,80,84.0,1.9,0,19,0.01,0.0,0
6,7,2021,157,89,80,84.5,2.3,0,20,0.00,0.0,0
6,8,2021,158,88,78,83.0,0.7,0,18,0.02,0.0,0
6,9,2021,159,89,78,83.5,1.1,0,19,0.00,0.0,0
6,10,2021,160,89,80,84.5,2.0,0,20,0.00,0.0,0
6,11,2021,161,90,79,84.5,1.9,0,20,0.00,0.0,0
6,12,2021,162,90,80,85.0,2.4,0,20,0.09,0.0,0
6,13,2021,163,94,78,86.0,3.3,0,21,T,0.0,0
6,14,2021,164,86,74,80.0,-2.8,0,15,0.79,M,M
6,15,2021,165,89,74,81.5,-1.4,0,17,0.72,M,M
6,16,2021,166,88,73,80.5,-2.4,0,16,0.61,0.0,0
6,17,2021,167,89,73,81.0,-2.0,0,16,T,0.0,0
6,18,2021,168,90,76,83.0,-0.1,0,18,0.03,0.0,0
6,19,2021,169,90,82,86.0,2.9,0,21,0.00,0.0,0
6,20,2021,170,92,74,83.0,-0.2,0,18,1.10,0.0,0
6,21,2021,171,92,81,86.5,3.3,0,22,0.00,0.0,0
6,22,2021,172,92,75,83.5,0.2,0,19,0.19,0.0,0
6,23,2021,173,92,75,83.5,0.2,0,19,0.59,0.0,0
6,24,2021,174,85,75,80.0,-3.4,0,15,0.22,0.0,0
6,25,2021,175,87,76,81.5,-1.9,0,17,0.36,0.0,0
6,26,2021,176,88,76,82.0,-1.5,0,17,0.51,0.0,0
6,27,2021,177,90,78,84.0,0.5,0,19,0.14,M,M
6,28,2021,178,86,76,81.0,-2.5,0,16,0.79,M,M
6,29,2021,179,89,73,81.0,-2.6,0,16,3.86,0.0,0
6,30,2021,180,86,75,80.5,-3.1,0,16,1.00,0.0,0
7,1,2021,181,82,75,78.5,-5.1,0,14,0.06,0.0,0
7,2,2021,182,90,76,83.0,-0.7,0,18,0.56,0.0,0
7,3,2021,183,94,76,85.0,1.3,0,20,0.00,M,M
7,4,2021,184,92,80,86.0,2.3,0,21,0.00,0.0,0
7,5,2021,185,91,73,82.0,-1.8,0,17,1.20,0.0,0
7,6,2021,186,85,76,80.5,-3.3,0,16,0.44,0.0,M
7,7,2021,187,90,80,85.0,1.2,0,20,0.00,0.0,0
7,8,2021,188,90,78,84.0,0.2,0,19,T,0.0,M
7,9,2021,189,91,78,84.5,0.6,0,20,T,0.0,0
7,10,2021,190,89,75,82.0,-1.9,0,17,0.18,0.0,0
7,11,2021,191,89,75,82.0,-1.9,0,17,0.20,0.0,0
7,12,2021,192,85,71,78.0,-5.9,0,13,1.26,0.0,0
7,13,2021,193,87,76,81.5,-2.5,0,17,1.68,0.0,0
7,14,2021,194,88,76,82.0,-2.0,0,17,0.02,0.0,0
7,15,2021,195,90,80,85.0,1.0,0,20,T,0.0,0
7,16,2021,196,89,78,83.5,-0.6,0,19,0.10,0.0,0
7,17,2021,197,89,76,82.5,-1.6,0,18,0.50,0.0,0
7,18,2021,198,90,80,85.0,0.9,0,20,T,0.0,0
7,19,2021,199,90,80,85.0,0.9,0,20,0.00,0.0,0
7,20,2021,200,90,78,84.0,-0.2,0,19,0.46,0.0,0
7,21,2021,201,92,78,85.0,0.8,0,20,0.05,0.0,0
7,22,2021,202,94,81,87.5,3.3,0,23,0.27,M,M
7,23,2021,203,91,77,84.0,-0.2,0,19,0.48,M,M
7,24,2021,204,91,78,84.5,0.2,0,20,0.10,M,M
7,25,2021,205,91,77,84.0,-0.3,0,19,T,M,M
7,26,2021,206,90,79,84.5,0.2,0,20,0.00,0.0,0
7,27,2021,207,92,78,85.0,0.7,0,20,T,0.0,0
7,28,2021,208,92,78,85.0,0.6,0,20,0.00,M,M
7,29,2021,209,92,77,84.5,0.1,0,20,0.62,0.0,0
7,30,2021,210,93,77,85.0,0.6,0,20,0.00,M,M
7,31,2021,211,92,80,86.0,1.6,0,21,0.00,0.0,0
8,1,2021,212,92,81,86.5,2.1,0,22,T,0.0,0
8,2,2021,213,91,76,83.5,-0.9,0,19,0.24,0.0,0
8,3,2021,214,89,73,81.0,-3.4,0,16,1.46,0.0,0
8,4,2021,215,91,74,82.5,-2.0,0,18,0.64,0.0,0
8,5,2021,216,92,78,85.0,0.5,0,20,T,M,M
8,6,2021,217,91,81,86.0,1.5,0,21,0.00,M,M
8,7,2021,218,90,77,83.5,-1.0,0,19,0.03,0.0,M
8,8,2021,219,91,79,85.0,0.6,0,20,0.07,0.0,M
8,9,2021,220,91,82,86.5,2.1,0,22,0.18,0.0,0
8,10,2021,221,92,79,85.5,1.1,0,21,0.04,0.0,0
8,11,2021,222,92,80,86.0,1.6,0,21,0.01,M,M
8,12,2021,223,92,75,83.5,-0.9,0,19,0.93,0.0,0
8,13,2021,224,90,76,83.0,-1.4,0,18,0.44,0.0,0
8,14,2021,225,88,76,82.0,-2.4,0,17,0.65,0.0,0
8,15,2021,226,87,76,81.5,-2.8,0,17,0.63,0.0,0
8,16,2021,227,91,79,85.0,0.7,0,20,0.03,0.0,0
8,17,2021,228,92,80,86.0,1.7,0,21,T,0.0,0
8,18,2021,229,92,83,87.5,3.3,0,23,0.00,0.0,0
8,19,2021,230,92,81,86.5,2.3,0,22,0.15,M,M
8,20,2021,231,92,78,85.0,0.8,0,20,0.00,M,M
8,21,2021,232,91,79,85.0,0.9,0,20,0.00,M,M
8,22,2021,233,92,82,87.0,2.9,0,22,0.00,0.0,0
8,23,2021,234,92,82,87.0,3.0,0,22,0.02,0.0,0
8,24,2021,235,91,84,87.5,3.5,0,23,0.00,0.0,0
8,25,2021,236,91,74,82.5,-1.4,0,18,0.12,0.0,0
8,26,2021,237,90,74,82.0,-1.9,0,17,0.20,M,M
8,27,2021,238,91,78,84.5,0.7,0,20,0.01,0.0,0
8,28,2021,239,91,84,87.5,3.7,0,23,0.00,0.0,0
8,29,2021,240,91,81,86.0,2.3,0,21,0.02,0.0,0
8,30,2021,241,90,77,83.5,-0.2,0,19,0.43,0.0,0
8,31,2021,242,94,74,84.0,0.4,0,19,0.99,M,M
9,1,2021,243,96,77,86.5,2.9,0,22,0.01,M,M
9,2,2021,244,90,74,82.0,-1.5,0,17,0.44,0.0,0
9,3,2021,245,86,75,80.5,-3.0,0,16,1.07,0.0,0
9,4,2021,246,92,74,83.0,-0.5,0,18,1.22,0.0,0
9,5,2021,247,94,76,85.0,1.6,0,20,0.28,0.0,0
9,6,2021,248,95,76,85.5,2.1,0,21,0.30,0.0,0
9,7,2021,249,91,76,83.5,0.2,0,19,T,0.0,0
9,8,2021,250,91,78,84.5,1.2,0,20,0.53,0.0,0
9,9,2021,251,93,76,84.5,1.3,0,20,T,0.0,M
9,10,2021,252,91,79,85.0,1.8,0,20,0.00,0.0,M
9,11,2021,253,91,76,83.5,0.4,0,19,0.00,0.0,M
9,12,2021,254,90,77,83.5,0.4,0,19,0.48,0.0,M
9,13,2021,255,90,79,84.5,1.4,0,20,0.18,M,M
9,14,2021,256,89,77,83.0,0.0,0,18,0.08,0.0,0
9,15,2021,257,90,77,83.5,0.5,0,19,0.29,0.0,0
9,16,2021,258,87,77,82.0,-0.9,0,17,0.03,0.0,0
9,17,2021,259,91,75,83.0,0.1,0,18,1.58,0.0,0
9,18,2021,260,92,74,83.0,0.1,0,18,0.07,0.0,0
9,19,2021,261,91,76,83.5,0.7,0,19,0.53,0.0,0
9,20,2021,262,89,77,83.0,0.2,0,18,T,0.0,0
9,21,2021,263,88,78,83.0,0.3,0,18,T,0.0,0
9,22,2021,264,88,76,82.0,-0.7,0,17,0.05,0.0,0
9,23,2021,265,88,74,81.0,-1.6,0,16,2.25,0.0,0
9,24,2021,266,89,75,82.0,-0.6,0,17,1.19,0.0,0
9,25,2021,267,91,75,83.0,0.5,0,18,1.54,0.0,0
9,26,2021,268,89,76,82.5,0.0,0,18,0.00,0.0,0
9,27,2021,269,89,76,82.5,0.1,0,18,0.00,0.0,0
9,28,2021,270,88,75,81.5,-0.9,0,17,0.00,0.0,0
9,29,2021,271,89,74,81.5,-0.8,0,17,0.00,M,M
9,30,2021,272,89,75,82.0,-0.2,0,17,0.00,0.0,M
10,1,2021,273,83,73,78.0,-4.1,0,13,0.80,0.0,M
10,2,2021,274,87,76,81.5,-0.6,0,17,0.34,0.0,0
10,3,2021,275,87,79,83.0,1.0,0,18,0.03,0.0,M
10,4,2021,276,88,73,80.5,-1.4,0,16,0.00,0.0,0
10,5,2021,277,88,76,82.0,0.2,0,17,0.00,0.0,0
10,6,2021,278,89,77,83.0,1.3,0,18,0.00,0.0,0
10,7,2021,279,90,81,85.5,4.0,0,21,0.00,0.0,0
10,8,2021,280,89,77,83.0,1.6,0,18,0.08,0.0,0
10,9,2021,281,90,73,81.5,0.2,0,17,0.56,0.0,0
10,10,2021,282,89,73,81.0,-0.2,0,16,0.12,0.0,0
10,11,2021,283,85,74,79.5,-1.5,0,15,0.16,0.0,M
10,12,2021,284,87,74,80.5,-0.4,0,16,0.00,M,M
10,13,2021,285,88,75,81.5,0.8,0,17,0.05,0.0,M
10,14,2021,286,89,76,82.5,1.9,0,18,0.01,0.0,0
10,15,2021,287,89,76,82.5,2.1,0,18,0.16,0.0,0
10,16,2021,288,90,75,82.5,2.3,0,18,0.00,0.0,0
10,17,2021,289,91,74,82.5,2.4,0,18,0.86,0.0,0
10,18,2021,290,85,76,80.5,0.6,0,16,0.00,0.0,0
10,19,2021,291,85,73,79.0,-0.7,0,14,0.00,0.0,0
10,20,2021,292,86,76,81.0,1.5,0,16,0.00,0.0,0
10,21,2021,293,87,76,81.5,2.2,0,17,T,0.0,0
10,22,2021,294,83,74,78.5,-0.6,0,14,1.01,0.0,0
10,23,2021,295,88,75,81.5,2.6,0,17,0.00,0.0,0
10,24,2021,296,86,77,81.5,2.8,0,17,0.00,0.0,M
10,25,2021,297,88,77,82.5,4.0,0,18,0.23,0.0,0
10,26,2021,298,89,78,83.5,5.2,0,19,0.01,0.0,0
10,27,2021,299,90,76,83.0,4.9,0,18,0.00,0.0,0
10,28,2021,300,90,75,82.5,4.6,0,18,0.06,0.0,0
10,29,2021,301,86,75,80.5,2.8,0,16,0.43,0.0,0
10,30,2021,302,82,72,77.0,-0.5,0,12,T,0.0,0
10,31,2021,303,84,66,75.0,-2.3,0,10,0.00,0.0,0
11,1,2021,304,83,68,75.5,-1.6,0,11,0.00,0.0,0
11,2,2021,305,78,72,75.0,-1.9,0,10,0.11,0.0,0
11,3,2021,306,84,71,77.5,0.8,0,13,0.00,M,M
11,4,2021,307,83,73,78.0,1.5,0,13,0.06,0.0,0
11,5,2021,308,79,71,75.0,-1.3,0,10,1.60,0.0,0
11,6,2021,309,76,65,70.5,-5.7,0,6,0.00,0.0,0
11,7,2021,310,76,58,67.0,-9.0,0,2,0.00,0.0,0
11,8,2021,311,77,62,69.5,-6.3,0,5,0.00,0.0,0
11,9,2021,312,80,62,71.0,-4.6,0,6,T,0.0,0
11,10,2021,313,83,66,74.5,-1.0,0,10,0.00,0.0,0
11,11,2021,314,82,75,78.5,3.2,0,14,0.04,0.0,0
11,12,2021,315,81,74,77.5,2.4,0,13,0.07,0.0,0
11,13,2021,316,85,71,78.0,3.0,0,13,0.00,0.0,0
11,14,2021,317,77,66,71.5,-3.3,0,7,0.00,0.0,0
11,15,2021,318,78,60,69.0,-5.7,0,4,0.00,0.0,M
11,16,2021,319,79,64,71.5,-3.1,0,7,0.00,0.0,M
11,17,2021,320,81,72,76.5,2.1,0,12,0.00,0.0,M
11,18,2021,321,81,71,76.0,1.7,0,11,0.55,0.0,M
11,19,2021,322,83,71,77.0,2.8,0,12,0.64,0.0,0
11,20,2021,323,81,73,77.0,2.9,0,12,0.61,0.0,M
11,21,2021,324,83,73,78.0,4.1,0,13,0.70,0.0,M
11,22,2021,325,84,69,76.5,2.7,0,12,0.00,0.0,0
11,23,2021,326,73,60,66.5,-7.2,0,2,0.00,0.0,0
11,24,2021,327,77,58,67.5,-6.1,0,3,0.00,0.0,0
11,25,2021,328,77,66,71.5,-2.0,0,7,0.00,0.0,0
11,26,2021,329,80,64,72.0,-1.4,0,7,0.00,0.0,0
11,27,2021,330,77,64,70.5,-2.8,0,6,0.00,0.0,0
11,28,2021,331,79,57,68.0,-5.2,0,3,0.00,0.0,0
11,29,2021,332,74,59,66.5,-6.6,0,2,0.00,0.0,0
11,30,2021,333,78,59,68.5,-4.5,0,4,0.00,0.0,0
12,1,2021,334,80,61,70.5,-2.4,0,6,0.00,0.0,0
12,2,2021,335,81,61,71.0,-1.9,0,6,0.00,0.0,M
12,3,2021,336,80,63,71.5,-1.3,0,7,0.00,0.0,M
12,4,2021,337,79,63,71.0,-1.7,0,6,0.00,0.0,M
12,5,2021,338,83,65,74.0,1.4,0,9,0.00,0.0,M
12,6,2021,339,83,72,77.5,5.0,0,13,0.25,0.0,0
12,7,2021,340,85,69,77.0,4.6,0,12,0.00,0.0,0
12,8,2021,341,84,67,75.5,3.2,0,11,0.00,0.0,0
12,9,2021,342,85,69,77.0,4.9,0,12,0.00,0.0,0
12,10,2021,343,83,71,77.0,5.0,0,12,0.00,0.0,0
12,11,2021,344,83,71,77.0,5.1,0,12,0.00,0.0,0
12,12,2021,345,84,70,77.0,5.2,0,12,0.00,0.0,M
12,13,2021,346,84,74,79.0,7.3,0,14,0.00,0.0,M
12,14,2021,347,82,72,77.0,5.4,0,12,0.06,0.0,0
12,15,2021,348,82,71,76.5,5.0,0,12,0.42,0.0,0
12,16,2021,349,82,74,78.0,6.7,0,13,T,0.0,0
12,17,2021,350,83,71,77.0,5.8,0,12,T,0.0,0
12,18,2021,351,83,73,78.0,6.9,0,13,0.24,0.0,0
12,19,2021,352,85,73,79.0,8.1,0,14,0.13,0.0,0
12,20,2021,353,83,72,77.5,6.7,0,13,0.00,0.0,0
12,21,2021,354,79,70,74.5,3.8,0,10,0.09,0.0,0
12,22,2021,355,71,62,66.5,-4.0,0,2,0.00,0.0,M
12,23,2021,356,75,56,65.5,-4.9,0,1,0.00,0.0,M
12,24,2021,357,79,58,68.5,-1.8,0,4,0.00,0.0,0
12,25,2021,358,80,62,71.0,0.9,0,6,0.00,0.0,0
12,26,2021,359,83,64,73.5,3.5,0,9,0.00,0.0,0
12,27,2021,360,83,66,74.5,4.6,0,10,0.00,0.0,0
12,28,2021,361,79,66,72.5,2.8,0,8,0.00,0.0,0
12,29,2021,362,81,69,75.0,5.4,0,10,0.00,0.0,0
12,30,2021,363,83,69,76.0,6.5,0,11,0.00,0.0,0
12,31,2021,364,82,68,75.0,5.7,0,10,0.00,0.0,0
1,1,2022,365,82,70,76.0,6.8,0,11,0.00,0.0,0
1,2,2022,366,83,71,77.0,7.9,0,12,0.00,0.0,0
1,3,2022,367,81,64,72.5,3.5,0,8,T,0.0,0
1,4,2022,368,78,62,70.0,1.1,0,5,0.00,0.0,0
1,5,2022,369,81,67,74.0,5.2,0,9,0.21,0.0,0
1,6,2022,370,80,62,71.0,2.3,0,6,0.00,0.0,0
1,7,2022,371,83,69,76.0,7.4,0,11,0.00,0.0,0
1,8,2022,372,79,72,75.5,6.9,0,11,0.17,0.0,0
1,9,2022,373,79,72,75.5,7.0,0,11,0.18,0.0,0
1,10,2022,374,82,70,76.0,7.6,0,11,T,0.0,0
1,11,2022,375,77,65,71.0,2.6,0,6,0.94,0.0,0
1,12,2022,376,76,66,71.0,2.7,0,6,0.01,0.0,0
1,13,2022,377,77,62,69.5,1.2,0,5,0.01,0.0,0
1,14,2022,378,72,57,64.5,-3.8,0,0,0.00,0.0,0
1,15,2022,379,75,51,63.0,-5.3,2,0,0.00,0.0,0
1,16,2022,380,77,63,70.0,1.7,0,5,0.22,0.0,0
1,17,2022,381,75,60,67.5,-0.8,0,3,0.00,0.0,0
1,18,2022,382,71,53,62.0,-6.3,3,0,0.00,0.0,0
1,19,2022,383,75,56,65.5,-2.8,0,1,0.00,0.0,0
1,20,2022,384,81,63,72.0,3.7,0,7,1.69,0.0,0
1,21,2022,385,82,70,76.0,7.6,0,11,2.39,0.0,0
1,22,2022,386,79,64,71.5,3.1,0,7,0.01,0.0,0
1,23,2022,387,64,50,57.0,-11.5,8,0,T,0.0,0
1,24,2022,388,65,46,55.5,-13.0,9,0,0.00,0.0,0
1,25,2022,389,74,50,62.0,-6.6,3,0,T,0.0,M
1,26,2022,390,82,69,75.5,6.8,0,11,0.04,0.0,M
1,27,2022,391,82,66,74.0,5.2,0,9,0.11,0.0,M
1,28,2022,392,75,63,69.0,0.1,0,4,0.00,0.0,M
1,29,2022,393,66,46,56.0,-12.9,9,0,0.00,0.0,M
1,30,2022,394,63,42,52.5,-16.5,12,0,0.00,0.0,M
1,31,2022,395,71,49,60.0,-9.1,5,0,0.00,0.0,0
2,1,2022,395,75,56,65.5,-3.8,0,1,0.00,M,M
2,2,2022,396,78,67,72.5,3.1,0,8,0.00,0.0,0
2,3,2022,397,80,70,75.0,5.5,0,10,0.00,0.0,0
2,4,2022,398,81,71,76.0,6.4,0,11,0.00,0.0,0
2,5,2022,399,81,66,73.5,3.8,0,9,0.00,0.0,0
2,6,2022,400,81,67,74.0,4.2,0,9,0.00,0.0,0
2,7,2022,401,82,65,73.5,3.6,0,9,0.00,0.0,0
2,8,2022,402,82,67,74.5,4.4,0,10,0.11,0.0,0
2,9,2022,403,67,62,64.5,-5.7,0,0,0.18,0.0,0
2,10,2022,404,79,58,68.5,-1.8,0,4,0.00,0.0,0
2,11,2022,405,81,63,72.0,1.6,0,7,0.05,0.0,0
2,12,2022,406,83,68,75.5,5.0,0,11,0.01,0.0,0
2,13,2022,407,75,62,68.5,-2.1,0,4,0.91,0.0,M
2,14,2022,408,72,56,64.0,-6.7,1,0,0.00,0.0,0
2,15,2022,409,77,57,67.0,-3.8,0,2,0.00,0.0,0
2,16,2022,410,79,71,75.0,4.1,0,10,0.01,0.0,0
2,17,2022,411,81,72,76.5,5.5,0,12,0.01,0.0,0
2,18,2022,412,84,70,77.0,5.9,0,12,0.00,0.0,0
2,19,2022,413,85,71,78.0,6.8,0,13,0.30,0.0,0
2,20,2022,414,79,70,74.5,3.2,0,10,0.00,0.0,0
2,21,2022,415,80,69,74.5,3.1,0,10,0.00,0.0,0
2,22,2022,416,82,70,76.0,4.5,0,11,0.00,0.0,0
2,23,2022,417,83,71,77.0,5.5,0,12,0.00,0.0,0
2,24,2022,418,82,70,76.0,4.4,0,11,0.00,0.0,0
2,25,2022,419,82,70,76.0,4.3,0,11,0.00,0.0,0
2,26,2022,420,82,72,77.0,5.2,0,12,0.00,M,M
2,27,2022,421,84,71,77.5,5.7,0,13,T,0.0,0
2,28,2022,422,85,71,78.0,6.1,0,13,0.02,0.0,0
3,1,2022,423,82,66,74.0,2.0,0,9,0.00,0.0,0
3,2,2022,424,79,68,73.5,1.5,0,9,0.02,0.0,0
3,3,2022,425,81,69,75.0,2.9,0,10,0.07,M,M
3,4,2022,426,81,67,74.0,1.8,0,9,T,M,M
3,5,2022,427,81,71,76.0,3.8,0,11,T,0.0,0
3,6,2022,428,82,74,78.0,5.7,0,13,0.01,0.0,0
3,7,2022,429,83,74,78.5,6.2,0,14,0.14,0.0,0
3,8,2022,430,84,75,79.5,7.1,0,15,0.00,0.0,0
3,9,2022,431,84,74,79.0,6.5,0,14,0.00,0.0,0
3,10,2022,432,85,75,80.0,7.5,0,15,0.02,0.0,0
3,11,2022,433,86,74,80.0,7.4,0,15,0.00,0.0,M
3,12,2022,434,90,60,75.0,2.3,0,10,T,0.0,0
3,13,2022,435,74,52,63.0,-9.7,2,0,0.00,0.0,0
3,14,2022,436,77,67,72.0,-0.8,0,7,0.24,0.0,0
3,15,2022,437,79,71,75.0,2.1,0,10,0.83,0.0,0
3,16,2022,438,85,72,78.5,5.5,0,14,0.00,0.0,0
3,17,2022,439,85,73,79.0,5.9,0,14,T,0.0,0
3,18,2022,440,85,68,76.5,3.3,0,12,0.00,0.0,0
3,19,2022,441,85,74,79.5,6.3,0,15,0.00,0.0,0
3,20,2022,442,87,71,79.0,5.7,0,14,0.05,0.0,0
3,21,2022,443,79,72,75.5,2.1,0,11,0.00,0.0,0
3,22,2022,444,82,72,77.0,3.5,0,12,0.00,0.0,0
3,23,2022,445,85,76,80.5,6.9,0,16,0.00,0.0,0
3,24,2022,446,87,77,82.0,8.2,0,17,0.00,0.0,0
3,25,2022,447,80,67,73.5,-0.4,0,9,0.65,0.0,0
3,26,2022,448,79,63,71.0,-3.0,0,6,0.00,M,M
3,27,2022,449,82,62,72.0,-2.1,0,7,0.00,0.0,M
3,28,2022,450,83,62,72.5,-1.7,0,8,0.00,0.0,M
3,29,2022,451,85,63,74.0,-0.4,0,9,0.00,0.0,M
3,30,2022,452,83,73,78.0,3.5,0,13,0.00,0.0,0
3,31,2022,453,85,77,81.0,6.4,0,16,0.00,0.0,0
4,1,2022,454,88,77,82.5,7.8,0,18,0.00,M,M
4,2,2022,455,87,73,80.0,5.1,0,15,0.14,0.0,0
4,3,2022,456,87,70,78.5,3.5,0,14,0.16,0.0,0
4,4,2022,457,83,75,79.0,3.8,0,14,0.04,0.0,0
4,5,2022,458,86,76,81.0,5.7,0,16,0.00,0.0,0
4,6,2022,459,90,78,84.0,8.6,0,19,0.00,0.0,0
4,7,2022,460,92,78,85.0,9.4,0,20,0.10,0.0,0
4,8,2022,461,82,66,74.0,-1.7,0,9,0.00,0.0,0
4,9,2022,462,82,63,72.5,-3.4,0,8,0.00,0.0,0
4,10,2022,463,79,57,68.0,-8.0,0,3,0.00,0.0,0
4,11,2022,464,80,66,73.0,-3.1,0,8,0.00,0.0,0
4,12,2022,465,83,72,77.5,1.2,0,13,0.00,0.0,0
4,13,2022,466,84,74,79.0,2.6,0,14,0.00,0.0,0
4,14,2022,467,86,75,80.5,3.9,0,16,0.00,0.0,0
4,15,2022,468,83,72,77.5,0.8,0,13,2.49,0.0,0
4,16,2022,469,84,74,79.0,2.2,0,14,0.00,0.0,0
4,17,2022,470,86,74,80.0,3.0,0,15,0.00,0.0,0
4,18,2022,471,88,75,81.5,4.4,0,17,T,0.0,0
4,19,2022,472,88,73,80.5,3.3,0,16,0.00,0.0,0
4,20,2022,473,83,73,78.0,0.7,0,13,0.01,0.0,0
4,21,2022,474,83,74,78.5,1.0,0,14,0.05,0.0,0
4,22,2022,475,83,71,77.0,-0.6,0,12,0.18,0.0,0
4,23,2022,476,85,74,79.5,1.8,0,15,0.00,0.0,0
4,24,2022,477,84,74,79.0,1.2,0,14,T,0.0,0
4,25,2022,478,85,74,79.5,1.6,0,15,0.00,0.0,0
4,26,2022,479,85,74,79.5,1.5,0,15,0.00,0.0,0
4,27,2022,480,85,72,78.5,0.3,0,14,0.00,0.0,0
4,28,2022,481,88,73,80.5,2.2,0,16,0.09,0.0,0
4,29,2022,482,84,73,78.5,0.1,0,14,0.04,0.0,0
4,30,2022,483,84,70,77.0,-1.5,0,12,1.36,0.0,0
5,1,2022,484,85,72,78.5,-0.1,0,14,0.06,0.0,0
5,2,2022,485,86,75,80.5,1.8,0,16,0.00,0.0,0
5,3,2022,486,87,77,82.0,3.2,0,17,0.02,0.0,0
5,4,2022,487,88,73,80.5,1.6,0,16,0.28,0.0,0
5,5,2022,488,91,71,81.0,2.0,0,16,0.00,0.0,0
5,6,2022,489,93,76,84.5,5.4,0,20,0.00,0.0,0
5,7,2022,490,93,76,84.5,5.3,0,20,0.00,0.0,0
5,8,2022,491,94,75,84.5,5.2,0,20,0.15,0.0,0
5,9,2022,492,87,72,79.5,0.1,0,15,0.00,0.0,0
5,10,2022,493,85,70,77.5,-2.0,0,13,0.00,0.0,0
5,11,2022,494,88,68,78.0,-1.5,0,13,T,0.0,0
5,12,2022,495,84,68,76.0,-3.6,0,11,0.16,0.0,0
5,13,2022,496,86,70,78.0,-1.7,0,13,0.00,0.0,0
5,14,2022,497,89,74,81.5,1.7,0,17,T,0.0,0
5,15,2022,498,89,76,82.5,2.6,0,18,0.07,0.0,0
5,16,2022,499,89,73,81.0,1.0,0,16,0.45,0.0,0
5,17,2022,500,89,74,81.5,1.4,0,17,T,0.0,0
5,18,2022,501,91,76,83.5,3.3,0,19,0.00,0.0,0
5,19,2022,502,90,78,84.0,3.7,0,19,0.00,0.0,0
5,20,2022,503,91,75,83.0,2.6,0,18,1.65,M,M
5,21,2022,504,88,82,85.0,4.5,0,20,0.00,M,M
5,22,2022,505,89,81,85.0,4.4,0,20,0.00,0.0,0
5,23,2022,506,88,78,83.0,2.3,0,18,0.03,0.0,0
5,24,2022,507,88,78,83.0,2.2,0,18,0.00,0.0,0
5,25,2022,508,88,79,83.5,2.6,0,19,T,0.0,0
5,26,2022,509,88,79,83.5,2.5,0,19,0.00,0.0,0
5,27,2022,510,89,78,83.5,2.3,0,19,T,0.0,0
5,28,2022,511,89,71,80.0,-1.3,0,15,0.37,0.0,0
5,29,2022,512,89,70,79.5,-1.9,0,15,0.41,0.0,0
5,30,2022,513,88,71,79.5,-2.0,0,15,0.76,0.0,0
5,31,2022,514,86,76,81.0,-0.6,0,16,0.06,0.0,0
6,1,2022,515,92,68,80.0,-1.7,0,15,2.32,0.0,0
6,2,2022,516,88,74,81.0,-0.8,0,16,0.27,0.0,0
6,3,2022,517,78,71,74.5,-7.4,0,10,3.39,0.0,0
6,4,2022,518,86,72,79.0,-3.0,0,14,5.26,0.0,0
6,5,2022,519,89,73,81.0,-1.0,0,16,0.00,0.0,0
6,6,2022,520,87,76,81.5,-0.6,0,17,0.02,0.0,M
6,7,2022,521,87,75,81.0,-1.2,0,16,0.08,0.0,M
6,8,2022,522,88,73,80.5,-1.8,0,16,0.11,0.0,0
6,9,2022,523,91,73,82.0,-0.4,0,17,0.25,0.0,0
6,10,2022,524,89,75,82.0,-0.5,0,17,0.05,M,M
6,11,2022,525,87,73,80.0,-2.6,0,15,0.03,0.0,0
6,12,2022,526,92,74,83.0,0.4,0,18,0.88,0.0,0
6,13,2022,527,91,77,84.0,1.3,0,19,T,0.0,0
6,14,2022,528,90,79,84.5,1.7,0,20,0.05,0.0,0
6,15,2022,529,90,79,84.5,1.6,0,20,0.00,0.0,0
6,16,2022,530,91,80,85.5,2.6,0,21,0.00,0.0,0
6,17,2022,531,90,74,82.0,-1.0,0,17,0.11,0.0,0
6,18,2022,532,90,77,83.5,0.4,0,19,0.00,0.0,0
6,19,2022,533,92,76,84.0,0.9,0,19,1.91,0.0,0
6,20,2022,534,89,76,82.5,-0.7,0,18,0.01,0.0,0
6,21,2022,535,88,77,82.5,-0.7,0,18,0.21,0.0,M
6,22,2022,536,86,75,80.5,-2.8,0,16,0.02,0.0,M
6,23,2022,537,89,76,82.5,-0.8,0,18,0.00,0.0,0
6,24,2022,538,91,78,84.5,1.1,0,20,0.00,0.0,0
6,25,2022,539,91,76,83.5,0.1,0,19,0.64,0.0,0
6,26,2022,540,90,78,84.0,0.5,0,19,0.00,0.0,0
6,27,2022,541,90,77,83.5,0.0,0,19,0.00,M,M
6,28,2022,542,90,80,85.0,1.5,0,20,0.00,M,M
6,29,2022,543,91,78,84.5,0.9,0,20,T,0.0,0
6,30,2022,544,91,80,85.5,1.9,0,21,0.00,0.0,0
7,1,2022,545,90,81,85.5,1.9,0,21,0.01,0.0,0
7,2,2022,546,90,79,84.5,0.8,0,20,0.00,0.0,0
7,3,2022,547,91,79,85.0,1.3,0,20,T,0.0,0
7,4,2022,548,91,81,86.0,2.3,0,21,T,0.0,0
7,5,2022,549,91,79,85.0,1.2,0,20,0.07,0.0,0
7,6,2022,550,91,80,85.5,1.7,0,21,0.07,0.0,0
7,7,2022,551,91,79,85.0,1.2,0,20,0.04,0.0,0
7,8,2022,552,91,80,85.5,1.7,0,21,0.29,0.0,0
7,9,2022,553,92,80,86.0,2.1,0,21,0.08,0.0,0
7,10,2022,554,93,80,86.5,2.6,0,22,0.10,0.0,0
7,11,2022,555,94,79,86.5,2.6,0,22,0.00,0.0,M
7,12,2022,556,92,81,86.5,2.6,0,22,T,0.0,0
7,13,2022,557,93,82,87.5,3.5,0,23,0.00,0.0,0
7,14,2022,558,90,76,83.0,-1.0,0,18,0.11,0.0,0
7,15,2022,559,87,74,80.5,-3.5,0,16,0.77,0.0,0
7,16,2022,560,88,73,80.5,-3.6,0,16,0.85,0.0,0
7,17,2022,561,91,78,84.5,0.4,0,20,0.01,M,M
7,18,2022,562,90,81,85.5,1.4,0,21,0.00,0.0,0
7,19,2022,563,90,79,84.5,0.4,0,20,0.00,0.0,0
7,20,2022,564,90,81,85.5,1.3,0,21,T,0.0,0
7,21,2022,565,91,82,86.5,2.3,0,22,0.00,0.0,0
7,22,2022,566,90,78,84.0,-0.2,0,19,0.05,0.0,0
7,23,2022,567,91,79,85.0,0.8,0,20,0.01,0.0,0
7,24,2022,568,91,81,86.0,1.7,0,21,0.03,0.0,0
7,25,2022,569,91,79,85.0,0.7,0,20,0.14,0.0,0
7,26,2022,570,86,73,79.5,-4.8,0,15,1.70,0.0,0
7,27,2022,571,90,72,81.0,-3.3,0,16,0.48,0.0,0
7,28,2022,572,91,80,85.5,1.1,0,21,0.00,0.0,0
7,29,2022,573,90,81,85.5,1.1,0,21,0.00,0.0,0
7,30,2022,574,90,77,83.5,-0.9,0,19,T,0.0,0
7,31,2022,575,91,81,86.0,1.6,0,21,0.00,0.0,0
8,1,2022,576,91,80,85.5,1.1,0,21,0.00,0.0,0
8,2,2022,577,91,78,84.5,0.1,0,20,0.00,0.0,0
8,3,2022,578,90,77,83.5,-0.9,0,19,0.00,0.0,0
8,4,2022,579,90,81,85.5,1.0,0,21,0.00,M,M
8,5,2022,580,90,78,84.0,-0.5,0,19,0.41,0.0,0
8,6,2022,581,90,79,84.5,0.0,0,20,0.03,0.0,0
8,7,2022,582,88,78,83.0,-1.5,0,18,0.11,0.0,0
8,8,2022,583,90,76,83.0,-1.4,0,18,0.23,0.0,0
8,9,2022,584,90,80,85.0,0.6,0,20,0.06,0.0,0
8,10,2022,585,91,81,86.0,1.6,0,21,0.00,0.0,0
8,11,2022,586,90,82,86.0,1.6,0,21,0.00,M,M
8,12,2022,587,92,82,87.0,2.6,0,22,0.00,M,M
8,13,2022,588,92,80,86.0,1.6,0,21,0.01,0.0,0
8,14,2022,589,92,77,84.5,0.1,0,20,0.16,0.0,0
8,15,2022,590,93,76,84.5,0.2,0,20,0.81,0.0,M
8,16,2022,591,93,77,85.0,0.7,0,20,0.75,0.0,M
8,17,2022,592,96,78,87.0,2.7,0,22,0.00,0.0,0
8,18,2022,593,96,79,87.5,3.3,0,23,0.00,0.0,0
8,19,2022,594,94,81,87.5,3.3,0,23,0.00,0.0,0
8,20,2022,595,94,80,87.0,2.8,0,22,0.13,0.0,0
8,21,2022,596,93,83,88.0,3.9,0,23,T,0.0,0
8,22,2022,597,93,78,85.5,1.4,0,21,0.55,0.0,0
8,23,2022,598,93,82,87.5,3.5,0,23,0.07,0.0,0
8,24,2022,599,93,82,87.5,3.5,0,23,0.00,0.0,0
8,25,2022,600,93,83,88.0,4.1,0,23,T,0.0,0
8,26,2022,601,93,82,87.5,3.6,0,23,0.00,0.0,0
8,27,2022,602,91,79,85.0,1.2,0,20,T,0.0,0
8,28,2022,603,91,77,84.0,0.2,0,19,0.67,0.0,0
8,29,2022,604,90,76,83.0,-0.7,0,18,0.49,0.0,0
8,30,2022,605,92,82,87.0,3.3,0,22,0.02,0.0,0
8,31,2022,606,90,76,83.0,-0.6,0,18,0.67,0.0,0
9,1,2022,607,93,77,85.0,1.4,0,20,0.13,0.0,0
9,2,2022,608,93,78,85.5,2.0,0,21,0.03,0.0,0
9,3,2022,609,93,80,86.5,3.0,0,22,0.18,0.0,0
9,4,2022,610,93,81,87.0,3.5,0,22,0.00,0.0,0
9,5,2022,611,93,80,86.5,3.1,0,22,T,0.0,0
9,6,2022,612,93,79,86.0,2.6,0,21,0.03,0.0,0
9,7,2022,613,96,80,88.0,4.7,0,23,0.59,0.0,0
9,8,2022,614,93,74,83.5,0.2,0,19,0.54,0.0,0
9,9,2022,615,93,78,85.5,2.3,0,21,0.04,0.0,0
9,10,2022,616,94,83,88.5,5.3,0,24,0.00,0.0,0
9,11,2022,617,94,82,88.0,4.9,0,23,0.00,0.0,0
9,12,2022,618,93,78,85.5,2.4,0,21,0.14,0.0,0
9,13,2022,619,93,76,84.5,1.4,0,20,0.18,0.0,0
9,14,2022,620,88,75,81.5,-1.5,0,17,2.61,0.0,0
9,15,2022,621,90,75,82.5,-0.5,0,18,0.45,0.0,0
9,16,2022,622,90,75,82.5,-0.4,0,18,0.84,0.0,0
9,17,2022,623,92,75,83.5,0.6,0,19,0.35,0.0,0
9,18,2022,624,88,75,81.5,-1.4,0,17,0.03,0.0,0
9,19,2022,625,89,76,82.5,-0.3,0,18,T,0.0,M
9,20,2022,626,93,78,85.5,2.7,0,21,0.00,0.0,M
9,21,2022,627,94,80,87.0,4.3,0,22,0.09,0.0,0
9,22,2022,628,94,79,86.5,3.8,0,22,T,0.0,0
9,23,2022,629,95,78,86.5,3.9,0,22,0.00,0.0,0
9,24,2022,630,91,76,83.5,0.9,0,19,0.39,0.0,0
9,25,2022,631,91,77,84.0,1.5,0,19,0.00,0.0,0
9,26,2022,632,90,75,82.5,0.0,0,18,1.67,0.0,0
9,27,2022,633,84,76,80.0,-2.4,0,15,3.54,0.0,0
9,28,2022,634,86,79,82.5,0.1,0,18,0.32,0.0,0
9,29,2022,635,87,73,80.0,-2.3,0,15,0.00,0.0,0
9,30,2022,636,85,69,77.0,-5.2,0,12,0.00,0.0,0
10,1,2022,637,86,75,80.5,-1.6,0,16,T,0.0,0
10,2,2022,638,88,75,81.5,-0.6,0,17,0.02,0.0,0
10,3,2022,639,90,74,82.0,0.0,0,17,0.00,0.0,0
10,4,2022,640,89,75,82.0,0.1,0,17,0.00,0.0,0
10,5,2022,641,88,73,80.5,-1.3,0,16,T,0.0,0
10,6,2022,642,86,75,80.5,-1.2,0,16,T,0.0,0
10,7,2022,643,87,75,81.0,-0.5,0,16,0.00,0.0,0
10,8,2022,644,86,75,80.5,-0.9,0,16,0.23,0.0,0
10,9,2022,645,85,76,80.5,-0.8,0,16,2.23,0.0,0
10,10,2022,646,90,76,83.0,1.8,0,18,0.00,0.0,M
10,11,2022,647,91,79,85.0,4.0,0,20,0.00,0.0,M
10,12,2022,648,91,81,86.0,5.1,0,21,0.00,0.0,M
10,13,2022,649,90,76,83.0,2.3,0,18,1.67,0.0,0
10,14,2022,650,88,76,82.0,1.4,0,17,0.23,0.0,0
10,15,2022,651,89,77,83.0,2.6,0,18,0.04,0.0,0
10,16,2022,652,88,79,83.5,3.3,0,19,0.00,0.0,0
10,17,2022,653,87,78,82.5,2.4,0,18,0.04,0.0,0
10,18,2022,654,89,78,83.5,3.6,0,19,T,0.0,0
10,19,2022,655,79,63,71.0,-8.7,0,6,0.35,0.0,0
10,20,2022,656,81,64,72.5,-7.0,0,8,0.00,0.0,0
10,21,2022,657,83,67,75.0,-4.3,0,10,0.03,0.0,0
10,22,2022,658,86,68,77.0,-2.1,0,12,0.00,0.0,0
10,23,2022,659,86,71,78.5,-0.4,0,14,0.01,0.0,0
10,24,2022,660,86,72,79.0,0.3,0,14,0.00,0.0,0
10,25,2022,661,89,71,80.0,1.5,0,15,0.00,M,M
10,26,2022,662,87,69,78.0,-0.3,0,13,0.00,0.0,0
10,27,2022,663,88,72,80.0,1.9,0,15,0.00,M,M
10,28,2022,664,87,72,79.5,1.6,0,15,0.00,0.0,0
10,29,2022,665,88,75,81.5,3.8,0,17,0.00,0.0,0
10,30,2022,666,87,77,82.0,4.5,0,17,T,0.0,0
10,31,2022,667,88,76,82.0,4.7,0,17,0.00,0.0,0
11,1,2022,668,90,79,84.5,7.4,0,20,0.02,0.0,0
11,2,2022,669,90,79,84.5,7.6,0,20,0.00,0.0,M
11,3,2022,670,88,76,82.0,5.3,0,17,0.14,0.0,0
11,4,2022,671,86,73,79.5,3.0,0,15,0.02,0.0,0
11,5,2022,672,87,73,80.0,3.7,0,15,0.01,0.0,0
11,6,2022,673,87,72,79.5,3.3,0,15,0.34,0.0,0
11,7,2022,674,86,74,80.0,4.0,0,15,0.02,0.0,0
11,8,2022,675,86,71,78.5,2.7,0,14,0.59,0.0,0
11,9,2022,676,78,69,73.5,-2.1,0,9,1.35,0.0,0
11,10,2022,677,85,70,77.5,2.0,0,13,T,0.0,0
11,11,2022,678,88,72,80.0,4.7,0,15,0.00,0.0,0
11,12,2022,679,86,72,79.0,3.9,0,14,0.02,0.0,0
11,13,2022,680,88,69,78.5,3.5,0,14,0.00,0.0,0
11,14,2022,681,86,73,79.5,4.7,0,15,0.00,0.0,0
11,15,2022,682,86,73,79.5,4.8,0,15,0.00,0.0,0
11,16,2022,683,87,71,79.0,4.4,0,14,T,0.0,0
11,17,2022,684,81,69,75.0,0.6,0,10,0.00,0.0,0
11,18,2022,685,81,65,73.0,-1.3,0,8,0.00,0.0,0
11,19,2022,686,81,70,75.5,1.3,0,11,0.01,0.0,0
11,20,2022,687,78,69,73.5,-0.6,0,9,4.46,0.0,0
11,21,2022,688,78,72,75.0,1.1,0,10,1.06,0.0,0
11,22,2022,689,85,72,78.5,4.7,0,14,0.10,0.0,0
11,23,2022,690,86,69,77.5,3.8,0,13,0.00,0.0,0
11,24,2022,691,87,73,80.0,6.4,0,15,0.00,0.0,0
11,25,2022,692,88,77,82.5,9.0,0,18,0.00,0.0,0
11,26,2022,693,87,75,81.0,7.6,0,16,0.00,0.0,0
11,27,2022,694,89,75,82.0,8.7,0,17,T,0.0,0
11,28,2022,695,88,73,80.5,7.3,0,16,0.03,0.0,0
11,29,2022,696,84,73,78.5,5.4,0,14,0.00,0.0,0
11,30,2022,697,86,73,79.5,6.5,0,15,0.32,0.0,0
12,1,2022,698,83,74,78.5,5.6,0,14,0.07,0.0,0
12,2,2022,699,82,74,78.0,5.1,0,13,0.00,0.0,0
12,3,2022,700,83,73,78.0,5.2,0,13,0.00,0.0,0
12,4,2022,701,82,69,75.5,2.8,0,11,0.00,0.0,0
12,5,2022,702,83,69,76.0,3.4,0,11,0.00,0.0,0
12,6,2022,703,83,72,77.5,5.0,0,13,0.02,0.0,0
12,7,2022,704,84,71,77.5,5.1,0,13,0.02,M,M
12,8,2022,705,82,69,75.5,3.2,0,11,0.00,0.0,0
12,9,2022,706,82,67,74.5,2.4,0,10,0.00,0.0,0
12,10,2022,707,82,68,75.0,3.0,0,10,0.00,0.0,0
12,11,2022,708,82,64,73.0,1.1,0,8,0.00,0.0,0
12,12,2022,709,80,64,72.0,0.2,0,7,0.00,0.0,0
12,13,2022,710,82,64,73.0,1.3,0,8,0.01,0.0,0
12,14,2022,711,82,66,74.0,2.4,0,9,0.00,0.0,0
12,15,2022,712,85,74,79.5,8.0,0,15,0.00,0.0,0
12,16,2022,713,81,69,75.0,3.7,0,10,0.17,0.0,0
12,17,2022,714,80,68,74.0,2.8,0,9,0.16,0.0,0
12,18,2022,715,81,67,74.0,2.9,0,9,0.07,0.0,0
12,19,2022,716,79,63,71.0,0.1,0,6,0.00,0.0,0
12,20,2022,717,81,69,75.0,4.2,0,10,0.38,0.0,0
12,21,2022,718,82,68,75.0,4.3,0,10,0.01,0.0,0
12,22,2022,719,85,68,76.5,6.0,0,12,0.00,0.0,0
12,23,2022,720,82,59,70.5,0.1,0,6,0.27,0.0,0
12,24,2022,721,59,48,53.5,-16.8,11,0,T,0.0,0
12,25,2022,722,50,45,47.5,-22.6,17,0,0.03,0.0,0
12,26,2022,723,56,48,52.0,-18.0,13,0,0.38,0.0,0
12,27,2022,724,73,56,64.5,-5.4,0,0,0.14,0.0,M
12,28,2022,725,79,58,68.5,-1.2,0,4,0.00,0.0,0
12,29,2022,726,80,69,74.5,4.9,0,10,0.00,0.0,0
12,30,2022,727,82,72,77.0,7.5,0,12,0.00,0.0,0
12,31,2022,728,83,70,76.5,7.2,0,12,0.00,0.0,0
1,1,2023,729,86,69,77.5,8.3,0,13,0.00,0.0,0
1,2,2023,730,84,68,76.0,6.9,0,11,0.00,0.0,M
1,3,2023,731,83,73,78.0,9.0,0,13,0.00,0.0,M
1,4,2023,732,84,73,78.5,9.6,0,14,0.00,0.0,M
1,5,2023,733,86,72,79.0,10.2,0,14,0.00,0.0,0
1,6,2023,734,80,66,73.0,4.3,0,8,0.00,0.0,0
1,7,2023,735,79,61,70.0,1.4,0,5,0.00,0.0,0
1,8,2023,736,80,61,70.5,1.9,0,6,0.00,0.0,0
1,9,2023,737,80,64,72.0,3.5,0,7,T,0.0,0
1,10,2023,738,81,63,72.0,3.6,0,7,0.00,0.0,0
1,11,2023,739,79,57,68.0,-0.4,0,3,0.00,0.0,0
1,12,2023,740,81,58,69.5,1.2,0,5,0.00,0.0,0
1,13,2023,741,82,59,70.5,2.2,0,6,0.03,0.0,0
1,14,2023,742,62,48,55.0,-13.3,10,0,0.00,0.0,0
1,15,2023,743,64,45,54.5,-13.8,10,0,0.00,0.0,0
1,16,2023,744,74,44,59.0,-9.3,6,0,0.00,0.0,0
1,17,2023,745,76,53,64.5,-3.8,0,0,0.00,0.0,0
1,18,2023,746,80,58,69.0,0.7,0,4,0.00,0.0,0
1,19,2023,747,84,63,73.5,5.2,0,9,0.00,0.0,0
1,20,2023,748,83,67,75.0,6.7,0,10,0.00,0.0,0
1,21,2023,749,83,67,75.0,6.6,0,10,0.00,0.0,0
1,22,2023,750,85,70,77.5,9.1,0,13,0.00,0.0,0
1,23,2023,751,88,71,79.5,11.0,0,15,0.00,0.0,0
1,24,2023,752,80,69,74.5,6.0,0,10,0.02,M,M
1,25,2023,753,84,73,78.5,9.9,0,14,T,0.0,0
1,26,2023,754,82,69,75.5,6.8,0,11,0.00,0.0,0
1,27,2023,755,72,61,66.5,-2.3,0,2,T,0.0,0
1,28,2023,756,79,64,71.5,2.6,0,7,0.00,0.0,0
1,29,2023,757,82,73,77.5,8.6,0,13,0.00,0.0,0
1,30,2023,758,84,70,77.0,8.0,0,12,T,0.0,0
1,31,2023,759,84,72,78.0,8.9,0,13,0.00,0.0,0
2,1,2023,759,85,69,77.0,7.7,0,12,0.00,0.0,0
2,2,2023,760,84,70,77.0,7.6,0,12,0.00,0.0,0
2,3,2023,761,88,69,78.5,9.0,0,14,0.00,0.0,0
2,4,2023,762,75,64,69.5,-0.1,0,5,0.32,0.0,0
2,5,2023,763,83,68,75.5,5.8,0,11,4.13,0.0,0
2,6,2023,764,82,68,75.0,5.2,0,10,0.00,0.0,M
2,7,2023,765,80,69,74.5,4.6,0,10,0.00,0.0,M
2,8,2023,766,81,70,75.5,5.4,0,11,0.00,0.0,0
2,9,2023,767,82,73,77.5,7.3,0,13,0.00,0.0,0
2,10,2023,768,83,73,78.0,7.7,0,13,0.00,0.0,0
2,11,2023,769,86,72,79.0,8.6,0,14,0.00,0.0,0
2,12,2023,770,78,65,71.5,1.0,0,7,0.66,0.0,0
2,13,2023,771,75,59,67.0,-3.6,0,2,0.00,0.0,0
2,14,2023,772,77,57,67.0,-3.7,0,2,0.00,0.0,0
2,15,2023,773,82,70,76.0,5.2,0,11,0.00,0.0,0
2,16,2023,774,83,73,78.0,7.1,0,13,0.00,0.0,0
2,17,2023,775,83,72,77.5,6.5,0,13,0.61,0.0,0
2,18,2023,776,82,71,76.5,5.4,0,12,0.00,0.0,0
2,19,2023,777,84,71,77.5,6.3,0,13,0.00,0.0,0
2,20,2023,778,85,72,78.5,7.2,0,14,0.00,0.0,0
2,21,2023,779,86,70,78.0,6.6,0,13,0.00,0.0,0
2,22,2023,780,84,69,76.5,5.0,0,12,0.00,0.0,0
2,23,2023,781,85,74,79.5,8.0,0,15,0.00,0.0,0
2,24,2023,782,86,70,78.0,6.4,0,13,0.00,0.0,0
2,25,2023,783,85,68,76.5,4.8,0,12,0.00,0.0,0
2,26,2023,784,87,69,78.0,6.2,0,13,0.00,0.0,0
2,27,2023,785,84,67,75.5,3.7,0,11,0.00,0.0,0
2,28,2023,786,88,64,76.0,4.1,0,11,0.00,0.0,0
3,1,2023,787,85,62,73.5,1.5,0,9,0.00,0.0,0
3,2,2023,788,84,70,77.0,5.0,0,12,0.00,M,M
3,3,2023,789,87,75,81.0,8.9,0,16,0.00,0.0,0
3,4,2023,790,89,71,80.0,7.8,0,15,0.00,0.0,0
3,5,2023,791,89,68,78.5,6.3,0,14,0.00,0.0,0
3,6,2023,792,91,72,81.5,9.2,0,17,0.00,0.0,0
3,7,2023,793,91,71,81.0,8.7,0,16,0.00,0.0,0
3,8,2023,794,90,74,82.0,9.6,0,17,0.01,0.0,0
3,9,2023,795,80,72,76.0,3.5,0,11,T,0.0,0
3,10,2023,796,82,66,74.0,1.5,0,9,0.00,0.0,0
3,11,2023,797,86,69,77.5,4.9,0,13,0.00,0.0,0
3,12,2023,798,88,67,77.5,4.8,0,13,0.00,0.0,0
3,13,2023,799,90,71,80.5,7.8,0,16,0.00,0.0,0
3,14,2023,800,85,71,78.0,5.2,0,13,0.00,0.0,0
3,15,2023,801,76,65,70.5,-2.4,0,6,0.03,0.0,0
3,16,2023,802,77,59,68.0,-5.0,0,3,0.00,0.0,0
3,17,2023,803,81,68,74.5,1.4,0,10,0.00,0.0,0
3,18,2023,804,87,69,78.0,4.8,0,13,0.00,0.0,0
3,19,2023,805,79,62,70.5,-2.7,0,6,0.08,0.0,0
3,20,2023,806,77,59,68.0,-5.3,0,3,0.29,0.0,0
3,21,2023,807,80,62,71.0,-2.4,0,6,0.00,0.0,0
3,22,2023,808,82,66,74.0,0.5,0,9,0.00,0.0,M
3,23,2023,809,83,73,78.0,4.4,0,13,0.00,0.0,0
3,24,2023,810,85,70,77.5,3.7,0,13,0.03,0.0,0
3,25,2023,811,86,74,80.0,6.1,0,15,0.00,0.0,0
3,26,2023,812,86,75,80.5,6.5,0,16,0.00,0.0,0
3,27,2023,813,87,75,81.0,6.9,0,16,0.00,0.0,0
3,28,2023,814,88,74,81.0,6.8,0,16,0.18,0.0,0
3,29,2023,815,88,68,78.0,3.6,0,13,0.39,0.0,0
3,30,2023,816,M,72,M,M,M,M,3.49,0.0,0
3,31,2023,817,83,73,78.0,3.4,0,13,0.00,0.0,0
4,1,2023,818,86,73,79.5,4.8,0,15,0.51,0.0,0
4,2,2023,819,90,72,81.0,6.1,0,16,0.00,0.0,0
4,3,2023,820,86,73,79.5,4.5,0,15,0.00,0.0,0
4,4,2023,821,86,76,81.0,5.8,0,16,0.00,0.0,0
4,5,2023,822,87,77,82.0,6.7,0,17,T,0.0,0
4,6,2023,823,87,77,82.0,6.6,0,17,T,0.0,0
4,7,2023,824,85,77,81.0,5.4,0,16,0.00,0.0,0
4,8,2023,825,86,75,80.5,4.8,0,16,0.04,0.0,0
4,9,2023,826,88,72,80.0,4.1,0,15,T,0.0,0
4,10,2023,827,80,70,75.0,-1.0,0,10,2.47,0.0,0
4,11,2023,828,77,68,72.5,-3.6,0,8,2.76,0.0,0
4,12,2023,829,76,69,72.5,-3.8,0,8,2.15,0.0,0
4,13,2023,830,87,73,80.0,3.6,0,15,0.00,0.0,0
4,14,2023,831,89,73,81.0,4.4,0,16,0.20,0.0,0
4,15,2023,832,89,75,82.0,5.3,0,17,0.00,0.0,0
4,16,2023,833,88,73,80.5,3.7,0,16,0.07,0.0,0
4,17,2023,834,89,69,79.0,2.0,0,14,0.25,0.0,0
4,18,2023,835,85,67,76.0,-1.1,0,11,0.00,0.0,0
4,19,2023,836,83,70,76.5,-0.7,0,12,0.00,0.0,0
4,20,2023,837,85,70,77.5,0.2,0,13,0.00,0.0,0
4,21,2023,838,85,72,78.5,1.0,0,14,0.20,0.0,0
4,22,2023,839,89,72,80.5,2.9,0,16,0.01,0.0,0
4,23,2023,840,87,73,80.0,2.3,0,15,0.00,0.0,0
4,24,2023,841,82,74,78.0,0.2,0,13,0.98,0.0,0
4,25,2023,842,87,69,78.0,0.1,0,13,0.23,0.0,0
4,26,2023,843,88,72,80.0,2.0,0,15,T,0.0,0
4,27,2023,844,89,73,81.0,2.8,0,16,0.00,0.0,0
4,28,2023,845,88,75,81.5,3.2,0,17,0.00,0.0,0
4,29,2023,846,91,78,84.5,6.1,0,20,0.08,0.0,0
4,30,2023,847,86,73,79.5,1.0,0,15,T,0.0,0
5,1,2023,848,87,70,78.5,-0.1,0,14,0.00,0.0,0
5,2,2023,849,90,71,80.5,1.8,0,16,0.00,0.0,0
5,3,2023,850,91,71,81.0,2.2,0,16,0.00,0.0,0
5,4,2023,851,88,69,78.5,-0.4,0,14,0.00,0.0,0
5,5,2023,852,88,70,79.0,0.0,0,14,0.00,0.0,0
5,6,2023,853,88,74,81.0,1.9,0,16,0.10,0.0,0
5,7,2023,854,84,74,79.0,-0.2,0,14,0.19,0.0,0
5,8,2023,855,86,72,79.0,-0.3,0,14,0.00,0.0,0
5,9,2023,856,88,72,80.0,0.6,0,15,0.00,0.0,0
5,10,2023,857,91,75,83.0,3.5,0,18,0.00,0.0,0
5,11,2023,858,88,76,82.0,2.5,0,17,0.00,0.0,0
5,12,2023,859,88,79,83.5,3.9,0,19,0.01,0.0,0
5,13,2023,860,87,79,83.0,3.3,0,18,T,0.0,0
5,14,2023,861,89,78,83.5,3.7,0,19,0.00,0.0,0
5,15,2023,862,89,75,82.0,2.1,0,17,0.65,0.0,0
5,16,2023,863,91,75,83.0,3.0,0,18,0.00,0.0,0
5,17,2023,864,91,76,83.5,3.4,0,19,0.04,0.0,0
5,18,2023,865,90,72,81.0,0.8,0,16,0.06,0.0,0
5,19,2023,866,90,76,83.0,2.7,0,18,1.00,0.0,0
5,20,2023,867,89,69,79.0,-1.4,0,14,0.00,0.0,0
5,21,2023,868,88,75,81.5,1.0,0,17,1.23,0.0,0
5,22,2023,869,89,76,82.5,1.9,0,18,0.10,0.0,0
5,23,2023,870,87,74,80.5,-0.2,0,16,0.59,0.0,0
5,24,2023,871,89,72,80.5,-0.3,0,16,0.46,0.0,0
5,25,2023,872,88,71,79.5,-1.4,0,15,0.61,0.0,0
5,26,2023,873,85,74,79.5,-1.5,0,15,0.07,0.0,0
5,27,2023,874,88,73,80.5,-0.7,0,16,0.00,0.0,0
5,28,2023,875,93,75,84.0,2.7,0,19,0.00,0.0,0
5,29,2023,876,91,73,82.0,0.6,0,17,0.01,0.0,0
5,30,2023,877,91,72,81.5,0.0,0,17,0.80,0.0,0
5,31,2023,878,87,77,82.0,0.4,0,17,T,0.0,0
6,1,2023,879,90,71,80.5,-1.2,0,16,0.04,0.0,0
6,2,2023,880,88,73,80.5,-1.3,0,16,0.02,0.0,0
6,3,2023,881,88,73,80.5,-1.4,0,16,0.18,0.0,0
6,4,2023,882,90,73,81.5,-0.5,0,17,0.33,0.0,0
6,5,2023,883,92,73,82.5,0.5,0,18,0.09,0.0,0
6,6,2023,884,85,71,78.0,-4.1,0,13,0.01,0.0,0
6,7,2023,885,89,75,82.0,-0.2,0,17,0.21,0.0,0
6,8,2023,886,91,76,83.5,1.2,0,19,0.70,0.0,0
6,9,2023,887,92,76,84.0,1.6,0,19,0.00,0.0,0
6,10,2023,888,91,77,84.0,1.5,0,19,0.00,0.0,0
6,11,2023,889,90,78,84.0,1.4,0,19,0.20,0.0,0
6,12,2023,890,89,77,83.0,0.4,0,18,0.39,0.0,0
6,13,2023,891,92,78,85.0,2.3,0,20,0.00,0.0,0
6,14,2023,892,93,77,85.0,2.2,0,20,0.00,0.0,0
6,15,2023,893,93,81,87.0,4.1,0,22,0.00,0.0,0
6,16,2023,894,95,81,88.0,5.1,0,23,0.02,0.0,0
6,17,2023,895,94,78,86.0,3.0,0,21,0.42,0.0,0
6,18,2023,896,91,77,84.0,0.9,0,19,0.07,0.0,0
6,19,2023,897,94,71,82.5,-0.6,0,18,3.04,0.0,0
6,20,2023,898,91,73,82.0,-1.2,0,17,0.11,0.0,0
6,21,2023,899,91,73,82.0,-1.2,0,17,0.00,0.0,0
6,22,2023,900,88,78,83.0,-0.3,0,18,0.07,0.0,0
6,23,2023,901,92,80,86.0,2.7,0,21,0.00,0.0,0
6,24,2023,902,92,75,83.5,0.1,0,19,0.42,0.0,0
6,25,2023,903,90,76,83.0,-0.4,0,18,1.15,0.0,0
6,26,2023,904,91,76,83.5,0.0,0,19,0.11,0.0,0
6,27,2023,905,95,78,86.5,3.0,0,22,0.00,0.0,0
6,28,2023,906,95,76,85.5,2.0,0,21,0.00,0.0,0
6,29,2023,907,95,80,87.5,3.9,0,23,0.26,0.0,0
6,30,2023,908,92,79,85.5,1.9,0,21,0.03,0.0,0
7,1,2023,909,90,79,84.5,0.9,0,20,0.47,0.0,0
7,2,2023,910,93,77,85.0,1.3,0,20,3.47,0.0,0
7,3,2023,911,94,79,86.5,2.8,0,22,0.67,0.0,0
7,4,2023,912,93,80,86.5,2.8,0,22,0.09,0.0,0
7,5,2023,913,94,80,87.0,3.2,0,22,0.01,0.0,0
7,6,2023,914,95,82,88.5,4.7,0,24,0.02,0.0,0
7,7,2023,915,97,80,88.5,4.7,0,24,0.25,0.0,0
7,8,2023,916,96,76,86.0,2.2,0,21,0.00,0.0,0
7,9,2023,917,94,75,84.5,0.6,0,20,0.00,0.0,0
7,10,2023,918,95,78,86.5,2.6,0,22,0.00,0.0,0
7,11,2023,919,96,77,86.5,2.6,0,22,0.00,0.0,0
7,12,2023,920,97,80,88.5,4.6,0,24,0.00,0.0,0
7,13,2023,921,95,80,87.5,3.5,0,23,0.02,0.0,0
7,14,2023,922,95,79,87.0,3.0,0,22,0.25,0.0,0
7,15,2023,923,93,75,84.0,0.0,0,19,0.05,0.0,0
7,16,2023,924,95,75,85.0,0.9,0,20,0.11,0.0,0
7,17,2023,925,94,77,85.5,1.4,0,21,0.32,M,M
7,18,2023,926,91,78,84.5,0.4,0,20,0.04,0.0,0
7,19,2023,927,92,79,85.5,1.4,0,21,0.18,0.0,0
7,20,2023,928,94,84,89.0,4.8,0,24,0.21,0.0,0
7,21,2023,929,94,82,88.0,3.8,0,23,0.00,0.0,0
7,22,2023,930,97,81,89.0,4.8,0,24,0.00,0.0,0
7,23,2023,931,98,82,90.0,5.8,0,25,0.00,0.0,0
7,24,2023,932,96,83,89.5,5.2,0,25,0.00,0.0,0
7,25,2023,933,95,83,89.0,4.7,0,24,0.00,0.0,0
7,26,2023,934,90,76,83.0,-1.3,0,18,0.20,0.0,0
7,27,2023,935,89,77,83.0,-1.3,0,18,0.13,0.0,0
7,28,2023,936,88,76,82.0,-2.4,0,17,0.92,0.0,0
7,29,2023,937,93,81,87.0,2.6,0,22,T,0.0,0
7,30,2023,938,94,82,88.0,3.6,0,23,0.00,0.0,0
7,31,2023,939,94,81,87.5,3.1,0,23,0.01,0.0,0
8,1,2023,940,94,81,87.5,3.1,0,23,T,0.0,0
8,2,2023,941,94,79,86.5,2.1,0,22,0.27,0.0,0
8,3,2023,942,92,79,85.5,1.1,0,21,0.46,0.0,0
8,4,2023,943,91,77,84.0,-0.5,0,19,1.69,0.0,0
8,5,2023,944,94,81,87.5,3.0,0,23,0.62,0.0,0
8,6,2023,945,95,82,88.5,4.0,0,24,0.26,0.0,0
8,7,2023,946,95,83,89.0,4.5,0,24,0.00,0.0,0
8,8,2023,947,95,83,89.0,4.6,0,24,0.02,0.0,0
8,9,2023,948,95,83,89.0,4.6,0,24,0.01,0.0,0
8,10,2023,949,94,81,87.5,3.1,0,23,0.05,0.0,0
8,11,2023,950,94,80,87.0,2.6,0,22,0.76,0.0,0
8,12,2023,951,93,83,88.0,3.6,0,23,T,0.0,0
8,13,2023,952,94,82,88.0,3.6,0,23,T,0.0,0
8,14,2023,953,94,83,88.5,4.1,0,24,0.00,0.0,0
8,15,2023,954,96,78,87.0,2.7,0,22,0.03,0.0,0
8,16,2023,955,92,78,85.0,0.7,0,20,0.15,0.0,0
8,17,2023,956,93,75,84.0,-0.3,0,19,3.42,0.0,0
8,18,2023,957,90,77,83.5,-0.7,0,19,0.21,0.0,0
8,19,2023,958,92,77,84.5,0.3,0,20,0.93,0.0,0
8,20,2023,959,90,78,84.0,-0.2,0,19,0.17,0.0,0
8,21,2023,960,91,82,86.5,2.4,0,22,0.10,0.0,0
8,22,2023,961,92,80,86.0,1.9,0,21,0.03,0.0,0
8,23,2023,962,93,80,86.5,2.5,0,22,0.12,0.0,0
8,24,2023,963,94,78,86.0,2.0,0,21,0.24,0.0,0
8,25,2023,964,93,81,87.0,3.1,0,22,0.01,0.0,0
8,26,2023,965,92,80,86.0,2.1,0,21,0.00,0.0,0
8,27,2023,966,93,80,86.5,2.7,0,22,T,0.0,0
8,28,2023,967,91,80,85.5,1.7,0,21,0.07,0.0,0
8,29,2023,968,93,78,85.5,1.8,0,21,0.48,0.0,0
8,30,2023,969,94,83,88.5,4.8,0,24,0.00,0.0,0
8,31,2023,970,96,79,87.5,3.9,0,23,0.15,0.0,0
9,1,2023,971,95,76,85.5,1.9,0,21,0.13,0.0,0
9,2,2023,972,91,77,84.0,0.5,0,19,0.11,0.0,M
9,3,2023,973,91,77,84.0,0.5,0,19,0.00,0.0,0
9,4,2023,974,91,82,86.5,3.0,0,22,0.00,0.0,0
9,5,2023,975,92,81,86.5,3.1,0,22,0.00,0.0,0
9,6,2023,976,92,78,85.0,1.6,0,20,0.00,0.0,0
9,7,2023,977,93,79,86.0,2.7,0,21,0.00,0.0,0
9,8,2023,978,92,76,84.0,0.7,0,19,0.00,0.0,0
9,9,2023,979,92,77,84.5,1.3,0,20,0.33,0.0,0
9,10,2023,980,91,77,84.0,0.8,0,19,1.90,0.0,0
9,11,2023,981,93,79,86.0,2.9,0,21,0.00,0.0,0
9,12,2023,982,94,80,87.0,3.9,0,22,0.00,0.0,0
9,13,2023,983,96,82,89.0,5.9,0,24,0.01,0.0,0
9,14,2023,984,93,79,86.0,3.0,0,21,0.20,0.0,0
9,15,2023,985,91,78,84.5,1.5,0,20,0.38,0.0,0
9,16,2023,986,91,76,83.5,0.6,0,19,4.40,0.0,0
9,17,2023,987,92,77,84.5,1.6,0,20,0.83,0.0,0
9,18,2023,988,94,77,85.5,2.6,0,21,0.39,0.0,0
9,19,2023,989,93,73,83.0,0.2,0,18,0.83,M,M
9,20,2023,990,92,78,85.0,2.2,0,20,0.08,0.0,0
9,21,2023,991,93,75,84.0,1.3,0,19,0.34,0.0,0
9,22,2023,992,91,76,83.5,0.8,0,19,T,0.0,0
9,23,2023,993,86,76,81.0,-1.6,0,16,0.01,0.0,0
9,24,2023,994,91,72,81.5,-1.1,0,17,0.40,0.0,0
9,25,2023,995,,,,,,,,,
9,26,2023,996,,,,,,,,,
9,27,2023,997,,,,,,,,,
9,28,2023,998,,,,,,,,,
9,29,2023,999,,,,,,,,,
9,30,2023,1000,,,,,,,,,
