month,day,year,days,high_temp,low_temp,avg_temp,departure,HDD,CDD,precipitation,new_snow,snow_depth,windspeed_10m_max_(mp/h),shortwave_radiation_sum_(MJ/mÂ²),et0_fao_evapotranspiration_(mm),AQI,average_ocean_temp,tide_height(ft)
1,1,2021,0,82,74.0,78.0,8.8,0,13,0.00,0.0,0,19.8,14.43,3.33,51.0,73.50416666666668,0.0191666666666666
1,2,2021,1,82,69.0,75.5,6.4,0,11,0.001,0.0,0,16.7,12.51,2.95,53.0,74.30833333333334,-0.2208333333333333
1,3,2021,2,84,68.0,76.0,7.0,0,11,0.00,0.0,0,11.9,13.2,3.34,45.0,75.39166666666667,-0.3133333333333333
1,4,2021,3,75,64.0,69.5,0.6,0,5,0.001,M,M,10.3,9.0,2.16,48.0,76.45416666666667,-0.3058333333333333
1,5,2021,4,72,56.0,64.0,-4.8,1,0,0.00,M,M,12.5,16.54,4.09,52.0,75.5625,-0.1654166666666666
1,6,2021,5,75,52.0,63.5,-5.2,1,0,0.00,M,M,8.3,16.29,3.34,53.0,74.72083333333335,-0.065
1,7,2021,6,77,52.0,64.5,-4.1,0,0,0.00,0.0,M,12.0,14.77,3.44,50.0,74.90833333333333,0.2316666666666667
1,8,2021,7,75,63.0,69.0,0.4,0,4,0.001,0.0,M,16.4,10.92,2.93,40.0,74.575,0.2262499999999999
1,9,2021,8,66,55.0,60.5,-8.0,4,0,0.00,M,M,14.5,15.85,3.52,58.0,73.62916666666666,0.1895833333333333
1,10,2021,9,72,49.0,60.5,-7.9,4,0,0.00,0.0,M,13.2,15.0,3.13,45.0,72.60416666666667,0.0633333333333333
1,11,2021,10,77,60.0,68.5,0.1,0,4,0.00,M,M,14.4,13.15,3.55,43.0,71.98333333333333,0.2108333333333333
1,12,2021,11,78,67.0,72.5,4.2,0,8,0.001,M,M,9.4,8.07,1.82,52.0,71.90833333333333,0.1391666666666667
1,13,2021,12,77,62.0,69.5,1.2,0,5,0.20,M,M,13.8,11.63,2.38,65.0,72.77083333333333,0.1641666666666666
1,14,2021,13,70,59.0,64.5,-3.8,0,0,0.29,M,M,13.8,10.06,1.83,64.0,73.39583333333333,0.3041666666666666
1,15,2021,14,76,63.0,69.5,1.2,0,5,0.00,M,M,11.3,12.83,2.54,52.0,73.33749999999999,0.4658333333333333
1,16,2021,15,74,60.0,67.0,-1.3,0,2,0.00,M,M,17.9,14.93,3.7,41.0,73.42083333333333,0.3575000000000001
1,17,2021,16,69,52.0,60.5,-7.8,4,0,0.00,0.0,0,9.5,13.99,2.92,41.0,72.66666666666667,0.3133333333333333
1,18,2021,17,73,60.0,66.5,-1.8,0,2,0.01,0.0,0,8.7,12.7,2.79,53.0,72.52916666666665,0.2129166666666666
1,19,2021,18,75,59.0,67.0,-1.3,0,2,0.00,0.0,0,12.2,15.55,3.8,47.0,72.41250000000001,0.0095833333333333
1,20,2021,19,75,59.0,67.0,-1.3,0,2,0.00,0.0,0,13.4,16.34,3.75,45.0,72.32916666666667,-0.1304166666666666
1,21,2021,20,77,57.0,67.0,-1.4,0,2,0.00,0.0,0,7.2,16.44,3.42,61.0,72.91250000000001,-0.0225
1,22,2021,21,80,56.0,68.0,-0.4,0,3,0.00,0.0,M,7.1,14.73,2.89,54.0,73.5,-0.03125
1,23,2021,22,81,57.0,69.0,0.5,0,4,0.00,0.0,M,6.7,16.79,3.07,54.0,73.35833333333333,-0.0508333333333333
1,24,2021,23,82,65.0,73.5,5.0,0,9,0.00,0.0,M,7.5,13.53,2.58,43.0,74.0,-0.0558333333333333
1,25,2021,24,79,67.0,73.0,4.4,0,8,0.00,M,0,12.8,12.4,2.71,38.0,74.9875,0.0795833333333333
1,26,2021,25,83,67.0,75.0,6.3,0,10,0.00,0.0,M,10.5,17.11,3.56,42.0,75.44583333333333,0.0441666666666666
1,27,2021,26,86,66.0,76.0,7.2,0,11,0.00,M,0,8.3,15.49,3.29,57.0,76.71249999999999,0.0474999999999999
1,28,2021,27,76,57.0,66.5,-2.4,0,2,0.00,M,0,19.9,16.3,3.95,53.0,77.29583333333333,-0.0637499999999999
1,29,2021,28,74,55.0,64.5,-4.4,0,0,0.00,M,0,16.2,11.35,3.53,42.0,74.34583333333335,0.0616666666666666
1,30,2021,29,75,58.0,66.5,-2.5,0,2,0.00,0.0,M,13.4,11.91,3.64,45.0,73.74166666666667,0.3483333333333333
1,31,2021,30,78,68.0,73.0,3.9,0,8,0.00,0.0,M,15.0,11.06,4.13,40.0,73.14166666666667,0.545
2,1,2021,31,76,57.0,66.5,-2.8,0,2,0.02,0.0,M,23.8,12.95,3.64,52.0,73.02916666666667,0.5958333333333333
2,2,2021,32,65,52.0,58.5,-10.9,6,0,0.00,0.0,0,20.6,17.22,4.4,42.0,70.8625,0.3929166666666666
2,3,2021,33,67,50.0,58.5,-11.0,6,0,0.00,M,0,17.2,19.32,4.1,59.0,68.91666666666667,0.4345833333333333
2,4,2021,34,72,49.0,60.5,-9.1,4,0,0.00,0.0,M,9.2,19.04,3.92,64.0,68.84166666666665,0.47875
2,5,2021,35,78,56.0,67.0,-2.7,0,2,0.00,0.0,M,12.3,15.24,3.88,51.0,69.24166666666667,0.5795833333333333
2,6,2021,36,82,71.0,76.5,6.7,0,12,0.98,0.0,M,13.9,9.75,2.23,48.0,70.41666666666667,0.565
2,7,2021,37,86,72.0,79.0,9.1,0,14,0.00,0.0,M,13.6,14.96,2.93,63.0,71.30833333333334,0.4158333333333333
2,8,2021,38,85,72.0,78.5,8.4,0,14,0.00,M,M,9.8,13.94,2.63,59.0,73.12916666666666,0.1970833333333333
2,9,2021,39,83,70.0,76.5,6.3,0,12,0.00,M,M,11.0,16.76,3.12,43.0,74.94166666666666,0.0541666666666666
2,10,2021,40,83,70.0,76.5,6.2,0,12,0.00,M,M,11.2,17.24,3.39,38.0,76.06666666666666,-0.0508333333333333
2,11,2021,41,81,73.0,77.0,6.6,0,12,0.00,0.0,M,12.1,16.16,3.44,34.0,77.05416666666666,-0.07125
2,12,2021,42,84,72.0,78.0,7.5,0,13,0.00,M,M,13.0,15.14,3.23,45.0,77.525,0.01875
2,13,2021,43,83,75.0,79.0,8.4,0,14,0.001,M,M,14.9,16.47,3.36,46.0,78.49166666666667,0.1279166666666666
2,14,2021,44,86,76.0,81.0,10.3,0,16,0.00,M,M,13.9,17.05,3.54,49.0,79.60416666666667,0.1466666666666666
2,15,2021,45,86,75.0,80.5,9.7,0,16,0.22,M,M,15.7,16.9,3.5,56.0,80.25833333333334,0.10625
2,16,2021,46,83,72.0,77.5,6.6,0,13,1.24,0.0,0,15.6,11.72,2.29,58.0,80.95,0.1008333333333333
2,17,2021,47,83,72.0,77.5,6.5,0,13,0.02,0.0,0,13.5,16.37,3.13,54.0,80.82916666666667,0.0320833333333333
2,18,2021,48,85,75.0,80.0,8.9,0,15,0.00,0.0,M,16.1,17.27,3.69,53.0,80.94166666666666,0.1304166666666666
2,19,2021,49,85,67.0,76.0,4.8,0,11,0.21,0.0,M,14.7,15.25,3.09,54.0,81.42083333333333,0.1633333333333333
2,20,2021,50,76,62.0,69.0,-2.3,0,4,0.00,0.0,M,18.9,14.2,3.58,44.0,79.825,-0.0854166666666666
2,21,2021,51,76,64.0,70.0,-1.4,0,5,0.01,0.0,M,20.4,14.31,4.53,44.0,75.27499999999999,0.1204166666666666
2,22,2021,52,81,70.0,75.5,4.0,0,11,0.001,0.0,M,17.8,15.97,3.82,41.0,74.61666666666667,0.4170833333333333
2,23,2021,53,85,71.0,78.0,6.5,0,13,0.06,0.0,M,12.9,13.98,3.03,45.0,76.02916666666667,0.28625
2,24,2021,54,80,70.0,75.0,3.4,0,10,0.13,0.0,0,10.8,15.96,3.13,40.0,76.59583333333333,0.21
2,25,2021,55,86,68.0,77.0,5.3,0,12,0.001,0.0,0,7.4,17.85,3.36,54.0,77.25833333333334,0.0266666666666666
2,26,2021,56,84,71.0,77.5,5.7,0,13,0.01,0.0,0,11.1,19.07,3.81,43.0,78.96249999999999,0.1454166666666666
2,27,2021,57,83,75.0,79.0,7.2,0,14,0.00,0.0,0,14.2,19.73,4.26,35.0,79.8125,0.235
2,28,2021,58,84,75.0,79.5,7.6,0,15,0.001,0.0,M,17.2,16.42,4.05,40.0,80.01666666666667,0.1229166666666666
3,1,2021,59,84,73.0,78.5,6.5,0,14,0.00,0.0,0,15.0,17.33,3.99,50.0,80.40416666666665,0.1070833333333333
3,2,2021,60,85,70.0,77.5,5.5,0,13,0.00,0.0,0,9.4,17.57,3.7,56.0,80.875,0.0820833333333333
3,3,2021,61,86,67.0,76.5,4.4,0,12,0.00,0.0,0,16.8,17.81,4.59,59.0,81.16250000000001,0.3941666666666667
3,4,2021,62,73,60.0,66.5,-5.7,0,2,0.00,0.0,M,14.2,22.09,4.63,66.0,79.95,0.3220833333333333
3,5,2021,63,80,62.0,71.0,-1.2,0,6,0.00,0.0,M,11.8,22.42,5.09,55.0,78.64583333333333,0.2920833333333333
3,6,2021,64,79,63.0,71.0,-1.3,0,6,1.42,0.0,M,14.4,12.66,3.34,55.0,77.75,0.4287499999999999
3,7,2021,65,78,61.0,69.5,-2.8,0,5,0.00,M,M,21.3,19.98,3.97,55.0,77.325,0.50125
3,8,2021,66,73,57.0,65.0,-7.4,0,0,0.001,0.0,M,20.7,10.5,4.11,49.0,75.425,0.32375
3,9,2021,67,75,68.0,71.5,-1.0,0,7,0.001,0.0,M,19.5,11.59,4.62,47.0,73.20833333333333,0.2633333333333333
3,10,2021,68,78,68.0,73.0,0.5,0,8,0.09,0.0,M,20.1,15.38,4.8,45.0,72.8875,0.3533333333333333
3,11,2021,69,80,67.0,73.5,0.9,0,9,0.02,0.0,0,18.6,16.49,4.35,44.0,73.5125,0.3575
3,12,2021,70,80,69.0,74.5,1.8,0,10,0.00,0.0,0,14.7,16.87,5.1,45.0,73.96249999999999,0.2895833333333333
3,13,2021,71,81,70.0,75.5,2.8,0,11,0.00,0.0,0,12.3,18.66,4.54,44.0,74.61666666666667,0.2062499999999999
3,14,2021,72,82,65.0,73.5,0.7,0,9,0.00,0.0,0,9.5,17.0,3.91,43.0,75.79583333333333,0.3754166666666667
3,15,2021,73,83,65.0,74.0,1.1,0,9,0.00,0.0,0,10.9,21.54,4.57,44.0,76.81666666666668,0.3291666666666666
3,16,2021,74,81,71.0,76.0,3.0,0,11,0.00,0.0,0,15.0,20.42,4.85,43.0,77.71666666666667,0.3741666666666667
3,17,2021,75,83,72.0,77.5,4.4,0,13,0.00,0.0,M,14.7,19.75,4.82,37.0,77.9625,0.4095833333333332
3,18,2021,76,85,74.0,79.5,6.3,0,15,0.00,0.0,0,18.2,17.67,4.11,54.0,78.92608695652173,0.4616666666666666
3,19,2021,77,85,64.0,74.5,1.3,0,10,0.34,0.0,0,14.3,19.49,4.33,49.0,79.92916666666666,0.2675
3,20,2021,78,82,58.0,70.0,-3.3,0,5,0.00,0.0,0,15.5,21.08,4.64,51.0,79.2,0.1808333333333333
3,21,2021,79,78,60.0,69.0,-4.4,0,4,0.00,0.0,0,15.2,20.12,4.58,44.0,78.13333333333334,0.2891666666666666
3,22,2021,80,78,58.0,68.0,-5.5,0,3,0.00,0.0,0,12.8,21.03,4.34,47.0,76.925,0.3008333333333333
3,23,2021,81,80,62.0,71.0,-2.6,0,6,0.00,0.0,0,10.2,21.43,4.48,71.0,77.0125,0.7025
3,24,2021,82,84,61.0,72.5,-1.3,0,8,0.00,0.0,0,10.3,20.13,4.43,53.0,77.83749999999999,0.7370833333333334
3,25,2021,83,86,74.0,80.0,6.1,0,15,0.00,0.0,0,14.5,21.74,4.46,53.0,79.41666666666667,0.6533333333333333
3,26,2021,84,85,76.0,80.5,6.5,0,16,0.00,0.0,0,14.5,22.92,4.75,38.0,80.75416666666668,0.31
3,27,2021,85,85,74.0,79.5,5.4,0,15,0.001,0.0,0,12.9,22.34,4.8,28.0,81.62083333333334,0.2908333333333333
3,28,2021,86,85,76.0,80.5,6.3,0,16,0.00,0.0,0,16.2,19.85,4.82,32.0,82.0875,0.2604166666666667
3,29,2021,87,86,73.0,79.5,5.1,0,15,0.00,0.0,0,8.4,19.27,3.96,36.0,82.5125,0.2104166666666667
3,30,2021,88,86,76.0,81.0,6.5,0,16,0.00,0.0,0,13.2,21.58,4.78,40.0,82.67916666666666,0.2241666666666667
3,31,2021,89,86,75.0,80.5,5.9,0,16,0.001,0.0,0,13.1,22.27,4.89,41.0,83.01666666666667,0.1020833333333333
4,1,2021,90,89,70.0,79.5,4.8,0,15,0.06,0.0,0,20.1,20.56,4.13,45.0,83.59130434782608,-0.1016666666666666
4,2,2021,91,78,61.0,69.5,-5.4,0,5,0.001,0.0,0,21.7,24.98,6.06,50.0,81.76666666666667,0.1379166666666666
4,3,2021,92,75,63.0,69.0,-6.0,0,4,0.00,0.0,0,18.9,13.81,4.83,48.0,77.28750000000001,0.1541666666666666
4,4,2021,93,77,67.0,72.0,-3.2,0,7,0.00,0.0,0,15.4,15.69,4.66,47.0,75.01666666666667,0.2908333333333333
4,5,2021,94,78,65.0,71.5,-3.8,0,7,0.00,M,M,15.3,21.08,5.11,49.0,74.95,0.3370833333333333
4,6,2021,95,80,61.0,70.5,-4.9,0,6,0.00,M,M,13.4,19.87,4.72,48.0,75.46666666666665,0.1958333333333333
4,7,2021,96,81,62.0,71.5,-4.1,0,7,0.00,M,M,12.5,25.16,5.44,54.0,76.05416666666667,0.1
4,8,2021,97,81,63.0,72.0,-3.7,0,7,0.00,0.0,0,12.1,25.02,5.63,51.0,76.72608695652174,0.19875
4,9,2021,98,81,68.0,74.5,-1.4,0,10,0.00,0.0,0,14.8,24.77,5.44,43.0,77.60833333333333,0.1820833333333333
4,10,2021,99,85,71.0,78.0,2.0,0,13,0.00,0.0,0,16.7,24.44,5.63,43.0,78.16250000000001,0.1545833333333333
4,11,2021,100,91,66.0,78.5,2.4,0,14,0.82,0.0,0,16.9,16.19,3.41,44.0,79.4875,0.13375
4,12,2021,101,87,67.0,77.0,0.7,0,12,0.59,0.0,M,12.5,16.3,3.34,45.0,79.52083333333333,0.2183333333333333
4,13,2021,102,88,68.0,78.0,1.6,0,13,0.00,0.0,M,7.8,27.67,5.65,84.0,79.97083333333335,0.1220833333333333
4,14,2021,103,83,71.0,77.0,0.4,0,12,0.00,0.0,0,13.1,26.57,5.05,51.0,80.75833333333333,0.1883333333333333
4,15,2021,104,84,70.0,77.0,0.3,0,12,0.00,M,M,11.2,25.85,5.26,64.0,80.92916666666666,0.2529166666666667
4,16,2021,105,88,69.0,78.5,1.7,0,14,0.00,0.0,M,10.7,25.89,5.16,59.0,81.21249999999999,0.32875
4,17,2021,106,90,71.0,80.5,3.5,0,16,0.00,0.0,M,11.6,26.49,5.63,62.0,82.07083333333334,0.3791666666666666
4,18,2021,107,89,73.0,81.0,3.9,0,16,0.00,0.0,M,12.5,22.81,4.81,56.0,82.925,0.3508333333333333
4,19,2021,108,92,74.0,83.0,5.8,0,18,0.04,0.0,M,14.7,21.94,4.86,70.0,83.58749999999999,0.4066666666666667
4,20,2021,109,85,70.0,77.5,0.2,0,13,1.17,0.0,0,17.8,17.55,3.81,62.0,83.55,0.4291666666666667
4,21,2021,110,88,76.0,82.0,4.5,0,17,0.13,0.0,0,9.5,11.7,2.48,56.0,83.2625,0.4770833333333333
4,22,2021,111,85,73.0,79.0,1.4,0,14,0.00,0.0,0,9.9,16.88,3.66,58.0,83.16666666666666,0.5
4,23,2021,112,84,74.0,79.0,1.3,0,14,0.00,0.0,0,14.3,20.73,4.29,52.0,82.13749999999999,0.49625
4,24,2021,113,86,76.0,81.0,3.2,0,16,0.00,0.0,0,16.6,22.51,4.93,52.0,81.95,0.6008333333333333
4,25,2021,114,93,76.0,84.5,6.6,0,20,0.001,0.0,0,12.6,23.76,5.22,53.0,83.19583333333333,0.6037500000000001
4,26,2021,115,86,75.0,80.5,2.5,0,16,0.00,0.0,0,14.9,23.56,5.02,44.0,83.38333333333334,0.69625
4,27,2021,116,84,73.0,78.5,0.3,0,14,0.001,0.0,0,17.4,22.6,5.65,45.0,82.44166666666666,0.7129166666666666
4,28,2021,117,84,73.0,78.5,0.2,0,14,0.00,M,M,13.8,23.16,5.35,46.0,81.84166666666667,0.5554166666666667
4,29,2021,118,87,77.0,82.0,3.6,0,17,0.00,M,M,13.5,22.96,5.03,36.0,82.6375,0.4120833333333333
4,30,2021,119,88,76.0,82.0,3.5,0,17,0.001,M,M,9.7,22.07,4.87,40.0,83.675,0.2179166666666666
5,1,2021,120,91,74.0,82.5,3.9,0,18,0.00,0.0,0,9.9,22.77,4.94,53.0,84.67916666666667,0.13
5,2,2021,121,89,75.0,82.0,3.3,0,17,0.00,0.0,0,11.7,22.68,4.99,54.0,85.50833333333333,0.1504166666666666
5,3,2021,122,88,78.0,83.0,4.2,0,18,0.00,0.0,0,14.4,24.57,5.76,76.0,85.50833333333333,0.1099999999999999
5,4,2021,123,89,79.0,84.0,5.1,0,19,0.00,0.0,0,13.6,24.57,5.48,60.0,85.78333333333335,0.1120833333333333
5,5,2021,124,89,78.0,83.5,4.5,0,19,0.00,0.0,0,10.7,24.7,5.35,41.0,86.54583333333335,0.0633333333333333
5,6,2021,125,91,71.0,81.0,1.9,0,16,0.66,0.0,0,13.2,24.08,5.17,44.0,87.40833333333335,0.0974999999999999
5,7,2021,126,93,74.0,83.5,4.3,0,19,0.19,0.0,0,11.8,23.14,4.86,51.0,86.91666666666667,0.2558333333333333
5,8,2021,127,85,74.0,79.5,0.2,0,15,0.00,0.0,0,14.6,19.84,4.26,61.0,85.54583333333333,0.3825
5,9,2021,128,84,77.0,80.5,1.1,0,16,0.61,0.0,0,13.1,21.44,4.43,50.0,83.96249999999999,0.3558333333333333
5,10,2021,129,88,76.0,82.0,2.5,0,17,0.04,M,M,11.5,24.42,5.37,30.0,83.86666666666666,0.1695833333333333
5,11,2021,130,90,76.0,83.0,3.5,0,18,0.00,M,M,10.2,24.06,5.15,36.0,85.16250000000001,0.1045833333333333
5,12,2021,131,89,75.0,82.0,2.4,0,17,0.93,0.0,M,10.4,22.93,5.02,32.0,86.16666666666667,0.1345833333333333
5,13,2021,132,94,75.0,84.5,4.8,0,20,0.19,0.0,0,10.0,20.1,4.25,54.0,86.50434782608696,0.10125
5,14,2021,133,87,75.0,81.0,1.2,0,16,0.01,M,M,11.0,14.07,3.2,37.0,86.46250000000002,0.1641666666666666
5,15,2021,134,86,74.0,80.0,0.1,0,15,0.00,0.0,0,17.8,23.48,5.09,44.0,85.04166666666667,0.2316666666666667
5,16,2021,135,85,74.0,79.5,-0.5,0,15,0.01,0.0,0,16.1,22.07,5.12,46.0,83.6125,0.5491666666666667
5,17,2021,136,84,75.0,79.5,-0.6,0,15,0.00,0.0,0,14.3,22.86,5.42,44.0,82.9,0.525
5,18,2021,137,86,77.0,81.5,1.3,0,17,0.001,M,M,18.4,21.27,6.07,40.0,82.57916666666667,0.5266666666666667
5,19,2021,138,85,76.0,80.5,0.2,0,16,0.001,M,M,21.8,20.09,5.41,42.0,81.90416666666665,0.6208333333333335
5,20,2021,139,85,78.0,81.5,1.1,0,17,0.001,M,M,22.0,21.94,5.66,50.0,80.925,0.5437500000000001
5,21,2021,140,84,74.0,79.0,-1.5,0,14,0.001,0.0,0,20.5,20.43,6.64,49.0,79.78333333333333,0.5075
5,22,2021,141,84,74.0,79.0,-1.6,0,14,0.001,0.0,0,18.7,23.19,6.41,48.0,79.68333333333334,0.3841666666666667
5,23,2021,142,84,74.0,79.0,-1.7,0,14,0.00,M,M,14.3,23.01,5.75,42.0,80.0,0.1991666666666667
5,24,2021,143,84,73.0,78.5,-2.3,0,14,0.00,M,M,14.8,27.55,6.25,45.0,80.79583333333333,0.1479166666666667
5,25,2021,144,85,75.0,80.0,-0.9,0,15,0.00,0.0,0,12.7,26.65,6.43,48.0,81.50833333333334,0.0687499999999999
5,26,2021,145,86,76.0,81.0,0.0,0,16,0.00,M,M,12.2,26.5,6.13,54.0,81.90833333333335,0.0466666666666666
5,27,2021,146,87,74.0,80.5,-0.7,0,16,0.00,M,M,9.4,25.7,5.66,52.0,82.64166666666667,0.20875
5,28,2021,147,87,76.0,81.5,0.2,0,17,0.00,0.0,0,10.8,25.25,5.38,46.0,83.3,0.2679166666666666
5,29,2021,148,88,74.0,81.0,-0.4,0,16,0.00,0.0,0,12.0,25.92,5.86,41.0,84.3,0.46375
5,30,2021,149,88,76.0,82.0,0.5,0,17,0.04,0.0,0,11.4,22.91,4.72,81.0,85.16666666666667,0.3883333333333333
5,31,2021,150,89,76.0,82.5,0.9,0,18,0.00,M,M,13.2,19.23,3.82,103.0,85.8,0.3566666666666667
6,1,2021,151,86,76.0,81.0,-0.7,0,16,0.001,0.0,0,12.0,20.35,3.99,34.0,85.57083333333333,0.29375
6,2,2021,152,86,75.0,80.5,-1.3,0,16,0.72,0.0,0,12.2,19.19,3.92,29.0,85.45416666666667,0.3116666666666666
6,3,2021,153,85,75.0,80.0,-1.9,0,15,0.61,0.0,0,13.2,20.66,4.1,36.0,85.74583333333332,0.38375
6,4,2021,154,88,75.0,81.5,-0.5,0,17,0.06,0.0,0,12.1,23.84,4.79,34.0,85.47500000000001,0.2141666666666666
6,5,2021,155,88,79.0,83.5,1.5,0,19,0.02,0.0,0,12.3,25.74,5.51,33.0,86.55833333333334,0.25875
6,6,2021,156,88,80.0,84.0,1.9,0,19,0.01,0.0,0,14.5,24.71,5.33,43.0,87.09166666666665,0.2658333333333333
6,7,2021,157,89,80.0,84.5,2.3,0,20,0.00,0.0,0,14.4,26.36,5.97,40.0,87.18333333333334,0.14625
6,8,2021,158,88,78.0,83.0,0.7,0,18,0.02,0.0,0,13.8,24.53,5.63,38.0,87.10000000000001,0.0316666666666666
6,9,2021,159,89,78.0,83.5,1.1,0,19,0.00,0.0,0,11.7,25.71,5.98,30.0,87.10833333333333,-0.0570833333333333
6,10,2021,160,89,80.0,84.5,2.0,0,20,0.00,0.0,0,10.9,24.93,5.73,38.0,87.34583333333335,-0.0045833333333333
6,11,2021,161,90,79.0,84.5,1.9,0,20,0.00,0.0,0,11.9,22.27,5.17,32.0,87.68333333333334,-0.0245833333333333
6,12,2021,162,90,80.0,85.0,2.4,0,20,0.09,0.0,0,11.9,20.96,4.57,33.0,87.85833333333335,-0.0345833333333333
6,13,2021,163,94,78.0,86.0,3.3,0,21,0.001,0.0,0,11.9,19.93,4.26,35.0,87.98333333333333,0.1358333333333333
6,14,2021,164,86,74.0,80.0,-2.8,0,15,0.79,M,M,12.6,15.65,3.45,64.0,87.70416666666667,0.23625
6,15,2021,165,89,74.0,81.5,-1.4,0,17,0.72,M,M,12.3,17.29,3.75,71.0,86.37083333333332,0.1908333333333333
6,16,2021,166,88,73.0,80.5,-2.4,0,16,0.61,0.0,0,6.1,14.28,3.06,67.0,85.86666666666667,0.1470833333333333
6,17,2021,167,89,73.0,81.0,-2.0,0,16,0.001,0.0,0,10.1,13.76,3.16,55.0,85.69166666666668,0.1354166666666666
6,18,2021,168,90,76.0,83.0,-0.1,0,18,0.03,0.0,0,11.8,23.26,4.95,119.0,86.20434782608696,0.1691666666666667
6,19,2021,169,90,82.0,86.0,2.9,0,21,0.00,0.0,0,10.5,23.6,5.19,71.0,86.825,0.1712499999999999
6,20,2021,170,92,74.0,83.0,-0.2,0,18,1.10,0.0,0,10.4,15.64,3.4,49.0,87.80416666666667,0.0162499999999999
6,21,2021,171,92,81.0,86.5,3.3,0,22,0.00,0.0,0,11.5,17.87,3.89,60.0,88.59166666666665,-0.1129166666666666
6,22,2021,172,92,75.0,83.5,0.2,0,19,0.19,0.0,0,14.4,23.22,5.04,49.0,89.04583333333333,-0.1441666666666666
6,23,2021,173,92,75.0,83.5,0.2,0,19,0.59,0.0,0,10.0,20.44,4.26,35.0,89.29583333333333,-0.245
6,24,2021,174,85,75.0,80.0,-3.4,0,15,0.22,0.0,0,10.8,17.85,3.73,38.0,88.70416666666667,-0.1029166666666666
6,25,2021,175,87,76.0,81.5,-1.9,0,17,0.36,0.0,0,13.7,20.76,4.29,42.0,86.9695652173913,0.0045833333333333
6,26,2021,176,88,76.0,82.0,-1.5,0,17,0.51,0.0,0,11.2,20.19,4.25,36.0,86.5625,0.0745833333333333
6,27,2021,177,90,78.0,84.0,0.5,0,19,0.14,M,M,12.4,22.91,4.86,52.0,86.76666666666667,0.1674999999999999
6,28,2021,178,86,76.0,81.0,-2.5,0,16,0.79,M,M,13.1,19.11,3.96,26.0,86.66666666666667,0.26375
6,29,2021,179,89,73.0,81.0,-2.6,0,16,3.86,0.0,0,11.0,16.51,3.45,32.0,85.97500000000001,0.1887499999999999
6,30,2021,180,86,75.0,80.5,-3.1,0,16,1.00,0.0,0,10.5,14.55,3.02,35.0,85.3125,0.0725
7,1,2021,181,82,75.0,78.5,-5.1,0,14,0.06,0.0,0,8.7,16.11,3.25,32.0,85.20416666666667,0.0933333333333333
7,2,2021,182,90,76.0,83.0,-0.7,0,18,0.56,0.0,0,6.3,21.75,4.41,30.0,86.14583333333333,0.0091666666666666
7,3,2021,183,94,76.0,85.0,1.3,0,20,0.00,M,M,9.0,24.62,5.13,35.0,87.49583333333334,-0.14875
7,4,2021,184,92,80.0,86.0,2.3,0,21,0.00,0.0,0,9.7,24.19,4.82,81.0,89.13333333333333,-0.1516666666666666
7,5,2021,185,91,73.0,82.0,-1.8,0,17,1.20,0.0,0,15.6,15.41,3.41,49.0,89.83333333333333,0.1425
7,6,2021,186,85,76.0,80.5,-3.3,0,16,0.44,0.0,M,18.1,8.65,2.44,56.0,88.10416666666667,0.22375
7,7,2021,187,90,80.0,85.0,1.2,0,20,0.00,0.0,0,14.2,21.61,4.9,38.0,86.27083333333333,0.1025
7,8,2021,188,90,78.0,84.0,0.2,0,19,0.001,0.0,M,10.1,22.33,4.5,39.0,86.93333333333334,0.0174999999999999
7,9,2021,189,91,78.0,84.5,0.6,0,20,0.001,0.0,0,9.1,23.1,4.9,55.0,88.21249999999999,-0.0120833333333333
7,10,2021,190,89,75.0,82.0,-1.9,0,17,0.18,0.0,0,10.4,21.2,4.55,62.0,88.44999999999999,-0.0520833333333333
7,11,2021,191,89,75.0,82.0,-1.9,0,17,0.20,0.0,0,14.3,23.54,5.07,48.0,88.06666666666666,0.0333333333333333
7,12,2021,192,85,71.0,78.0,-5.9,0,13,1.26,0.0,0,13.8,19.58,4.39,48.0,87.85833333333333,0.0633333333333333
7,13,2021,193,87,76.0,81.5,-2.5,0,17,1.68,0.0,0,13.6,17.76,3.68,53.0,85.96666666666665,0.1079166666666666
7,14,2021,194,88,76.0,82.0,-2.0,0,17,0.02,0.0,0,12.6,21.63,4.35,50.0,85.63749999999999,0.1070833333333333
7,15,2021,195,90,80.0,85.0,1.0,0,20,0.001,0.0,0,14.3,23.53,4.86,35.0,86.92083333333333,0.2162499999999999
7,16,2021,196,89,78.0,83.5,-0.6,0,19,0.10,0.0,0,13.5,23.07,4.76,31.0,87.63333333333333,0.3208333333333333
7,17,2021,197,89,76.0,82.5,-1.6,0,18,0.50,0.0,0,9.5,21.74,4.5,32.0,88.10416666666667,0.4424999999999999
7,18,2021,198,90,80.0,85.0,0.9,0,20,0.001,0.0,0,9.1,22.66,4.79,32.0,88.14583333333333,0.4054166666666667
7,19,2021,199,90,80.0,85.0,0.9,0,20,0.00,0.0,0,9.8,24.62,5.29,30.0,88.99583333333334,0.38375
7,20,2021,200,90,78.0,84.0,-0.2,0,19,0.46,0.0,0,11.0,22.57,4.49,39.0,89.41250000000001,0.2916666666666667
7,21,2021,201,92,78.0,85.0,0.8,0,20,0.05,0.0,0,7.9,23.97,4.8,50.0,89.625,0.2445833333333333
7,22,2021,202,94,81.0,87.5,3.3,0,23,0.27,M,M,8.6,25.09,5.21,59.0,90.1625,0.2770833333333333
7,23,2021,203,91,77.0,84.0,-0.2,0,19,0.48,M,M,9.2,19.82,4.14,71.0,90.31666666666666,0.355
7,24,2021,204,91,78.0,84.5,0.2,0,20,0.10,M,M,7.7,15.83,3.27,41.0,89.82083333333333,0.43875
7,25,2021,205,91,77.0,84.0,-0.3,0,19,0.001,M,M,8.3,20.14,4.11,42.0,89.41250000000001,0.5279166666666667
7,26,2021,206,90,79.0,84.5,0.2,0,20,0.00,0.0,0,9.7,21.2,4.4,40.0,89.87916666666666,0.5695833333333333
7,27,2021,207,92,78.0,85.0,0.7,0,20,0.001,0.0,0,8.6,23.36,4.86,52.0,90.70416666666668,0.4883333333333333
7,28,2021,208,92,78.0,85.0,0.6,0,20,0.00,M,M,4.6,23.39,4.81,53.0,91.275,0.495
7,29,2021,209,92,77.0,84.5,0.1,0,20,0.62,0.0,0,6.8,22.92,4.7,42.0,91.77916666666664,0.5345833333333333
7,30,2021,210,93,77.0,85.0,0.6,0,20,0.00,M,M,9.1,23.04,4.73,43.0,91.54583333333332,0.4829166666666666
7,31,2021,211,92,80.0,86.0,1.6,0,21,0.00,0.0,0,8.3,23.5,5.11,36.0,91.73333333333332,0.5054166666666667
8,1,2021,212,92,81.0,86.5,2.1,0,22,0.001,0.0,0,9.4,21.36,4.56,37.0,92.17083333333336,0.3799999999999999
8,2,2021,213,91,76.0,83.5,-0.9,0,19,0.24,0.0,0,9.3,16.16,3.45,48.0,92.12083333333334,0.3404166666666666
8,3,2021,214,89,73.0,81.0,-3.4,0,16,1.46,0.0,0,12.1,11.11,2.62,56.0,90.76666666666668,0.3354166666666667
8,4,2021,215,91,74.0,82.5,-2.0,0,18,0.64,0.0,0,11.0,11.73,2.89,48.0,88.91250000000001,0.3091666666666666
8,5,2021,216,92,78.0,85.0,0.5,0,20,0.001,M,M,7.5,22.31,4.75,35.0,89.32083333333333,0.3075
8,6,2021,217,91,81.0,86.0,1.5,0,21,0.00,M,M,10.8,22.86,4.66,31.0,90.39583333333331,0.3391666666666666
8,7,2021,218,90,77.0,83.5,-1.0,0,19,0.03,0.0,M,7.0,22.79,4.65,28.0,90.89583333333331,0.3554166666666667
8,8,2021,219,91,79.0,85.0,0.6,0,20,0.07,0.0,M,8.0,21.32,4.35,27.0,90.8875,0.4375
8,9,2021,220,91,82.0,86.5,2.1,0,22,0.18,0.0,0,11.9,22.26,4.72,27.0,90.93333333333332,0.4929166666666666
8,10,2021,221,92,79.0,85.5,1.1,0,21,0.04,0.0,0,11.8,22.15,4.8,24.0,90.90416666666664,0.47625
8,11,2021,222,92,80.0,86.0,1.6,0,21,0.01,M,M,11.2,21.83,5.01,26.0,90.775,0.4795833333333333
8,12,2021,223,92,75.0,83.5,-0.9,0,19,0.93,0.0,0,16.4,23.42,5.13,37.0,90.14166666666668,0.4495833333333333
8,13,2021,224,90,76.0,83.0,-1.4,0,18,0.44,0.0,0,17.2,18.44,3.95,33.0,89.08750000000002,0.51625
8,14,2021,225,88,76.0,82.0,-2.4,0,17,0.65,0.0,0,17.0,13.12,2.88,40.0,88.13333333333334,0.4970833333333333
8,15,2021,226,87,76.0,81.5,-2.8,0,17,0.63,0.0,0,12.5,12.2,3.45,33.0,87.35416666666667,0.3504166666666667
8,16,2021,227,91,79.0,85.0,0.7,0,20,0.03,0.0,0,10.7,22.72,4.83,27.0,87.28750000000001,0.4091666666666667
8,17,2021,228,92,80.0,86.0,1.7,0,21,0.001,0.0,0,12.0,19.58,4.03,31.0,88.83333333333333,0.3904166666666666
8,18,2021,229,92,83.0,87.5,3.3,0,23,0.00,0.0,0,13.6,23.97,5.25,59.0,89.54166666666667,0.4729166666666666
8,19,2021,230,92,81.0,86.5,2.3,0,22,0.15,M,M,8.1,24.76,5.17,49.0,89.79583333333335,0.3733333333333333
8,20,2021,231,92,78.0,85.0,0.8,0,20,0.00,M,M,7.7,25.2,5.27,42.0,90.30416666666667,0.52375
8,21,2021,232,91,79.0,85.0,0.9,0,20,0.00,M,M,9.2,24.37,5.11,32.0,90.6375,0.6829166666666667
8,22,2021,233,92,82.0,87.0,2.9,0,22,0.00,0.0,0,9.9,22.48,4.59,74.0,91.33333333333331,0.63875
8,23,2021,234,92,82.0,87.0,3.0,0,22,0.02,0.0,0,9.9,20.6,4.42,91.0,91.72916666666669,0.5891666666666667
8,24,2021,235,91,84.0,87.5,3.5,0,23,0.00,0.0,0,13.2,20.97,4.83,82.0,91.42916666666667,0.6641666666666667
8,25,2021,236,91,74.0,82.5,-1.4,0,18,0.12,0.0,0,20.9,23.36,5.73,66.0,90.84583333333336,0.7645833333333333
8,26,2021,237,90,74.0,82.0,-1.9,0,17,0.20,M,M,13.5,22.0,4.8,48.0,88.83749999999999,0.7391666666666667
8,27,2021,238,91,78.0,84.5,0.7,0,20,0.01,0.0,0,13.6,16.97,4.13,28.0,88.84583333333335,0.6883333333333335
8,28,2021,239,91,84.0,87.5,3.7,0,23,0.00,0.0,0,16.3,19.12,4.69,45.0,88.75833333333333,0.6699999999999999
8,29,2021,240,91,81.0,86.0,2.3,0,21,0.02,0.0,0,8.9,20.51,4.23,37.0,89.21666666666665,0.5141666666666667
8,30,2021,241,90,77.0,83.5,-0.2,0,19,0.43,0.0,0,7.3,22.69,4.55,34.0,90.2125,0.34
8,31,2021,242,94,74.0,84.0,0.4,0,19,0.99,M,M,5.1,21.79,4.44,42.0,91.2,0.4366666666666667
9,1,2021,243,96,77.0,86.5,2.9,0,22,0.01,M,M,5.4,21.97,4.48,78.0,91.16666666666669,0.4212499999999999
9,2,2021,244,90,74.0,82.0,-1.5,0,17,0.44,0.0,0,7.4,16.95,3.48,80.0,90.78333333333336,0.3445833333333333
9,3,2021,245,86,75.0,80.5,-3.0,0,16,1.07,0.0,0,7.2,14.86,3.17,63.0,89.07083333333333,0.1987499999999999
9,4,2021,246,92,74.0,83.0,-0.5,0,18,1.22,0.0,0,7.6,18.27,3.72,70.0,88.80416666666667,0.13625
9,5,2021,247,94,76.0,85.0,1.6,0,20,0.28,0.0,0,6.7,20.59,4.14,54.0,89.35833333333333,0.2595833333333333
9,6,2021,248,95,76.0,85.5,2.1,0,21,0.30,0.0,0,8.8,22.59,4.59,58.0,89.73333333333333,0.315
9,7,2021,249,91,76.0,83.5,0.2,0,19,0.001,0.0,0,6.6,18.71,3.88,61.0,90.04583333333335,0.5541666666666667
9,8,2021,250,91,78.0,84.5,1.2,0,20,0.53,0.0,0,9.1,19.47,3.99,51.0,90.20833333333331,0.6320833333333334
9,9,2021,251,93,76.0,84.5,1.3,0,20,0.001,0.0,M,8.1,22.11,4.48,59.0,90.27499999999998,0.7520833333333332
9,10,2021,252,91,79.0,85.0,1.8,0,20,0.00,0.0,M,7.7,21.91,4.53,65.0,90.60833333333332,0.7216666666666667
9,11,2021,253,91,76.0,83.5,0.4,0,19,0.00,0.0,M,11.2,20.77,4.35,63.0,90.92083333333332,0.6729166666666666
9,12,2021,254,90,77.0,83.5,0.4,0,19,0.48,0.0,M,12.3,17.68,3.9,47.0,90.66666666666669,0.6045833333333334
9,13,2021,255,90,79.0,84.5,1.4,0,20,0.18,M,M,10.6,16.66,3.42,31.0,89.69583333333333,0.4616666666666666
9,14,2021,256,89,77.0,83.0,0.0,0,18,0.08,0.0,0,9.0,18.23,3.64,26.0,88.94166666666668,0.5441666666666667
9,15,2021,257,90,77.0,83.5,0.5,0,19,0.29,0.0,0,7.8,20.04,3.96,31.0,89.67916666666667,0.6195833333333334
9,16,2021,258,87,77.0,82.0,-0.9,0,17,0.03,0.0,0,10.1,19.0,3.67,30.0,89.925,0.58875
9,17,2021,259,91,75.0,83.0,0.1,0,18,1.58,0.0,0,7.6,16.52,3.37,41.0,89.85000000000001,0.4191666666666667
9,18,2021,260,92,74.0,83.0,0.1,0,18,0.07,0.0,0,6.2,17.34,3.52,40.0,89.42916666666667,0.3562499999999999
9,19,2021,261,91,76.0,83.5,0.7,0,19,0.53,0.0,0,6.9,14.73,2.98,35.0,89.75,0.53625
9,20,2021,262,89,77.0,83.0,0.2,0,18,0.001,0.0,0,8.2,13.46,2.7,34.0,90.0625,0.7158333333333333
9,21,2021,263,88,78.0,83.0,0.3,0,18,0.001,0.0,0,9.2,12.25,2.76,27.0,90.20833333333331,0.7016666666666667
9,22,2021,264,88,76.0,82.0,-0.7,0,17,0.05,0.0,0,7.2,14.23,2.96,25.0,89.15416666666665,0.7170833333333334
9,23,2021,265,88,74.0,81.0,-1.6,0,16,2.25,0.0,0,9.7,17.74,3.54,41.0,88.97500000000001,0.8850000000000001
9,24,2021,266,89,75.0,82.0,-0.6,0,17,1.19,0.0,0,5.8,15.56,3.14,32.0,89.35000000000001,0.8083333333333335
9,25,2021,267,91,75.0,83.0,0.5,0,18,1.54,0.0,0,8.5,16.28,3.27,38.0,89.58333333333333,0.7533333333333333
9,26,2021,268,89,76.0,82.5,0.0,0,18,0.00,0.0,0,13.7,18.55,4.09,44.0,89.45217391304347,0.7366666666666667
9,27,2021,269,89,76.0,82.5,0.1,0,18,0.00,0.0,0,10.6,22.85,5.45,46.0,88.12916666666666,0.79875
9,28,2021,270,88,75.0,81.5,-0.9,0,17,0.00,0.0,0,10.7,18.78,4.56,48.0,87.21249999999999,0.9041666666666668
9,29,2021,271,89,74.0,81.5,-0.8,0,17,0.00,M,M,9.3,21.14,4.66,44.0,87.05,0.98625
9,30,2021,272,89,75.0,82.0,-0.2,0,17,0.00,0.0,M,10.9,19.33,4.42,38.0,87.1608695652174,0.9870833333333332
10,1,2021,273,83,73.0,78.0,-4.1,0,13,0.80,0.0,M,11.7,17.5,4.06,33.0,86.62916666666668,0.7808333333333334
10,2,2021,274,87,76.0,81.5,-0.6,0,17,0.34,0.0,0,16.3,19.34,4.95,44.0,85.12083333333334,0.6291666666666668
10,3,2021,275,87,79.0,83.0,1.0,0,18,0.03,0.0,M,14.7,17.89,4.44,43.0,84.64999999999999,0.5879166666666668
10,4,2021,276,88,73.0,80.5,-1.4,0,16,0.00,0.0,0,8.8,20.06,4.57,39.0,84.35000000000001,0.6145833333333334
10,5,2021,277,88,76.0,82.0,0.2,0,17,0.00,0.0,0,8.7,18.26,3.98,35.0,84.77083333333333,0.6545833333333333
10,6,2021,278,89,77.0,83.0,1.3,0,18,0.00,0.0,0,10.2,18.82,4.17,49.0,86.02916666666665,0.6745833333333332
10,7,2021,279,90,81.0,85.5,4.0,0,21,0.00,0.0,0,11.2,17.77,4.11,70.0,87.07083333333333,0.74125
10,8,2021,280,89,77.0,83.0,1.6,0,18,0.08,0.0,0,8.2,15.66,3.48,57.0,87.78749999999998,0.8241666666666667
10,9,2021,281,90,73.0,81.5,0.2,0,17,0.56,0.0,0,9.1,12.28,2.46,50.0,87.85833333333335,0.8791666666666668
10,10,2021,282,89,73.0,81.0,-0.2,0,16,0.12,0.0,0,12.3,16.37,3.16,39.0,87.46666666666665,0.94875
10,11,2021,283,85,74.0,79.5,-1.5,0,15,0.16,0.0,M,8.6,17.96,3.48,32.0,87.43333333333334,1.05875
10,12,2021,284,87,74.0,80.5,-0.4,0,16,0.00,M,M,9.3,16.71,3.36,33.0,87.24166666666666,1.0395833333333333
10,13,2021,285,88,75.0,81.5,0.8,0,17,0.05,0.0,M,8.9,18.63,3.92,34.0,87.49166666666667,1.0083333333333335
10,14,2021,286,89,76.0,82.5,1.9,0,18,0.01,0.0,0,9.7,17.83,3.78,35.0,87.79583333333333,0.9458333333333332
10,15,2021,287,89,76.0,82.5,2.1,0,18,0.16,0.0,0,9.6,17.02,3.59,38.0,87.7625,0.9329166666666668
10,16,2021,288,90,75.0,82.5,2.3,0,18,0.00,0.0,0,5.4,17.06,3.55,51.0,87.40416666666665,0.955
10,17,2021,289,91,74.0,82.5,2.4,0,18,0.86,0.0,0,8.1,18.27,3.79,61.0,87.42916666666667,0.86625
10,18,2021,290,85,76.0,80.5,0.6,0,16,0.00,0.0,0,14.1,20.17,4.83,44.0,86.66666666666667,0.91625
10,19,2021,291,85,73.0,79.0,-0.7,0,14,0.00,0.0,0,14.2,15.89,5.1,45.0,85.0125,0.895
10,20,2021,292,86,76.0,81.0,1.5,0,16,0.00,0.0,0,15.6,14.2,4.97,43.0,83.89583333333333,0.9525
10,21,2021,293,87,76.0,81.5,2.2,0,17,0.001,0.0,0,13.3,15.24,4.49,39.0,83.68260869565216,0.8537500000000001
10,22,2021,294,83,74.0,78.5,-0.6,0,14,1.01,0.0,0,10.0,9.3,2.11,31.0,83.79583333333333,0.7766666666666667
10,23,2021,295,88,75.0,81.5,2.6,0,17,0.00,0.0,0,10.6,13.4,2.72,29.0,83.17916666666667,0.6595833333333334
10,24,2021,296,86,77.0,81.5,2.8,0,17,0.00,0.0,M,7.8,9.84,2.08,26.0,84.15416666666665,0.6525
10,25,2021,297,88,77.0,82.5,4.0,0,18,0.23,0.0,0,12.5,9.12,1.95,50.0,84.96666666666667,0.5316666666666667
10,26,2021,298,89,78.0,83.5,5.2,0,19,0.01,0.0,0,11.3,16.03,3.27,28.0,85.84166666666665,0.4875
10,27,2021,299,90,76.0,83.0,4.9,0,18,0.00,0.0,0,9.6,16.17,3.4,44.0,86.55,0.6295833333333333
10,28,2021,300,90,75.0,82.5,4.6,0,18,0.06,0.0,0,15.6,11.97,2.48,38.0,86.83750000000002,0.7400000000000001
10,29,2021,301,86,75.0,80.5,2.8,0,16,0.43,0.0,0,18.7,16.53,4.01,45.0,86.39166666666667,0.7045833333333333
10,30,2021,302,82,72.0,77.0,-0.5,0,12,0.001,0.0,0,17.2,14.87,3.96,43.0,84.93749999999999,0.7245833333333334
10,31,2021,303,84,66.0,75.0,-2.3,0,10,0.00,0.0,0,7.2,14.96,3.11,43.0,83.95416666666667,0.9008333333333332
11,1,2021,304,83,68.0,75.5,-1.6,0,11,0.00,0.0,0,12.2,13.78,2.81,41.0,83.72083333333333,0.8308333333333332
11,2,2021,305,78,72.0,75.0,-1.9,0,10,0.11,0.0,0,11.9,12.65,2.95,38.0,83.35,0.7791666666666667
11,3,2021,306,84,71.0,77.5,0.8,0,13,0.00,M,M,9.6,13.53,3.61,94.0,82.72916666666667,0.78875
11,4,2021,307,83,73.0,78.0,1.5,0,13,0.06,0.0,0,8.3,13.74,3.22,36.0,82.625,0.8004166666666667
11,5,2021,308,79,71.0,75.0,-1.3,0,10,1.60,0.0,0,11.4,4.45,1.35,34.0,82.10416666666667,1.01
11,6,2021,309,76,65.0,70.5,-5.7,0,6,0.00,0.0,0,15.4,14.71,2.87,34.0,81.35000000000001,1.0345833333333332
11,7,2021,310,76,58.0,67.0,-9.0,0,2,0.00,0.0,0,16.1,18.37,3.48,34.0,79.96666666666667,0.9325
11,8,2021,311,77,62.0,69.5,-6.3,0,5,0.00,0.0,0,13.3,16.92,3.75,42.0,79.59583333333333,1.2533333333333332
11,9,2021,312,80,62.0,71.0,-4.6,0,6,0.001,0.0,0,12.3,12.57,3.6,44.0,79.80416666666666,1.4829166666666669
11,10,2021,313,83,66.0,74.5,-1.0,0,10,0.00,0.0,0,11.0,15.16,3.29,42.0,80.10416666666667,1.57625
11,11,2021,314,82,75.0,78.5,3.2,0,14,0.04,0.0,0,10.9,9.59,2.47,45.0,80.42916666666666,1.5791666666666668
11,12,2021,315,81,74.0,77.5,2.4,0,13,0.07,0.0,0,8.1,7.68,1.72,30.0,80.125,1.3275
11,13,2021,316,85,71.0,78.0,3.0,0,13,0.00,0.0,0,7.8,14.73,2.89,38.0,80.57916666666667,1.1125
11,14,2021,317,77,66.0,71.5,-3.3,0,7,0.00,0.0,0,11.3,14.7,3.06,44.0,81.22083333333333,0.8683333333333332
11,15,2021,318,78,60.0,69.0,-5.7,0,4,0.00,0.0,M,13.5,13.82,3.45,41.0,80.09583333333333,0.8070833333333334
11,16,2021,319,79,64.0,71.5,-3.1,0,7,0.00,0.0,M,15.0,13.39,3.88,42.0,79.3125,0.8412499999999999
11,17,2021,320,81,72.0,76.5,2.1,0,12,0.00,0.0,M,15.0,9.86,3.74,41.0,78.90833333333335,0.93
11,18,2021,321,81,71.0,76.0,1.7,0,11,0.55,0.0,M,15.7,5.76,2.2,40.0,79.2625,0.86375
11,19,2021,322,83,71.0,77.0,2.8,0,12,0.64,0.0,0,15.5,8.74,2.03,33.0,79.20416666666667,0.8845833333333334
11,20,2021,323,81,73.0,77.0,2.9,0,12,0.61,0.0,M,18.0,10.1,2.89,33.0,80.01666666666667,1.1308333333333334
11,21,2021,324,83,73.0,78.0,4.1,0,13,0.70,0.0,M,13.0,11.3,2.38,33.0,80.27916666666668,1.1029166666666663
11,22,2021,325,84,69.0,76.5,2.7,0,12,0.00,0.0,0,12.7,12.54,2.53,30.0,81.30833333333334,0.9925
11,23,2021,326,73,60.0,66.5,-7.2,0,2,0.00,0.0,0,17.8,16.97,3.71,45.0,80.83333333333333,1.044166666666667
11,24,2021,327,77,58.0,67.5,-6.1,0,3,0.00,0.0,0,15.4,13.07,3.73,42.0,77.95833333333333,1.09375
11,25,2021,328,77,66.0,71.5,-2.0,0,7,0.00,0.0,0,11.9,10.11,3.11,40.0,76.55416666666666,1.034166666666667
11,26,2021,329,80,64.0,72.0,-1.4,0,7,0.00,0.0,0,7.6,14.87,2.97,42.0,76.42916666666666,1.0616666666666668
11,27,2021,330,77,64.0,70.5,-2.8,0,6,0.00,0.0,0,9.9,15.25,3.01,43.0,77.05416666666667,0.9337500000000002
11,28,2021,331,79,57.0,68.0,-5.2,0,3,0.00,0.0,0,6.6,15.65,2.84,50.0,77.59583333333335,0.9758333333333334
11,29,2021,332,74,59.0,66.5,-6.6,0,2,0.00,0.0,0,14.4,15.52,3.72,45.0,77.65833333333335,0.8383333333333334
11,30,2021,333,78,59.0,68.5,-4.5,0,4,0.00,0.0,0,9.0,13.85,3.13,44.0,76.44583333333333,0.75375
12,1,2021,334,80,61.0,70.5,-2.4,0,6,0.00,0.0,0,7.3,15.11,3.31,46.0,76.67916666666667,0.6533333333333333
12,2,2021,335,81,61.0,71.0,-1.9,0,6,0.00,0.0,M,9.4,14.69,3.23,48.0,77.57916666666667,0.6291666666666668
12,3,2021,336,80,63.0,71.5,-1.3,0,7,0.00,0.0,M,9.4,15.84,3.37,49.0,77.72500000000001,0.4608333333333334
12,4,2021,337,79,63.0,71.0,-1.7,0,6,0.00,0.0,M,7.4,9.42,2.32,45.0,78.22500000000001,0.5808333333333334
12,5,2021,338,83,65.0,74.0,1.4,0,9,0.00,0.0,M,9.8,11.97,2.67,39.0,78.00416666666668,0.65875
12,6,2021,339,83,72.0,77.5,5.0,0,13,0.25,0.0,0,9.5,9.91,1.95,30.0,78.97083333333333,0.5658333333333334
12,7,2021,340,85,69.0,77.0,4.6,0,12,0.00,0.0,0,6.4,13.58,2.58,49.0,79.425,0.5425
12,8,2021,341,84,67.0,75.5,3.2,0,11,0.00,0.0,0,7.4,14.88,3.03,57.0,79.97916666666667,0.59125
12,9,2021,342,85,69.0,77.0,4.9,0,12,0.00,0.0,0,5.7,12.23,2.35,38.0,80.72500000000001,0.5704166666666667
12,10,2021,343,83,71.0,77.0,5.0,0,12,0.00,0.0,0,8.1,12.09,2.39,44.0,81.35000000000001,0.4812499999999999
12,11,2021,344,83,71.0,77.0,5.1,0,12,0.00,0.0,0,11.2,13.34,2.85,33.0,81.47500000000001,0.5058333333333334
12,12,2021,345,84,70.0,77.0,5.2,0,12,0.00,0.0,M,9.1,13.89,2.91,35.0,81.5375,0.2945833333333333
12,13,2021,346,84,74.0,79.0,7.3,0,14,0.00,0.0,M,12.3,14.12,3.32,37.0,81.5625,0.3320833333333333
12,14,2021,347,82,72.0,77.0,5.4,0,12,0.06,0.0,0,12.9,12.46,3.08,35.0,81.09583333333333,0.3120833333333333
12,15,2021,348,82,71.0,76.5,5.0,0,12,0.42,0.0,0,15.9,12.66,2.61,33.0,80.475,0.4204166666666666
12,16,2021,349,82,74.0,78.0,6.7,0,13,0.001,0.0,0,16.1,12.61,3.21,39.0,80.2375,0.52625
12,17,2021,350,83,71.0,77.0,5.8,0,12,0.001,0.0,0,12.8,13.12,3.32,35.0,79.80833333333334,0.4566666666666667
12,18,2021,351,83,73.0,78.0,6.9,0,13,0.24,0.0,0,14.1,11.21,2.6,37.0,79.99583333333334,0.5166666666666667
12,19,2021,352,85,73.0,79.0,8.1,0,14,0.13,0.0,0,13.4,11.72,2.44,36.0,80.26666666666667,0.4654166666666667
12,20,2021,353,83,72.0,77.5,6.7,0,13,0.00,0.0,0,7.9,11.34,2.11,37.0,80.5125,0.40125
12,21,2021,354,79,70.0,74.5,3.8,0,10,0.09,0.0,0,18.9,5.29,1.86,33.0,80.97500000000001,0.6958333333333333
12,22,2021,355,71,62.0,66.5,-4.0,0,2,0.00,0.0,M,15.8,12.4,2.7,38.0,79.45416666666667,0.6954166666666666
12,23,2021,356,75,56.0,65.5,-4.9,0,1,0.00,0.0,M,13.5,15.78,3.4,42.0,77.64999999999999,0.65
12,24,2021,357,79,58.0,68.5,-1.8,0,4,0.00,0.0,0,10.8,14.18,3.26,84.0,76.52499999999999,0.7733333333333334
12,25,2021,358,80,62.0,71.0,0.9,0,6,0.00,0.0,0,8.6,12.03,2.93,135.0,76.28333333333333,0.83
12,26,2021,359,83,64.0,73.5,3.5,0,9,0.00,0.0,0,6.5,11.7,2.32,55.0,76.92916666666666,0.6408333333333334
12,27,2021,360,83,66.0,74.5,4.6,0,10,0.00,0.0,0,6.2,13.54,2.62,47.0,78.075,0.5483333333333333
12,28,2021,361,79,66.0,72.5,2.8,0,8,0.00,0.0,0,9.4,10.39,2.38,49.0,78.825,0.6070833333333333
12,29,2021,362,81,69.0,75.0,5.4,0,10,0.00,0.0,0,11.0,11.62,3.09,35.0,78.59166666666667,0.5570833333333333
12,30,2021,363,83,69.0,76.0,6.5,0,11,0.00,0.0,0,8.5,12.87,2.9,35.0,78.9875,0.3941666666666667
12,31,2021,364,82,68.0,75.0,5.7,0,10,0.00,0.0,0,8.5,13.97,2.85,60.0,79.96666666666667,0.33125
1,1,2022,365,82,70.0,76.0,6.8,0,11,0.00,0.0,0,9.6,12.95,2.89,136.0,80.50416666666666,0.4133333333333333
1,2,2022,366,83,71.0,77.0,7.9,0,12,0.00,0.0,0,14.6,12.43,3.46,30.0,80.25,0.4204166666666666
1,3,2022,367,81,64.0,72.5,3.5,0,8,0.001,0.0,0,12.2,9.86,2.57,54.0,80.10833333333333,0.3
1,4,2022,368,78,62.0,70.0,1.1,0,5,0.00,0.0,0,13.0,8.68,3.0,42.0,78.94583333333334,0.3995833333333333
1,5,2022,369,81,67.0,74.0,5.2,0,9,0.21,0.0,0,10.4,11.41,2.57,39.0,78.15652173913043,0.5816666666666667
1,6,2022,370,80,62.0,71.0,2.3,0,6,0.00,0.0,0,8.4,14.12,2.66,47.0,77.97500000000001,0.5862499999999999
1,7,2022,371,83,69.0,76.0,7.4,0,11,0.00,0.0,0,9.2,11.78,2.39,45.0,78.32083333333334,0.5741666666666667
1,8,2022,372,79,72.0,75.5,6.9,0,11,0.17,0.0,0,16.4,12.09,2.52,40.0,78.71249999999999,0.6145833333333334
1,9,2022,373,79,72.0,75.5,7.0,0,11,0.18,0.0,0,17.6,10.32,2.18,39.0,78.33333333333333,0.6179166666666667
1,10,2022,374,82,70.0,76.0,7.6,0,11,0.001,0.0,0,8.0,10.69,2.07,36.0,78.04583333333333,0.4879166666666667
1,11,2022,375,77,65.0,71.0,2.6,0,6,0.94,0.0,0,15.5,11.74,2.11,40.0,78.23333333333333,0.4575
1,12,2022,376,76,66.0,71.0,2.7,0,6,0.01,0.0,0,15.9,7.98,2.11,41.0,77.40833333333335,0.7854166666666665
1,13,2022,377,77,62.0,69.5,1.2,0,5,0.01,0.0,0,8.5,13.78,2.7,39.0,76.62083333333334,0.9620833333333336
1,14,2022,378,72,57.0,64.5,-3.8,0,0,0.00,0.0,0,6.7,15.97,2.79,65.0,75.55416666666667,0.9720833333333332
1,15,2022,379,75,51.0,63.0,-5.3,2,0,0.00,0.0,0,12.0,16.44,3.32,71.0,75.17083333333333,0.8070833333333334
1,16,2022,380,77,63.0,70.0,1.7,0,5,0.22,0.0,0,24.1,7.59,2.42,44.0,74.56666666666666,0.9316666666666666
1,17,2022,381,75,60.0,67.5,-0.8,0,3,0.00,0.0,0,18.0,12.77,3.44,41.0,72.81666666666668,0.5499999999999999
1,18,2022,382,71,53.0,62.0,-6.3,3,0,0.00,0.0,0,13.2,17.45,3.33,44.0,72.05833333333334,0.325
1,19,2022,383,75,56.0,65.5,-2.8,0,1,0.00,0.0,0,8.3,12.65,2.77,56.0,72.00833333333333,0.41125
1,20,2022,384,81,63.0,72.0,3.7,0,7,1.69,0.0,0,11.3,11.01,2.61,41.0,72.89583333333333,0.4079166666666666
1,21,2022,385,82,70.0,76.0,7.6,0,11,2.39,0.0,0,7.0,12.94,2.36,37.0,74.28750000000001,0.3641666666666667
1,22,2022,386,79,64.0,71.5,3.1,0,7,0.01,0.0,0,11.8,7.78,1.52,40.0,76.125,0.3066666666666667
1,23,2022,387,64,50.0,57.0,-11.5,8,0,0.001,0.0,0,14.0,10.97,1.95,56.0,76.49583333333334,0.435
1,24,2022,388,65,46.0,55.5,-13.0,9,0,0.00,0.0,0,13.2,18.28,3.03,60.0,74.2625,0.6575000000000001
1,25,2022,389,74,50.0,62.0,-6.6,3,0,0.001,0.0,M,10.3,15.84,3.03,57.0,73.02499999999999,0.8879166666666666
1,26,2022,390,82,69.0,75.5,6.8,0,11,0.04,0.0,M,13.0,9.17,2.32,42.0,73.38260869565217,0.7691666666666667
1,27,2022,391,82,66.0,74.0,5.2,0,9,0.11,0.0,M,7.7,12.18,2.17,38.0,74.3625,0.6095833333333333
1,28,2022,392,75,63.0,69.0,0.1,0,4,0.00,0.0,M,13.5,14.34,2.87,37.0,75.34166666666667,0.66125
1,29,2022,393,66,46.0,56.0,-12.9,9,0,0.00,0.0,M,23.8,17.92,3.95,53.0,74.78750000000001,0.5866666666666667
1,30,2022,394,63,42.0,52.5,-16.5,12,0,0.00,0.0,M,15.2,18.5,3.51,44.0,70.84166666666667,0.6154166666666666
1,31,2022,395,71,49.0,60.0,-9.1,5,0,0.00,0.0,0,11.5,17.63,3.65,48.0,69.72083333333333,0.7341666666666665
2,1,2022,395,75,56.0,65.5,-3.8,0,1,0.00,M,M,16.3,12.03,3.93,47.0,70.10833333333333,0.8250000000000001
2,2,2022,396,78,67.0,72.5,3.1,0,8,0.00,0.0,0,13.4,14.35,3.18,45.0,69.90416666666667,0.7791666666666667
2,3,2022,397,80,70.0,75.0,5.5,0,10,0.00,0.0,0,16.4,16.1,4.1,44.0,70.37,0.6774999999999999
2,4,2022,398,81,71.0,76.0,6.4,0,11,0.00,0.0,0,15.0,15.69,3.49,40.0,70.635,0.50375
2,5,2022,399,81,66.0,73.5,3.8,0,9,0.00,0.0,0,7.8,14.63,2.88,57.0,70.9,0.285
2,6,2022,400,81,67.0,74.0,4.2,0,9,0.00,0.0,0,7.1,15.61,3.02,44.0,72.04166666666667,0.3583333333333333
2,7,2022,401,82,65.0,73.5,3.6,0,9,0.00,0.0,0,8.0,15.3,3.0,40.0,73.72500000000001,0.46875
2,8,2022,402,82,67.0,74.5,4.4,0,10,0.11,0.0,0,12.9,15.34,3.0,42.0,74.7375,0.4954166666666666
2,9,2022,403,67,62.0,64.5,-5.7,0,0,0.18,0.0,0,11.9,6.62,1.42,32.0,74.72916666666667,0.495
2,10,2022,404,79,58.0,68.5,-1.8,0,4,0.00,0.0,0,14.0,18.08,3.64,45.0,72.8875,0.5629166666666666
2,11,2022,405,81,63.0,72.0,1.6,0,7,0.05,0.0,0,7.6,14.37,3.01,45.0,73.20833333333333,0.65875
2,12,2022,406,83,68.0,75.5,5.0,0,11,0.01,0.0,0,8.2,15.72,2.98,40.0,74.25,0.5525
2,13,2022,407,75,62.0,68.5,-2.1,0,4,0.91,0.0,M,15.6,9.5,2.01,40.0,75.15416666666667,0.4195833333333333
2,14,2022,408,72,56.0,64.0,-6.7,1,0,0.00,0.0,0,18.4,18.67,4.01,54.0,73.62916666666666,0.15375
2,15,2022,409,77,57.0,67.0,-3.8,0,2,0.00,0.0,0,20.7,11.47,4.28,43.0,72.25,0.25875
2,16,2022,410,79,71.0,75.0,4.1,0,10,0.01,0.0,0,18.4,13.39,3.97,41.0,71.45,0.5283333333333333
2,17,2022,411,81,72.0,76.5,5.5,0,12,0.01,0.0,0,17.9,16.6,3.29,50.0,72.30833333333334,0.6058333333333333
2,18,2022,412,84,70.0,77.0,5.9,0,12,0.00,0.0,0,12.7,17.19,3.37,59.0,73.30833333333334,0.3875
2,19,2022,413,85,71.0,78.0,6.8,0,13,0.30,0.0,0,10.9,15.42,2.93,54.0,74.55833333333332,0.3025
2,20,2022,414,79,70.0,74.5,3.2,0,10,0.00,0.0,0,16.3,10.77,3.03,44.0,75.35833333333333,0.3445833333333334
2,21,2022,415,80,69.0,74.5,3.1,0,10,0.00,0.0,0,11.9,16.0,3.54,48.0,75.06666666666666,0.33625
2,22,2022,416,82,70.0,76.0,4.5,0,11,0.00,0.0,0,15.4,16.12,3.79,49.0,75.3625,0.3558333333333334
2,23,2022,417,83,71.0,77.0,5.5,0,12,0.00,0.0,0,14.4,19.27,4.02,37.0,75.75416666666666,0.29
2,24,2022,418,82,70.0,76.0,4.4,0,11,0.00,0.0,0,11.4,15.89,3.73,34.0,76.05833333333334,0.1445833333333333
2,25,2022,419,82,70.0,76.0,4.3,0,11,0.00,0.0,0,11.4,19.14,4.57,37.0,76.06666666666666,0.1379166666666666
2,26,2022,420,82,72.0,77.0,5.2,0,12,0.00,M,M,10.8,19.44,4.5,35.0,76.09166666666665,-0.0483333333333333
2,27,2022,421,84,71.0,77.5,5.7,0,13,0.001,0.0,0,9.2,16.61,3.55,31.0,76.625,0.1279166666666666
2,28,2022,422,85,71.0,78.0,6.1,0,13,0.02,0.0,0,11.0,17.05,3.65,61.0,77.29166666666667,0.1775
3,1,2022,423,82,66.0,74.0,2.0,0,9,0.00,0.0,0,12.9,18.83,3.86,52.0,77.20833333333333,0.3675
3,2,2022,424,79,68.0,73.5,1.5,0,9,0.02,0.0,0,10.4,15.67,3.34,42.0,76.82083333333333,0.4145833333333333
3,3,2022,425,81,69.0,75.0,2.9,0,10,0.07,M,M,12.0,16.99,3.85,45.0,76.53750000000001,0.5175000000000001
3,4,2022,426,81,67.0,74.0,1.8,0,9,0.001,M,M,18.0,18.08,4.74,42.0,76.31666666666666,0.5808333333333333
3,5,2022,427,81,71.0,76.0,3.8,0,11,0.001,0.0,0,21.7,17.67,5.31,39.0,75.81666666666666,0.5925000000000001
3,6,2022,428,82,74.0,78.0,5.7,0,13,0.01,0.0,0,20.3,18.11,4.96,48.0,75.37083333333332,0.5254166666666666
3,7,2022,429,83,74.0,78.5,6.2,0,14,0.14,0.0,0,18.9,16.48,4.12,55.0,75.275,0.2633333333333333
3,8,2022,430,84,75.0,79.5,7.1,0,15,0.00,0.0,0,14.2,18.6,4.05,50.0,76.32916666666667,0.1070833333333333
3,9,2022,431,84,74.0,79.0,6.5,0,14,0.00,0.0,0,14.6,19.0,4.32,56.0,77.18333333333334,0.0616666666666666
3,10,2022,432,85,75.0,80.0,7.5,0,15,0.02,0.0,0,14.6,18.73,4.07,51.0,77.97500000000001,0.1616666666666666
3,11,2022,433,86,74.0,80.0,7.4,0,15,0.00,0.0,M,14.6,20.66,4.36,47.0,78.75,0.1879166666666666
3,12,2022,434,90,60.0,75.0,2.3,0,10,0.001,0.0,0,22.9,17.43,5.11,53.0,79.33333333333333,0.2479166666666666
3,13,2022,435,74,52.0,63.0,-9.7,2,0,0.00,0.0,0,20.8,15.12,4.92,47.0,76.80833333333332,-0.13125
3,14,2022,436,77,67.0,72.0,-0.8,0,7,0.24,0.0,0,17.6,10.03,3.95,46.0,74.40833333333333,0.06125
3,15,2022,437,79,71.0,75.0,2.1,0,10,0.83,0.0,0,17.2,16.09,3.55,40.0,74.42083333333333,0.3229166666666667
3,16,2022,438,85,72.0,78.5,5.5,0,14,0.00,0.0,0,14.8,18.25,3.7,38.0,75.52083333333333,0.3804166666666666
3,17,2022,439,85,73.0,79.0,5.9,0,14,0.001,0.0,0,9.2,18.65,3.55,40.0,77.03750000000001,0.3699999999999999
3,18,2022,440,85,68.0,76.5,3.3,0,12,0.00,0.0,0,10.3,22.91,4.36,47.0,77.70833333333333,0.3083333333333333
3,19,2022,441,85,74.0,79.5,6.3,0,15,0.00,0.0,0,10.6,21.7,4.35,37.0,78.92083333333333,0.3295833333333333
3,20,2022,442,87,71.0,79.0,5.7,0,14,0.05,0.0,0,11.5,19.52,3.86,45.0,79.89166666666667,0.265
3,21,2022,443,79,72.0,75.5,2.1,0,11,0.00,0.0,0,17.9,23.69,5.22,49.0,79.70416666666667,0.2429166666666666
3,22,2022,444,82,72.0,77.0,3.5,0,12,0.00,0.0,0,16.3,20.12,5.21,48.0,77.8375,0.5108333333333334
3,23,2022,445,85,76.0,80.5,6.9,0,16,0.00,0.0,0,17.1,20.21,4.74,40.0,77.67083333333333,0.6029166666666667
3,24,2022,446,87,77.0,82.0,8.2,0,17,0.00,0.0,0,17.4,20.4,4.66,45.0,78.6625,0.4458333333333333
3,25,2022,447,80,67.0,73.5,-0.4,0,9,0.65,0.0,0,14.1,19.13,4.25,67.0,78.95833333333333,0.25875
3,26,2022,448,79,63.0,71.0,-3.0,0,6,0.00,M,M,13.4,25.79,5.46,112.0,77.05,0.1929166666666666
3,27,2022,449,82,62.0,72.0,-2.1,0,7,0.00,0.0,M,15.7,26.0,6.34,74.0,76.00833333333333,0.27
3,28,2022,450,83,62.0,72.5,-1.7,0,8,0.00,0.0,M,9.3,24.86,5.54,100.0,75.64166666666667,0.2816666666666667
3,29,2022,451,85,63.0,74.0,-0.4,0,9,0.00,0.0,M,10.5,25.86,5.54,93.0,76.24166666666666,0.1354166666666666
3,30,2022,452,83,73.0,78.0,3.5,0,13,0.00,0.0,0,19.9,19.58,5.61,77.0,76.71666666666665,0.2554166666666667
3,31,2022,453,85,77.0,81.0,6.4,0,16,0.00,0.0,0,21.9,19.47,5.73,56.0,76.61666666666666,0.3516666666666666
4,1,2022,454,88,77.0,82.5,7.8,0,18,0.00,M,M,14.8,20.88,4.6,55.0,77.4125,0.14625
4,2,2022,455,87,73.0,80.0,5.1,0,15,0.14,0.0,0,14.0,21.74,4.26,55.0,78.77916666666665,0.1133333333333333
4,3,2022,456,87,70.0,78.5,3.5,0,14,0.16,0.0,0,9.1,18.17,3.65,45.0,79.39583333333333,0.1883333333333333
4,4,2022,457,83,75.0,79.0,3.8,0,14,0.04,0.0,0,9.9,17.73,3.39,41.0,79.52499999999999,0.2895833333333333
4,5,2022,458,86,76.0,81.0,5.7,0,16,0.00,0.0,0,16.1,22.38,4.74,38.0,79.46249999999999,0.2533333333333333
4,6,2022,459,90,78.0,84.0,8.6,0,19,0.00,0.0,0,15.2,21.07,4.69,54.0,80.40833333333335,0.2366666666666667
4,7,2022,460,92,78.0,85.0,9.4,0,20,0.10,0.0,0,14.4,21.63,4.7,50.0,81.41666666666667,0.4020833333333333
4,8,2022,461,82,66.0,74.0,-1.7,0,9,0.00,0.0,0,13.6,19.25,5.12,60.0,81.33749999999999,0.4179166666666667
4,9,2022,462,82,63.0,72.5,-3.4,0,8,0.00,0.0,0,17.0,25.06,6.84,51.0,79.3,0.215
4,10,2022,463,79,57.0,68.0,-8.0,0,3,0.00,0.0,0,15.2,27.42,6.21,48.0,76.57083333333334,0.1258333333333333
4,11,2022,464,80,66.0,73.0,-3.1,0,8,0.00,0.0,0,14.5,25.71,6.07,49.0,75.84583333333333,0.2379166666666666
4,12,2022,465,83,72.0,77.5,1.2,0,13,0.00,0.0,0,16.0,20.55,5.99,46.0,75.44583333333333,0.2379166666666667
4,13,2022,466,84,74.0,79.0,2.6,0,14,0.00,0.0,0,16.2,18.51,5.5,50.0,75.42083333333333,0.2679166666666666
4,14,2022,467,86,75.0,80.5,3.9,0,16,0.00,0.0,0,15.7,21.85,5.03,59.0,76.52083333333333,0.3804166666666666
4,15,2022,468,83,72.0,77.5,0.8,0,13,2.49,0.0,0,12.4,17.71,3.51,34.0,77.89166666666667,0.4275
4,16,2022,469,84,74.0,79.0,2.2,0,14,0.00,0.0,0,11.4,21.41,4.37,34.0,77.80833333333334,0.53
4,17,2022,470,86,74.0,80.0,3.0,0,15,0.00,0.0,0,12.6,25.68,5.04,34.0,79.06666666666666,0.42375
4,18,2022,471,88,75.0,81.5,4.4,0,17,0.001,0.0,0,10.6,22.18,4.58,38.0,79.92083333333333,0.5133333333333333
4,19,2022,472,88,73.0,80.5,3.3,0,16,0.00,0.0,0,16.1,23.41,4.79,46.0,80.72916666666667,0.4625000000000001
4,20,2022,473,83,73.0,78.0,0.7,0,13,0.01,0.0,0,17.9,21.97,5.13,50.0,79.94583333333334,0.5608333333333334
4,21,2022,474,83,74.0,78.5,1.0,0,14,0.05,0.0,0,19.5,23.18,5.86,53.0,78.67916666666666,0.5504166666666667
4,22,2022,475,83,71.0,77.0,-0.6,0,12,0.18,0.0,0,20.3,21.72,4.7,52.0,77.75,0.62
4,23,2022,476,85,74.0,79.5,1.8,0,15,0.00,0.0,0,17.8,22.65,5.46,45.0,77.42083333333333,0.6266666666666666
4,24,2022,477,84,74.0,79.0,1.2,0,14,0.001,0.0,0,15.3,25.85,6.13,39.0,77.5,0.61
4,25,2022,478,85,74.0,79.5,1.6,0,15,0.00,0.0,0,13.4,23.54,5.35,48.0,77.8625,0.4670833333333333
4,26,2022,479,85,74.0,79.5,1.5,0,15,0.00,0.0,0,11.2,24.61,5.43,49.0,78.68333333333334,0.2833333333333333
4,27,2022,480,85,72.0,78.5,0.3,0,14,0.00,0.0,0,9.1,23.07,5.16,56.0,79.55833333333334,0.2466666666666666
4,28,2022,481,88,73.0,80.5,2.2,0,16,0.09,0.0,0,10.5,23.2,4.77,57.0,80.09166666666667,0.2783333333333334
4,29,2022,482,84,73.0,78.5,0.1,0,14,0.04,0.0,0,9.3,17.35,3.43,43.0,80.51249999999999,0.2841666666666667
4,30,2022,483,84,70.0,77.0,-1.5,0,12,1.36,0.0,0,9.4,21.81,4.21,42.0,80.59583333333333,0.245
5,1,2022,484,85,72.0,78.5,-0.1,0,14,0.06,0.0,0,11.0,24.6,5.14,42.0,80.55000000000001,0.26625
5,2,2022,485,86,75.0,80.5,1.8,0,16,0.00,0.0,0,13.3,24.48,5.13,41.0,80.51666666666667,0.3066666666666666
5,3,2022,486,87,77.0,82.0,3.2,0,17,0.02,0.0,0,12.9,22.84,4.72,43.0,80.72083333333333,0.2520833333333333
5,4,2022,487,88,73.0,80.5,1.6,0,16,0.28,0.0,0,7.1,23.9,4.53,41.0,81.60416666666667,0.16
5,5,2022,488,91,71.0,81.0,2.0,0,16,0.00,0.0,0,7.1,24.51,4.91,93.0,82.54583333333333,0.1820833333333333
5,6,2022,489,93,76.0,84.5,5.4,0,20,0.00,0.0,0,9.9,24.76,5.39,78.0,83.4125,0.2825
5,7,2022,490,93,76.0,84.5,5.3,0,20,0.00,0.0,0,14.9,22.36,5.66,53.0,83.72500000000001,0.4475
5,8,2022,491,94,75.0,84.5,5.2,0,20,0.15,0.0,0,11.5,21.56,4.59,41.0,83.33333333333333,0.5137499999999999
5,9,2022,492,87,72.0,79.5,0.1,0,15,0.00,0.0,0,14.9,22.6,4.79,45.0,82.625,0.6254166666666667
5,10,2022,493,85,70.0,77.5,-2.0,0,13,0.00,0.0,0,16.2,27.32,6.59,51.0,81.40416666666665,0.8666666666666666
5,11,2022,494,88,68.0,78.0,-1.5,0,13,0.001,0.0,0,16.6,20.48,5.09,47.0,80.12916666666666,0.97125
5,12,2022,495,84,68.0,76.0,-3.6,0,11,0.16,0.0,0,14.0,23.75,4.72,48.0,79.6375,1.3558333333333332
5,13,2022,496,86,70.0,78.0,-1.7,0,13,0.00,0.0,0,12.3,25.03,5.02,49.0,80.4,1.3608333333333331
5,14,2022,497,89,74.0,81.5,1.7,0,17,0.001,0.0,0,10.9,24.57,4.95,34.0,81.34583333333333,1.1241666666666663
5,15,2022,498,89,76.0,82.5,2.6,0,18,0.07,0.0,0,11.2,24.26,4.94,36.0,82.50833333333334,0.9966666666666668
5,16,2022,499,89,73.0,81.0,1.0,0,16,0.45,0.0,0,11.9,21.52,4.52,46.0,82.98333333333333,0.9408333333333334
5,17,2022,500,89,74.0,81.5,1.4,0,17,0.001,0.0,0,9.3,23.73,4.73,51.0,83.27499999999999,0.8229166666666666
5,18,2022,501,91,76.0,83.5,3.3,0,19,0.00,0.0,0,9.3,25.86,5.4,50.0,84.02083333333333,0.615
5,19,2022,502,90,78.0,84.0,3.7,0,19,0.00,0.0,0,11.6,24.02,5.16,34.0,84.84166666666667,0.5995833333333334
5,20,2022,503,91,75.0,83.0,2.6,0,18,1.65,M,M,17.4,13.86,2.98,44.0,84.50833333333333,0.6862499999999999
5,21,2022,504,88,82.0,85.0,4.5,0,20,0.00,M,M,15.0,23.99,4.99,87.0,84.15833333333333,0.6945833333333334
5,22,2022,505,89,81.0,85.0,4.4,0,20,0.00,0.0,0,15.3,23.68,5.04,60.0,84.38333333333334,0.62375
5,23,2022,506,88,78.0,83.0,2.3,0,18,0.03,0.0,0,13.4,25.8,5.56,35.0,84.33333333333333,0.5716666666666667
5,24,2022,507,88,78.0,83.0,2.2,0,18,0.00,0.0,0,13.7,26.65,6.22,38.0,84.34166666666665,0.55625
5,25,2022,508,88,79.0,83.5,2.6,0,19,0.001,0.0,0,14.6,24.65,6.21,52.0,83.97083333333333,0.4541666666666666
5,26,2022,509,88,79.0,83.5,2.5,0,19,0.00,0.0,0,15.2,27.03,6.12,51.0,83.92916666666666,0.4020833333333333
5,27,2022,510,89,78.0,83.5,2.3,0,19,0.001,0.0,0,13.0,24.92,5.84,47.0,84.29166666666667,0.4366666666666667
5,28,2022,511,89,71.0,80.0,-1.3,0,15,0.37,0.0,0,12.2,24.08,5.46,37.0,84.7375,0.4291666666666667
5,29,2022,512,89,70.0,79.5,-1.9,0,15,0.41,0.0,0,14.0,22.86,4.61,44.0,85.07916666666667,0.3462499999999999
5,30,2022,513,88,71.0,79.5,-2.0,0,15,0.76,0.0,0,16.6,16.27,3.91,35.0,83.77916666666667,0.2825
5,31,2022,514,86,76.0,81.0,-0.6,0,16,0.06,0.0,0,11.4,19.96,3.99,33.0,83.60000000000001,0.305
6,1,2022,515,92,68.0,80.0,-1.7,0,15,2.32,0.0,0,7.1,24.31,4.74,44.0,83.58333333333333,0.41125
6,2,2022,516,88,74.0,81.0,-0.8,0,16,0.27,0.0,0,12.6,18.28,3.46,37.0,84.47083333333335,0.4829166666666666
6,3,2022,517,78,71.0,74.5,-7.4,0,10,3.39,0.0,0,17.0,2.93,1.5,38.0,83.6875,0.6004166666666667
6,4,2022,518,86,72.0,79.0,-3.0,0,14,5.26,0.0,0,22.5,15.4,3.31,23.0,81.10000000000001,0.7970833333333333
6,5,2022,519,89,73.0,81.0,-1.0,0,16,0.00,0.0,0,9.1,23.18,4.77,37.0,81.1125,0.5883333333333333
6,6,2022,520,87,76.0,81.5,-0.6,0,17,0.02,0.0,M,11.5,20.81,4.04,35.0,82.48333333333333,0.5337500000000001
6,7,2022,521,87,75.0,81.0,-1.2,0,16,0.08,0.0,M,16.6,14.78,2.91,30.0,83.01666666666667,0.4375
6,8,2022,522,88,73.0,80.5,-1.8,0,16,0.11,0.0,0,9.9,23.74,4.57,35.0,82.57083333333334,0.3366666666666666
6,9,2022,523,91,73.0,82.0,-0.4,0,17,0.25,0.0,0,8.8,20.22,4.03,37.0,83.42916666666666,0.445
6,10,2022,524,89,75.0,82.0,-0.5,0,17,0.05,M,M,11.9,19.25,3.78,34.0,83.02916666666667,0.4225
6,11,2022,525,87,73.0,80.0,-2.6,0,15,0.03,0.0,0,8.4,21.41,4.2,47.0,82.73333333333333,0.4079166666666667
6,12,2022,526,92,74.0,83.0,0.4,0,18,0.88,0.0,0,8.6,24.71,5.23,55.0,83.85416666666667,0.3916666666666666
6,13,2022,527,91,77.0,84.0,1.3,0,19,0.001,0.0,0,8.8,24.81,5.05,62.0,84.64583333333333,0.2041666666666666
6,14,2022,528,90,79.0,84.5,1.7,0,20,0.05,0.0,0,9.0,24.2,4.77,88.0,86.1375,0.2233333333333333
6,15,2022,529,90,79.0,84.5,1.6,0,20,0.00,0.0,0,8.9,24.61,5.16,89.0,86.7625,0.4125
6,16,2022,530,91,80.0,85.5,2.6,0,21,0.00,0.0,0,8.1,24.25,5.1,48.0,87.26666666666667,0.5054166666666666
6,17,2022,531,90,74.0,82.0,-1.0,0,17,0.11,0.0,0,10.1,23.49,4.74,48.0,87.25833333333334,0.4791666666666667
6,18,2022,532,90,77.0,83.5,0.4,0,19,0.00,0.0,0,7.5,24.6,5.09,49.0,87.25,0.6254166666666666
6,19,2022,533,92,76.0,84.0,0.9,0,19,1.91,0.0,0,8.0,22.31,4.81,49.0,87.47500000000002,0.6208333333333332
6,20,2022,534,89,76.0,82.5,-0.7,0,18,0.01,0.0,0,7.6,21.98,4.53,43.0,87.50416666666668,0.6370833333333333
6,21,2022,535,88,77.0,82.5,-0.7,0,18,0.21,0.0,M,15.1,24.0,5.04,45.0,87.03333333333335,0.60375
6,22,2022,536,86,75.0,80.5,-2.8,0,16,0.02,0.0,M,12.6,24.38,5.31,51.0,85.4875,0.6954166666666667
6,23,2022,537,89,76.0,82.5,-0.8,0,18,0.00,0.0,0,9.9,26.54,5.67,64.0,85.21249999999999,0.7354166666666667
6,24,2022,538,91,78.0,84.5,1.1,0,20,0.00,0.0,0,9.9,25.8,5.63,48.0,85.91250000000001,0.7266666666666667
6,25,2022,539,91,76.0,83.5,0.1,0,19,0.64,0.0,0,7.1,21.93,4.54,49.0,86.41249999999998,0.5045833333333333
6,26,2022,540,90,78.0,84.0,0.5,0,19,0.00,0.0,0,7.9,20.48,4.17,37.0,86.4375,0.4283333333333334
6,27,2022,541,90,77.0,83.5,0.0,0,19,0.00,M,M,11.1,24.44,4.91,33.0,86.75416666666668,0.3891666666666666
6,28,2022,542,90,80.0,85.0,1.5,0,20,0.00,M,M,9.7,24.09,4.85,38.0,87.5625,0.4033333333333333
6,29,2022,543,91,78.0,84.5,0.9,0,20,0.001,0.0,0,7.7,24.46,4.92,44.0,87.7375,0.3666666666666667
6,30,2022,544,91,80.0,85.5,1.9,0,21,0.00,0.0,0,10.7,24.18,5.18,36.0,87.86666666666667,0.2420833333333333
7,1,2022,545,90,81.0,85.5,1.9,0,21,0.01,0.0,0,11.4,25.98,5.66,30.0,87.87083333333334,0.2820833333333333
7,2,2022,546,90,79.0,84.5,0.8,0,20,0.00,0.0,0,11.2,24.12,5.36,31.0,87.84166666666665,0.3066666666666666
7,3,2022,547,91,79.0,85.0,1.3,0,20,0.001,0.0,0,10.7,26.26,6.01,26.0,87.875,0.3679166666666667
7,4,2022,548,91,81.0,86.0,2.3,0,21,0.001,0.0,0,11.7,24.45,5.51,58.0,87.72916666666667,0.32375
7,5,2022,549,91,79.0,85.0,1.2,0,20,0.07,0.0,0,11.1,21.9,4.35,29.0,87.70416666666667,0.26125
7,6,2022,550,91,80.0,85.5,1.7,0,21,0.07,0.0,0,10.0,23.48,4.89,45.0,87.47083333333332,0.2808333333333333
7,7,2022,551,91,79.0,85.0,1.2,0,20,0.04,0.0,0,11.1,25.29,5.31,36.0,87.8875,0.2654166666666667
7,8,2022,552,91,80.0,85.5,1.7,0,21,0.29,0.0,0,11.4,24.19,5.28,31.0,88.0,0.1870833333333333
7,9,2022,553,92,80.0,86.0,2.1,0,21,0.08,0.0,0,12.3,24.71,4.99,34.0,87.96249999999999,0.12875
7,10,2022,554,93,80.0,86.5,2.6,0,22,0.10,0.0,0,9.6,23.69,5.29,32.0,87.98333333333335,0.0395833333333333
7,11,2022,555,94,79.0,86.5,2.6,0,22,0.00,0.0,M,11.2,24.62,5.21,42.0,88.06666666666668,-0.0116666666666666
7,12,2022,556,92,81.0,86.5,2.6,0,22,0.001,0.0,0,9.8,25.25,5.4,39.0,88.34999999999998,0.05125
7,13,2022,557,93,82.0,87.5,3.5,0,23,0.00,0.0,0,10.8,23.09,4.88,41.0,88.70416666666665,0.1766666666666666
7,14,2022,558,90,76.0,83.0,-1.0,0,18,0.11,0.0,0,10.1,24.45,5.2,52.0,88.9875,0.1916666666666666
7,15,2022,559,87,74.0,80.5,-3.5,0,16,0.77,0.0,0,13.4,18.96,3.85,36.0,88.69166666666668,0.2508333333333333
7,16,2022,560,88,73.0,80.5,-3.6,0,16,0.85,0.0,0,11.2,16.31,3.32,28.0,87.34583333333335,0.3216666666666667
7,17,2022,561,91,78.0,84.5,0.4,0,20,0.01,M,M,14.3,19.02,4.06,45.0,86.8916666666667,0.4070833333333334
7,18,2022,562,90,81.0,85.5,1.4,0,21,0.00,0.0,0,12.0,24.62,5.39,62.0,87.12916666666666,0.38625
7,19,2022,563,90,79.0,84.5,0.4,0,20,0.00,0.0,0,9.8,26.22,5.56,59.0,87.56666666666666,0.3475
7,20,2022,564,90,81.0,85.5,1.3,0,21,0.001,0.0,0,9.1,25.27,5.56,33.0,88.0125,0.4158333333333333
7,21,2022,565,91,82.0,86.5,2.3,0,22,0.00,0.0,0,9.9,24.83,5.57,35.0,88.17083333333335,0.3845833333333333
7,22,2022,566,90,78.0,84.0,-0.2,0,19,0.05,0.0,0,11.8,21.21,4.59,44.0,88.29166666666667,0.3529166666666666
7,23,2022,567,91,79.0,85.0,0.8,0,20,0.01,0.0,0,13.1,24.23,5.13,52.0,88.52916666666665,0.2029166666666667
7,24,2022,568,91,81.0,86.0,1.7,0,21,0.03,0.0,0,11.8,24.59,5.65,41.0,88.18333333333334,0.2725
7,25,2022,569,91,79.0,85.0,0.7,0,20,0.14,0.0,0,14.4,23.44,5.57,35.0,87.72083333333332,0.2916666666666667
7,26,2022,570,86,73.0,79.5,-4.8,0,15,1.70,0.0,0,12.2,17.36,3.88,52.0,86.79090909090911,0.2583333333333333
7,27,2022,571,90,72.0,81.0,-3.3,0,16,0.48,0.0,0,11.7,24.07,5.3,61.0,85.62083333333334,0.2133333333333333
7,28,2022,572,91,80.0,85.5,1.1,0,21,0.00,0.0,0,9.7,27.07,5.85,60.0,86.30833333333334,0.20875
7,29,2022,573,90,81.0,85.5,1.1,0,21,0.00,0.0,0,11.5,26.51,5.88,32.0,86.66250000000001,0.3925
7,30,2022,574,90,77.0,83.5,-0.9,0,19,0.001,0.0,0,12.8,25.89,6.24,30.0,86.64583333333333,0.4045833333333333
7,31,2022,575,91,81.0,86.0,1.6,0,21,0.00,0.0,0,12.8,24.77,5.82,30.0,86.52916666666665,0.4658333333333333
8,1,2022,576,91,80.0,85.5,1.1,0,21,0.00,0.0,0,11.1,25.18,5.51,53.0,86.88333333333333,0.5299999999999999
8,2,2022,577,91,78.0,84.5,0.1,0,20,0.00,0.0,0,10.2,23.04,4.98,33.0,87.39166666666667,0.56125
8,3,2022,578,90,77.0,83.5,-0.9,0,19,0.00,0.0,0,9.8,24.24,5.37,32.0,87.7333333333333,0.61375
8,4,2022,579,90,81.0,85.5,1.0,0,21,0.00,M,M,10.1,23.34,5.01,50.0,87.96666666666665,0.6075
8,5,2022,580,90,78.0,84.0,-0.5,0,19,0.41,0.0,0,11.2,20.34,4.51,57.0,87.92083333333333,0.525
8,6,2022,581,90,79.0,84.5,0.0,0,20,0.03,0.0,0,14.3,22.1,5.32,56.0,87.56666666666665,0.4370833333333333
8,7,2022,582,88,78.0,83.0,-1.5,0,18,0.11,0.0,0,13.0,17.93,3.97,32.0,86.74583333333332,0.4108333333333333
8,8,2022,583,90,76.0,83.0,-1.4,0,18,0.23,0.0,0,11.1,21.86,4.79,35.0,86.59583333333335,0.3733333333333333
8,9,2022,584,90,80.0,85.0,0.6,0,20,0.06,0.0,0,12.8,21.5,4.89,89.0,86.95416666666665,0.3387499999999999
8,10,2022,585,91,81.0,86.0,1.6,0,21,0.00,0.0,0,12.4,23.27,5.35,58.0,86.76666666666665,0.1833333333333333
8,11,2022,586,90,82.0,86.0,1.6,0,21,0.00,M,M,10.4,23.45,5.24,53.0,86.81666666666666,0.1491666666666666
8,12,2022,587,92,82.0,87.0,2.6,0,22,0.00,M,M,9.0,23.99,5.33,34.0,86.875,0.2416666666666666
8,13,2022,588,92,80.0,86.0,1.6,0,21,0.01,0.0,0,8.7,19.71,4.13,32.0,87.14999999999999,0.3808333333333333
8,14,2022,589,92,77.0,84.5,0.1,0,20,0.16,0.0,0,6.9,18.81,3.92,36.0,86.92500000000001,0.5104166666666666
8,15,2022,590,93,76.0,84.5,0.2,0,20,0.81,0.0,M,6.5,20.74,4.19,44.0,87.02083333333333,0.5683333333333332
8,16,2022,591,93,77.0,85.0,0.7,0,20,0.75,0.0,M,10.5,22.78,4.72,36.0,87.3625,0.6170833333333333
8,17,2022,592,96,78.0,87.0,2.7,0,22,0.00,0.0,0,8.3,21.91,4.67,37.0,87.38333333333334,0.6720833333333333
8,18,2022,593,96,79.0,87.5,3.3,0,23,0.00,0.0,0,8.7,23.22,4.93,38.0,87.74583333333334,0.7095833333333332
8,19,2022,594,94,81.0,87.5,3.3,0,23,0.00,0.0,0,9.1,23.93,5.04,39.0,88.30833333333332,0.56875
8,20,2022,595,94,80.0,87.0,2.8,0,22,0.13,0.0,0,10.8,20.31,4.68,32.0,88.79166666666667,0.5091666666666667
8,21,2022,596,93,83.0,88.0,3.9,0,23,0.001,0.0,0,12.4,24.22,5.47,35.0,88.73333333333333,0.515
8,22,2022,597,93,78.0,85.5,1.4,0,21,0.55,0.0,0,10.7,23.24,4.9,27.0,88.76666666666667,0.4754166666666666
8,23,2022,598,93,82.0,87.5,3.5,0,23,0.07,0.0,0,7.8,22.33,4.65,25.0,89.00416666666668,0.4541666666666666
8,24,2022,599,93,82.0,87.5,3.5,0,23,0.00,0.0,0,8.6,22.5,4.55,23.0,89.47083333333335,0.3541666666666667
8,25,2022,600,93,83.0,88.0,4.1,0,23,0.001,0.0,0,8.6,19.68,4.07,28.0,89.99583333333332,0.365
8,26,2022,601,93,82.0,87.5,3.6,0,23,0.00,0.0,0,7.1,22.9,4.78,31.0,90.14583333333331,0.4745833333333333
8,27,2022,602,91,79.0,85.0,1.2,0,20,0.001,0.0,0,8.0,20.97,4.36,33.0,89.91666666666667,0.61
8,28,2022,603,91,77.0,84.0,0.2,0,19,0.67,0.0,0,9.0,14.28,3.11,23.0,89.24166666666666,0.7862499999999999
8,29,2022,604,90,76.0,83.0,-0.7,0,18,0.49,0.0,0,11.6,20.97,4.26,27.0,87.99583333333334,0.7379166666666667
8,30,2022,605,92,82.0,87.0,3.3,0,22,0.02,0.0,0,11.5,23.07,5.11,45.0,87.27916666666665,0.6687499999999998
8,31,2022,606,90,76.0,83.0,-0.6,0,18,0.67,0.0,0,7.1,20.43,4.26,37.0,87.91249999999998,0.5866666666666668
9,1,2022,607,93,77.0,85.0,1.4,0,20,0.13,0.0,0,8.4,22.27,4.54,36.0,88.26086956521739,0.4945833333333333
9,2,2022,608,93,78.0,85.5,2.0,0,21,0.03,0.0,0,9.9,22.62,4.77,35.0,88.49166666666667,0.6145833333333334
9,3,2022,609,93,80.0,86.5,3.0,0,22,0.18,0.0,0,11.0,22.45,4.98,28.0,88.57083333333333,0.57875
9,4,2022,610,93,81.0,87.0,3.5,0,22,0.00,0.0,0,9.4,22.49,5.04,27.0,88.50833333333333,0.61
9,5,2022,611,93,80.0,86.5,3.1,0,22,0.001,0.0,0,7.8,22.02,4.6,31.0,88.72083333333335,0.7108333333333333
9,6,2022,612,93,79.0,86.0,2.6,0,21,0.03,0.0,0,6.6,23.52,4.93,31.0,89.19583333333333,0.6120833333333334
9,7,2022,613,96,80.0,88.0,4.7,0,23,0.59,0.0,0,7.9,21.57,4.5,40.0,89.82916666666667,0.5941666666666666
9,8,2022,614,93,74.0,83.5,0.2,0,19,0.54,0.0,0,8.7,18.17,3.72,42.0,89.6375,0.71
9,9,2022,615,93,78.0,85.5,2.3,0,21,0.04,0.0,0,13.4,17.09,3.63,43.0,88.84583333333332,0.94125
9,10,2022,616,94,83.0,88.5,5.3,0,24,0.00,0.0,0,11.0,21.04,4.61,33.0,88.375,0.86875
9,11,2022,617,94,82.0,88.0,4.9,0,23,0.00,0.0,0,9.9,21.46,4.4,31.0,88.84999999999998,0.75625
9,12,2022,618,93,78.0,85.5,2.4,0,21,0.14,0.0,0,4.8,19.59,3.93,34.0,89.09583333333332,0.81625
9,13,2022,619,93,76.0,84.5,1.4,0,20,0.18,0.0,0,7.1,20.44,4.2,40.0,89.49166666666667,1.0358333333333334
9,14,2022,620,88,75.0,81.5,-1.5,0,17,2.61,0.0,0,6.7,10.57,2.25,39.0,88.78749999999998,1.10875
9,15,2022,621,90,75.0,82.5,-0.5,0,18,0.45,0.0,0,8.8,17.96,3.63,34.0,87.575,1.090833333333333
9,16,2022,622,90,75.0,82.5,-0.4,0,18,0.84,0.0,0,8.1,13.41,2.81,35.0,86.8875,0.8825
9,17,2022,623,92,75.0,83.5,0.6,0,19,0.35,0.0,0,12.3,15.01,3.18,26.0,86.74583333333334,0.9575
9,18,2022,624,88,75.0,81.5,-1.4,0,17,0.03,0.0,0,5.2,16.95,3.42,28.0,86.19166666666666,0.9483333333333333
9,19,2022,625,89,76.0,82.5,-0.3,0,18,0.001,0.0,M,8.6,16.87,3.4,44.0,86.20416666666667,1.0520833333333333
9,20,2022,626,93,78.0,85.5,2.7,0,21,0.00,0.0,M,8.7,20.7,4.44,39.0,86.3125,1.0633333333333332
9,21,2022,627,94,80.0,87.0,4.3,0,22,0.09,0.0,0,9.9,20.16,4.23,31.0,86.84166666666665,1.0579166666666666
9,22,2022,628,94,79.0,86.5,3.8,0,22,0.001,0.0,0,7.1,19.42,3.97,42.0,86.73333333333335,1.1004166666666666
9,23,2022,629,95,78.0,86.5,3.9,0,22,0.00,0.0,0,7.0,23.07,4.91,84.0,86.97499999999998,1.12
9,24,2022,630,91,76.0,83.5,0.9,0,19,0.39,0.0,0,7.1,18.72,3.85,64.0,87.19166666666666,1.3141666666666667
9,25,2022,631,91,77.0,84.0,1.5,0,19,0.00,0.0,0,8.4,21.04,4.25,39.0,87.29166666666667,1.28
9,26,2022,632,90,75.0,82.5,0.0,0,18,1.67,0.0,0,10.8,12.56,2.66,28.0,87.31666666666666,1.4704166666666667
9,27,2022,633,84,76.0,80.0,-2.4,0,15,3.54,0.0,0,26.0,5.96,1.77,41.0,85.33333333333333,1.3841666666666663
9,28,2022,634,86,79.0,82.5,0.1,0,18,0.32,0.0,0,31.5,9.75,2.67,44.0,83.0391304347826,1.5604166666666668
9,29,2022,635,87,73.0,80.0,-2.3,0,15,0.00,0.0,0,25.9,15.16,3.81,36.0,81.62083333333332,0.8816666666666667
9,30,2022,636,85,69.0,77.0,-5.2,0,12,0.00,0.0,0,15.0,20.77,4.27,80.0,81.075,1.0479166666666666
10,1,2022,637,86,75.0,80.5,-1.6,0,16,0.001,0.0,0,7.5,11.29,2.58,42.0,81.61666666666666,1.4458333333333335
10,2,2022,638,88,75.0,81.5,-0.6,0,17,0.02,0.0,0,11.9,7.78,2.29,44.0,81.79166666666667,1.656666666666667
10,3,2022,639,90,74.0,82.0,0.0,0,17,0.00,0.0,0,7.2,19.39,4.1,97.0,81.80833333333334,1.471666666666667
10,4,2022,640,89,75.0,82.0,0.1,0,17,0.00,0.0,0,8.5,18.55,4.03,49.0,81.94166666666666,1.2383333333333333
10,5,2022,641,88,73.0,80.5,-1.3,0,16,0.001,0.0,0,9.5,18.29,3.85,42.0,81.62916666666666,1.31875
10,6,2022,642,86,75.0,80.5,-1.2,0,16,0.001,0.0,0,11.4,18.22,4.1,43.0,81.6375,1.3870833333333332
10,7,2022,643,87,75.0,81.0,-0.5,0,16,0.00,0.0,0,12.4,18.93,4.33,45.0,81.6375,1.3116666666666668
10,8,2022,644,86,75.0,80.5,-0.9,0,16,0.23,0.0,0,14.5,16.02,3.38,31.0,81.5,1.2045833333333331
10,9,2022,645,85,76.0,80.5,-0.8,0,16,2.23,0.0,0,10.1,12.86,2.73,40.0,81.55833333333334,1.1908333333333332
10,10,2022,646,90,76.0,83.0,1.8,0,18,0.00,0.0,M,8.1,19.23,3.92,44.0,81.7375,1.315416666666667
10,11,2022,647,91,79.0,85.0,4.0,0,20,0.00,0.0,M,9.2,17.12,3.63,42.0,82.72083333333335,1.1766666666666667
10,12,2022,648,91,81.0,86.0,5.1,0,21,0.00,0.0,M,9.1,17.24,3.49,42.0,83.45833333333333,1.1495833333333334
10,13,2022,649,90,76.0,83.0,2.3,0,18,1.67,0.0,0,11.5,9.37,2.09,37.0,83.95,1.3529166666666663
10,14,2022,650,88,76.0,82.0,1.4,0,17,0.23,0.0,0,8.2,17.93,3.43,34.0,83.57916666666667,1.3608333333333331
10,15,2022,651,89,77.0,83.0,2.6,0,18,0.04,0.0,0,10.9,16.2,3.26,44.0,83.84583333333335,1.2491666666666668
10,16,2022,652,88,79.0,83.5,3.3,0,19,0.00,0.0,0,11.9,15.2,3.53,49.0,83.53333333333335,1.2479166666666666
10,17,2022,653,87,78.0,82.5,2.4,0,18,0.04,0.0,0,9.5,15.94,3.42,48.0,83.25,1.3416666666666668
10,18,2022,654,89,78.0,83.5,3.6,0,19,0.001,0.0,0,7.9,15.0,3.17,26.0,83.19166666666666,1.33875
10,19,2022,655,79,63.0,71.0,-8.7,0,6,0.35,0.0,0,13.5,5.71,1.74,45.0,82.48333333333333,1.2154166666666666
10,20,2022,656,81,64.0,72.5,-7.0,0,8,0.00,0.0,0,12.1,15.22,3.07,40.0,79.66666666666666,1.0333333333333332
10,21,2022,657,83,67.0,75.0,-4.3,0,10,0.03,0.0,0,15.1,13.34,2.86,41.0,79.1875,1.1654166666666663
10,22,2022,658,86,68.0,77.0,-2.1,0,12,0.00,0.0,0,14.7,17.18,4.1,42.0,78.80833333333332,1.1987500000000002
10,23,2022,659,86,71.0,78.5,-0.4,0,14,0.01,0.0,0,12.5,16.7,4.0,40.0,79.24166666666667,1.2254166666666666
10,24,2022,660,86,72.0,79.0,0.3,0,14,0.00,0.0,0,10.2,16.21,3.69,40.0,79.29166666666667,1.1729166666666666
10,25,2022,661,89,71.0,80.0,1.5,0,15,0.00,M,M,10.2,19.15,4.47,44.0,79.27916666666667,1.1925
10,26,2022,662,87,69.0,78.0,-0.3,0,13,0.00,0.0,0,7.1,19.16,3.99,80.0,79.71666666666665,1.0729166666666667
10,27,2022,663,88,72.0,80.0,1.9,0,15,0.00,M,M,8.5,17.23,3.6,58.0,80.00416666666668,1.1133333333333333
10,28,2022,664,87,72.0,79.5,1.6,0,15,0.00,0.0,0,12.3,16.19,4.1,42.0,80.38333333333334,0.9575
10,29,2022,665,88,75.0,81.5,3.8,0,17,0.00,0.0,0,14.5,14.45,3.34,57.0,80.48333333333333,0.88125
10,30,2022,666,87,77.0,82.0,4.5,0,17,0.001,0.0,0,11.1,15.63,3.7,38.0,80.60000000000001,0.90625
10,31,2022,667,88,76.0,82.0,4.7,0,17,0.00,0.0,0,9.5,16.07,3.29,38.0,81.10416666666667,1.2725
11,1,2022,668,90,79.0,84.5,7.4,0,20,0.02,0.0,0,8.3,16.18,3.44,35.0,81.925,1.3266666666666669
11,2,2022,669,90,79.0,84.5,7.6,0,20,0.00,0.0,M,9.4,14.69,3.13,31.0,82.49583333333334,1.1529166666666668
11,3,2022,670,88,76.0,82.0,5.3,0,17,0.14,0.0,0,10.7,15.67,3.39,37.0,82.84166666666665,1.1975
11,4,2022,671,86,73.0,79.5,3.0,0,15,0.02,0.0,0,16.6,16.57,4.01,40.0,82.20416666666667,1.127916666666667
11,5,2022,672,87,73.0,80.0,3.7,0,15,0.01,0.0,0,10.8,15.94,4.01,42.0,81.07083333333334,1.1816666666666666
11,6,2022,673,87,72.0,79.5,3.3,0,15,0.34,0.0,0,16.7,13.82,3.49,39.0,81.06249999999999,1.2733333333333332
11,7,2022,674,86,74.0,80.0,4.0,0,15,0.02,0.0,0,18.8,15.83,4.41,48.0,80.60416666666667,1.1537499999999998
11,8,2022,675,86,71.0,78.5,2.7,0,14,0.59,0.0,0,20.5,14.78,4.16,50.0,79.78333333333335,1.14625
11,9,2022,676,78,69.0,73.5,-2.1,0,9,1.35,0.0,0,23.2,4.01,1.58,45.0,79.04583333333333,1.6191666666666666
11,10,2022,677,85,70.0,77.5,2.0,0,13,0.001,0.0,0,22.1,13.8,3.06,34.0,77.84166666666667,1.9879166666666663
11,11,2022,678,88,72.0,80.0,4.7,0,15,0.00,0.0,0,12.3,14.71,3.12,43.0,78.5,1.6820833333333332
11,12,2022,679,86,72.0,79.0,3.9,0,14,0.02,0.0,0,6.8,15.11,2.9,49.0,79.19166666666666,1.2754166666666666
11,13,2022,680,88,69.0,78.5,3.5,0,14,0.00,0.0,0,4.4,15.1,2.93,37.0,79.7,1.1679166666666667
11,14,2022,681,86,73.0,79.5,4.7,0,15,0.00,0.0,0,7.9,14.62,3.14,36.0,80.05833333333334,1.14375
11,15,2022,682,86,73.0,79.5,4.8,0,15,0.00,0.0,0,8.1,15.63,3.31,38.0,80.16250000000001,0.9920833333333332
11,16,2022,683,87,71.0,79.0,4.4,0,14,0.001,0.0,0,5.7,14.17,2.74,40.0,80.89166666666667,0.9054166666666664
11,17,2022,684,81,69.0,75.0,0.6,0,10,0.00,0.0,0,16.2,11.82,2.46,56.0,81.14166666666667,0.9695833333333334
11,18,2022,685,81,65.0,73.0,-1.3,0,8,0.00,0.0,0,15.8,11.36,3.03,42.0,79.72500000000001,1.0516666666666667
11,19,2022,686,81,70.0,75.5,1.3,0,11,0.01,0.0,0,15.9,10.07,3.16,38.0,78.625,1.235
11,20,2022,687,78,69.0,73.5,-0.6,0,9,4.46,0.0,0,21.5,9.7,2.06,38.0,78.16666666666667,1.3983333333333334
11,21,2022,688,78,72.0,75.0,1.1,0,10,1.06,0.0,0,19.7,7.33,1.89,34.0,77.16956521739131,1.4400000000000002
11,22,2022,689,85,72.0,78.5,4.7,0,14,0.10,0.0,0,7.8,12.41,2.54,38.0,77.20416666666667,1.2025
11,23,2022,690,86,69.0,77.5,3.8,0,13,0.00,0.0,0,4.9,13.73,2.6,40.0,78.1875,1.086666666666667
11,24,2022,691,87,73.0,80.0,6.4,0,15,0.00,0.0,0,7.0,12.9,2.45,35.0,79.075,0.94
11,25,2022,692,88,77.0,82.5,9.0,0,18,0.00,0.0,0,8.4,13.61,2.8,45.0,79.82916666666667,0.9375
11,26,2022,693,87,75.0,81.0,7.6,0,16,0.00,0.0,0,8.1,13.62,2.75,46.0,80.425,0.9812499999999998
11,27,2022,694,89,75.0,82.0,8.7,0,17,0.001,0.0,0,9.7,13.01,2.72,35.0,80.86666666666666,0.9783333333333332
11,28,2022,695,88,73.0,80.5,7.3,0,16,0.03,0.0,0,8.1,13.75,2.75,44.0,81.10000000000001,0.9308333333333332
11,29,2022,696,84,73.0,78.5,5.4,0,14,0.00,0.0,0,14.0,14.48,3.43,41.0,81.04166666666667,0.9904166666666664
11,30,2022,697,86,73.0,79.5,6.5,0,15,0.32,0.0,0,12.8,12.77,2.93,40.0,80.35000000000001,1.0466666666666666
12,1,2022,698,83,74.0,78.5,5.6,0,14,0.07,0.0,0,19.0,10.77,2.11,44.0,80.39583333333333,0.9495833333333334
12,2,2022,699,82,74.0,78.0,5.1,0,13,0.00,0.0,0,17.4,13.27,3.63,47.0,79.10416666666667,0.96
12,3,2022,700,83,73.0,78.0,5.2,0,13,0.00,0.0,0,17.4,13.67,4.23,53.0,77.8,1.0145833333333334
12,4,2022,701,82,69.0,75.5,2.8,0,11,0.00,0.0,0,10.4,11.52,3.52,40.0,76.94166666666666,0.745
12,5,2022,702,83,69.0,76.0,3.4,0,11,0.00,0.0,0,9.2,11.83,2.75,49.0,76.79166666666667,0.9808333333333332
12,6,2022,703,83,72.0,77.5,5.0,0,13,0.02,0.0,0,10.1,13.76,3.26,46.0,77.12916666666666,0.8795833333333333
12,7,2022,704,84,71.0,77.5,5.1,0,13,0.02,M,M,11.2,11.43,2.97,37.0,77.10833333333333,0.7870833333333334
12,8,2022,705,82,69.0,75.5,3.2,0,11,0.00,0.0,0,10.6,11.89,3.27,37.0,76.78333333333333,0.5750000000000001
12,9,2022,706,82,67.0,74.5,2.4,0,10,0.00,0.0,0,8.9,11.17,2.5,48.0,77.12083333333334,0.6725
12,10,2022,707,82,68.0,75.0,3.0,0,10,0.00,0.0,0,9.0,14.53,3.11,60.0,77.35000000000001,0.75375
12,11,2022,708,82,64.0,73.0,1.1,0,8,0.00,0.0,0,8.2,15.07,3.19,69.0,77.2625,0.9245833333333332
12,12,2022,709,80,64.0,72.0,0.2,0,7,0.00,0.0,0,8.8,15.29,2.93,77.0,77.36666666666667,1.0466666666666666
12,13,2022,710,82,64.0,73.0,1.3,0,8,0.01,0.0,0,8.8,13.64,2.8,64.0,77.33749999999999,1.315416666666667
12,14,2022,711,82,66.0,74.0,2.4,0,9,0.00,0.0,0,12.5,12.45,3.37,56.0,76.79166666666667,1.3591666666666669
12,15,2022,712,85,74.0,79.5,8.0,0,15,0.00,0.0,0,17.7,12.91,3.6,54.0,75.99583333333334,1.2045833333333331
12,16,2022,713,81,69.0,75.0,3.7,0,10,0.17,0.0,0,9.3,7.83,1.75,41.0,76.59583333333332,0.9270833333333334
12,17,2022,714,80,68.0,74.0,2.8,0,9,0.16,0.0,0,9.6,6.69,1.48,33.0,76.675,0.7558333333333334
12,18,2022,715,81,67.0,74.0,2.9,0,9,0.07,0.0,0,14.9,8.8,2.01,40.0,77.14583333333333,0.8133333333333335
12,19,2022,716,79,63.0,71.0,0.1,0,6,0.00,0.0,0,14.6,12.4,3.2,43.0,76.3125,0.7579166666666666
12,20,2022,717,81,69.0,75.0,4.2,0,10,0.38,0.0,0,14.8,9.74,2.87,44.0,75.875,0.8104166666666668
12,21,2022,718,82,68.0,75.0,4.3,0,10,0.01,0.0,0,15.0,11.51,2.22,36.0,75.65416666666667,0.8795833333333333
12,22,2022,719,85,68.0,76.5,6.0,0,12,0.00,0.0,0,7.0,13.86,2.72,44.0,76.21249999999999,0.9479166666666666
12,23,2022,720,82,59.0,70.5,0.1,0,6,0.27,0.0,0,16.3,9.65,2.2,40.0,76.4875,0.8420833333333334
12,24,2022,721,59,48.0,53.5,-16.8,11,0,0.001,0.0,0,17.6,10.28,3.03,33.0,74.4875,0.7483333333333334
12,25,2022,722,50,45.0,47.5,-22.6,17,0,0.03,0.0,0,16.9,5.93,2.4,55.0,70.31666666666666,0.6554166666666666
12,26,2022,723,56,48.0,52.0,-18.0,13,0,0.38,0.0,0,14.2,3.72,1.32,42.0,68.125,0.7925000000000001
12,27,2022,724,73,56.0,64.5,-5.4,0,0,0.14,0.0,M,13.6,7.35,1.55,35.0,68.9125,0.8016666666666666
12,28,2022,725,79,58.0,68.5,-1.2,0,4,0.00,0.0,0,14.5,12.03,3.2,39.0,69.95833333333333,0.7612500000000001
12,29,2022,726,80,69.0,74.5,4.9,0,10,0.00,0.0,0,15.3,11.21,3.16,37.0,71.50416666666666,0.61875
12,30,2022,727,82,72.0,77.0,7.5,0,12,0.00,0.0,0,13.0,13.88,2.79,38.0,73.08749999999999,0.6291666666666665
12,31,2022,728,83,70.0,76.5,7.2,0,12,0.00,0.0,0,10.4,14.33,2.68,90.0,73.8875,0.5870833333333333
1,1,2023,729,86,69.0,77.5,8.3,0,13,0.00,0.0,0,8.0,13.05,2.53,165.0,74.57083333333333,0.3666666666666667
1,2,2023,730,84,68.0,76.0,6.9,0,11,0.00,0.0,M,11.7,13.95,2.94,39.0,75.2,0.315
1,3,2023,731,83,73.0,78.0,9.0,0,13,0.00,0.0,M,12.5,12.64,2.79,40.0,75.40416666666667,0.3045833333333334
1,4,2023,732,84,73.0,78.5,9.6,0,14,0.00,0.0,M,13.7,13.02,2.96,46.0,75.47083333333333,0.2720833333333333
1,5,2023,733,86,72.0,79.0,10.2,0,14,0.00,0.0,0,9.9,14.98,3.09,39.0,75.1,0.09875
1,6,2023,734,80,66.0,73.0,4.3,0,8,0.00,0.0,0,13.2,15.02,3.66,45.0,75.29583333333333,-0.0291666666666666
1,7,2023,735,79,61.0,70.0,1.4,0,5,0.00,0.0,0,11.4,15.96,3.7,46.0,74.3625,0.0683333333333333
1,8,2023,736,80,61.0,70.5,1.9,0,6,0.00,0.0,0,10.2,14.64,3.34,48.0,73.9875,0.20125
1,9,2023,737,80,64.0,72.0,3.5,0,7,0.001,0.0,0,9.3,15.74,3.13,62.0,74.68333333333332,0.2691666666666666
1,10,2023,738,81,63.0,72.0,3.6,0,7,0.00,0.0,0,10.0,15.57,3.3,54.0,75.19583333333334,0.42375
1,11,2023,739,79,57.0,68.0,-0.4,0,3,0.00,0.0,0,10.7,16.89,3.83,67.0,74.4047619047619,0.4287499999999999
1,12,2023,740,81,58.0,69.5,1.2,0,5,0.00,0.0,0,11.2,14.74,3.33,61.0,73.97391304347825,0.5258333333333334
1,13,2023,741,82,59.0,70.5,2.2,0,6,0.03,0.0,0,18.0,11.31,3.25,54.0,73.82916666666667,0.585
1,14,2023,742,62,48.0,55.0,-13.3,10,0,0.00,0.0,0,21.4,16.77,4.04,36.0,71.78750000000001,0.3970833333333333
1,15,2023,743,64,45.0,54.5,-13.8,10,0,0.00,0.0,0,14.8,17.51,3.28,54.0,68.80000000000001,0.4295833333333334
1,16,2023,744,74,44.0,59.0,-9.3,6,0,0.00,0.0,0,7.8,16.78,3.22,74.0,69.575,0.695
1,17,2023,745,76,53.0,64.5,-3.8,0,0,0.00,0.0,0,9.8,16.01,3.02,67.0,70.03333333333335,0.6829166666666667
1,18,2023,746,80,58.0,69.0,0.7,0,4,0.00,0.0,0,11.2,15.13,3.19,62.0,70.08333333333333,0.5379166666666667
1,19,2023,747,84,63.0,73.5,5.2,0,9,0.00,0.0,0,10.8,15.18,3.96,45.0,70.83749999999999,0.4129166666666666
1,20,2023,748,83,67.0,75.0,6.7,0,10,0.00,0.0,0,7.1,15.46,3.14,72.0,71.6875,0.1291666666666666
1,21,2023,749,83,67.0,75.0,6.6,0,10,0.00,0.0,0,7.6,13.84,2.85,55.0,72.69583333333333,0.0249999999999999
1,22,2023,750,85,70.0,77.5,9.1,0,13,0.00,0.0,0,17.3,14.4,3.62,52.0,73.34583333333335,0.1045833333333333
1,23,2023,751,88,71.0,79.5,11.0,0,15,0.00,0.0,0,12.5,13.42,3.08,58.0,73.63333333333334,0.0616666666666666
1,24,2023,752,80,69.0,74.5,6.0,0,10,0.02,M,M,14.9,12.03,3.28,49.0,73.63333333333334,0.0266666666666666
1,25,2023,753,84,73.0,78.5,9.9,0,14,0.001,0.0,0,16.6,15.02,3.92,52.0,73.825,0.3454166666666667
1,26,2023,754,82,69.0,75.5,6.8,0,11,0.00,0.0,0,12.9,12.95,2.86,53.0,74.71666666666665,0.2575
1,27,2023,755,72,61.0,66.5,-2.3,0,2,0.001,0.0,0,16.7,6.01,2.28,48.0,75.04583333333333,-0.0504166666666666
1,28,2023,756,79,64.0,71.5,2.6,0,7,0.00,0.0,0,17.9,11.63,3.3,39.0,74.52083333333333,0.2966666666666666
1,29,2023,757,82,73.0,77.5,8.6,0,13,0.00,0.0,0,16.4,13.52,3.66,38.0,74.42083333333333,0.3170833333333333
1,30,2023,758,84,70.0,77.0,8.0,0,12,0.001,0.0,0,10.9,14.72,3.15,40.0,74.94166666666666,0.4199999999999999
1,31,2023,759,84,72.0,78.0,8.9,0,13,0.00,0.0,0,9.7,14.74,3.44,53.0,75.6125,0.31625
2,1,2023,759,85,69.0,77.0,7.7,0,12,0.00,0.0,0,8.9,15.2,3.4,46.0,76.4375,0.32875
2,2,2023,760,84,70.0,77.0,7.6,0,12,0.00,0.0,0,10.2,15.16,3.21,55.0,76.99166666666666,0.3020833333333333
2,3,2023,761,88,69.0,78.5,9.0,0,14,0.00,0.0,0,15.8,16.0,3.56,45.0,77.53750000000001,0.3429166666666667
2,4,2023,762,75,64.0,69.5,-0.1,0,5,0.32,0.0,0,23.5,11.28,2.97,47.0,77.17916666666666,0.3604166666666666
2,5,2023,763,83,68.0,75.5,5.8,0,11,4.13,0.0,0,19.7,13.47,2.76,37.0,75.46249999999999,0.6675
2,6,2023,764,82,68.0,75.0,5.2,0,10,0.00,0.0,M,15.3,13.98,3.18,41.0,75.35416666666667,0.5308333333333334
2,7,2023,765,80,69.0,74.5,4.6,0,10,0.00,0.0,M,14.9,17.99,4.24,45.0,75.34166666666665,0.4225
2,8,2023,766,81,70.0,75.5,5.4,0,11,0.00,0.0,0,13.4,17.37,4.71,45.0,74.425,0.2770833333333333
2,9,2023,767,82,73.0,77.5,7.3,0,13,0.00,0.0,0,15.5,15.71,3.96,48.0,74.16666666666667,0.4195833333333333
2,10,2023,768,83,73.0,78.0,7.7,0,13,0.00,0.0,0,13.5,18.41,4.01,46.0,74.6125,0.3433333333333332
2,11,2023,769,86,72.0,79.0,8.6,0,14,0.00,0.0,0,15.1,16.51,3.71,45.0,75.56666666666666,0.23125
2,12,2023,770,78,65.0,71.5,1.0,0,7,0.66,0.0,0,20.8,15.17,4.03,47.0,76.15833333333333,0.1320833333333333
2,13,2023,771,75,59.0,67.0,-3.6,0,2,0.00,0.0,0,16.1,20.26,4.73,62.0,74.28333333333335,0.0304166666666666
2,14,2023,772,77,57.0,67.0,-3.7,0,2,0.00,0.0,0,10.9,18.33,4.03,55.0,73.61666666666666,0.045
2,15,2023,773,82,70.0,76.0,5.2,0,11,0.00,0.0,0,14.7,14.35,4.4,43.0,73.37916666666668,0.0383333333333333
2,16,2023,774,83,73.0,78.0,7.1,0,13,0.00,0.0,0,16.7,14.08,4.63,52.0,73.58749999999999,0.0908333333333333
2,17,2023,775,83,72.0,77.5,6.5,0,13,0.61,0.0,0,13.4,12.55,2.91,62.0,74.325,-0.0420833333333333
2,18,2023,776,82,71.0,76.5,5.4,0,12,0.00,0.0,0,16.9,13.71,2.82,58.0,74.875,-0.1020833333333333
2,19,2023,777,84,71.0,77.5,6.3,0,13,0.00,0.0,0,11.4,15.42,3.42,54.0,75.45833333333333,-0.0174999999999999
2,20,2023,778,85,72.0,78.5,7.2,0,14,0.00,0.0,0,9.4,15.8,3.33,58.0,76.34166666666665,-0.1070833333333333
2,21,2023,779,86,70.0,78.0,6.6,0,13,0.00,0.0,0,10.0,16.28,3.56,52.0,77.04583333333333,-0.0754166666666666
2,22,2023,780,84,69.0,76.5,5.0,0,12,0.00,0.0,0,12.0,19.27,4.43,52.0,77.65833333333335,0.0258333333333333
2,23,2023,781,85,74.0,79.5,8.0,0,15,0.00,0.0,0,12.4,19.37,4.72,52.0,78.03750000000001,-0.0375
2,24,2023,782,86,70.0,78.0,6.4,0,13,0.00,0.0,0,9.4,19.79,4.44,59.0,78.35833333333333,-0.1362499999999999
2,25,2023,783,85,68.0,76.5,4.8,0,12,0.00,0.0,0,8.4,20.01,4.38,54.0,78.70416666666667,-0.2070833333333333
2,26,2023,784,87,69.0,78.0,6.2,0,13,0.00,0.0,0,9.9,20.81,4.46,72.0,78.97916666666667,-0.2120833333333333
2,27,2023,785,84,67.0,75.5,3.7,0,11,0.00,0.0,0,11.9,20.3,4.62,68.0,79.13333333333334,-0.0683333333333333
2,28,2023,786,88,64.0,76.0,4.1,0,11,0.00,0.0,0,10.1,21.85,5.21,70.0,78.87916666666666,-0.0045833333333333
3,1,2023,787,85,62.0,73.5,1.5,0,9,0.00,0.0,0,10.8,22.32,4.85,89.0,78.80833333333334,-0.0683333333333333
3,2,2023,788,84,70.0,77.0,5.0,0,12,0.00,M,M,13.1,18.98,4.68,55.0,78.47916666666667,0.18125
3,3,2023,789,87,75.0,81.0,8.9,0,16,0.00,0.0,0,20.1,20.65,5.01,87.0,78.48333333333333,0.415
3,4,2023,790,89,71.0,80.0,7.8,0,15,0.00,0.0,0,14.3,18.39,4.28,78.0,79.06666666666666,0.4641666666666666
3,5,2023,791,89,68.0,78.5,6.3,0,14,0.00,0.0,0,7.5,21.19,4.37,57.0,79.375,0.4466666666666666
3,6,2023,792,91,72.0,81.5,9.2,0,17,0.00,0.0,0,10.6,18.67,4.26,67.0,80.07083333333334,0.4654166666666667
3,7,2023,793,91,71.0,81.0,8.7,0,16,0.00,0.0,0,10.0,17.07,3.91,67.0,80.0625,0.5583333333333335
3,8,2023,794,90,74.0,82.0,9.6,0,17,0.01,0.0,0,13.9,18.48,4.28,76.0,79.9875,0.5629166666666666
3,9,2023,795,80,72.0,76.0,3.5,0,11,0.001,0.0,0,14.1,19.03,4.72,53.0,78.97083333333335,0.6854166666666668
3,10,2023,796,82,66.0,74.0,1.5,0,9,0.00,0.0,0,14.3,20.35,5.29,58.0,77.89583333333333,0.8329166666666666
3,11,2023,797,86,69.0,77.5,4.9,0,13,0.00,0.0,0,11.3,19.65,5.18,63.0,77.59583333333335,0.9070833333333334
3,12,2023,798,88,67.0,77.5,4.8,0,13,0.00,0.0,0,11.5,21.17,4.7,65.0,77.85416666666667,0.9995833333333334
3,13,2023,799,90,71.0,80.5,7.8,0,16,0.00,0.0,0,14.8,18.75,4.7,88.0,78.33749999999999,1.0066666666666666
3,14,2023,800,85,71.0,78.0,5.2,0,13,0.00,0.0,0,12.9,16.5,3.49,54.0,78.56666666666668,0.9516666666666668
3,15,2023,801,76,65.0,70.5,-2.4,0,6,0.03,0.0,0,15.8,11.47,3.43,48.0,76.9375,0.7954166666666667
3,16,2023,802,77,59.0,68.0,-5.0,0,3,0.00,0.0,0,15.4,21.87,5.09,46.0,74.42916666666666,0.7691666666666667
3,17,2023,803,81,68.0,74.5,1.4,0,10,0.00,0.0,0,14.9,15.28,4.76,50.0,73.85833333333333,0.8545833333333333
3,18,2023,804,87,69.0,78.0,4.8,0,13,0.00,0.0,0,12.8,19.68,4.9,63.0,74.43333333333334,0.6704166666666667
3,19,2023,805,79,62.0,70.5,-2.7,0,6,0.08,0.0,0,15.6,14.81,3.09,60.0,75.67083333333333,0.5095833333333334
3,20,2023,806,77,59.0,68.0,-5.3,0,3,0.29,0.0,0,19.0,11.54,2.87,47.0,74.45833333333333,0.4841666666666667
3,21,2023,807,80,62.0,71.0,-2.4,0,6,0.00,0.0,0,14.7,19.67,4.27,49.0,74.15833333333333,0.5125000000000001
3,22,2023,808,82,66.0,74.0,0.5,0,9,0.00,0.0,M,14.2,23.27,5.36,45.0,74.71666666666667,0.59875
3,23,2023,809,83,73.0,78.0,4.4,0,13,0.00,0.0,0,13.1,22.83,5.27,45.0,75.20833333333333,0.4716666666666667
3,24,2023,810,85,70.0,77.5,3.7,0,13,0.03,0.0,0,11.6,19.18,4.66,43.0,75.73333333333333,0.4741666666666667
3,25,2023,811,86,74.0,80.0,6.1,0,15,0.00,0.0,0,12.8,18.59,4.32,37.0,76.49166666666666,0.4341666666666666
3,26,2023,812,86,75.0,80.5,6.5,0,16,0.00,0.0,0,11.9,22.85,4.94,33.0,77.77499999999999,0.32125
3,27,2023,813,87,75.0,81.0,6.9,0,16,0.00,0.0,0,12.5,21.61,4.77,51.0,78.50833333333333,0.1733333333333333
3,28,2023,814,88,74.0,81.0,6.8,0,16,0.18,0.0,0,10.7,19.91,4.27,55.0,79.7375,0.0791666666666666
3,29,2023,815,88,68.0,78.0,3.6,0,13,0.39,0.0,0,8.8,20.38,4.26,61.0,80.75,0.1045833333333333
3,30,2023,816,,72.0,,M,,,3.49,0.0,0,16.7,18.64,3.58,58.0,80.06666666666666,0.2020833333333333
3,31,2023,817,83,73.0,78.0,3.4,0,13,0.00,0.0,0,17.3,21.15,5.43,50.0,78.36666666666667,0.1745833333333333
4,1,2023,818,86,73.0,79.5,4.8,0,15,0.51,0.0,0,12.2,19.76,4.73,52.0,78.425,0.1133333333333333
4,2,2023,819,90,72.0,81.0,6.1,0,16,0.00,0.0,0,10.3,22.11,4.64,52.0,79.29166666666667,0.07125
4,3,2023,820,86,73.0,79.5,4.5,0,15,0.00,0.0,0,9.8,23.54,4.85,49.0,80.64166666666667,0.2529166666666667
4,4,2023,821,86,76.0,81.0,5.8,0,16,0.00,0.0,0,11.5,20.75,4.62,42.0,81.23333333333333,0.3141666666666666
4,5,2023,822,87,77.0,82.0,6.7,0,17,0.001,0.0,0,14.0,22.67,5.39,39.0,81.30416666666667,0.38875
4,6,2023,823,87,77.0,82.0,6.6,0,17,0.001,0.0,0,15.5,21.6,5.39,41.0,80.89999999999999,0.3679166666666666
4,7,2023,824,85,77.0,81.0,5.4,0,16,0.00,0.0,0,13.0,24.21,5.65,42.0,80.84166666666665,0.3770833333333334
4,8,2023,825,86,75.0,80.5,4.8,0,16,0.04,0.0,0,10.3,22.65,5.28,44.0,80.8125,0.5670833333333333
4,9,2023,826,88,72.0,80.0,4.1,0,15,0.001,0.0,0,11.9,18.15,3.92,43.0,81.27499999999999,0.7204166666666666
4,10,2023,827,80,70.0,75.0,-1.0,0,10,2.47,0.0,0,19.4,17.36,3.31,42.0,80.44166666666666,0.8641666666666667
4,11,2023,828,77,68.0,72.5,-3.6,0,8,2.76,0.0,0,24.5,11.22,2.48,48.0,77.88333333333334,1.0354166666666669
4,12,2023,829,76,69.0,72.5,-3.8,0,8,2.15,0.0,0,20.8,16.86,3.33,44.0,76.00833333333333,1.17875
4,13,2023,830,87,73.0,80.0,3.6,0,15,0.00,0.0,0,11.2,21.69,4.25,50.0,75.90833333333335,1.0679166666666666
4,14,2023,831,89,73.0,81.0,4.4,0,16,0.20,0.0,0,8.6,22.36,4.38,55.0,78.0625,0.8616666666666667
4,15,2023,832,89,75.0,82.0,5.3,0,17,0.00,0.0,0,9.1,23.12,4.5,53.0,79.825,0.74125
4,16,2023,833,88,73.0,80.5,3.7,0,16,0.07,0.0,0,12.5,23.77,4.4,38.0,80.97500000000001,0.5666666666666668
4,17,2023,834,89,69.0,79.0,2.0,0,14,0.25,0.0,0,13.9,21.78,4.28,44.0,81.47500000000001,0.47625
4,18,2023,835,85,67.0,76.0,-1.1,0,11,0.00,0.0,0,14.2,26.68,5.6,67.0,80.34583333333333,0.4766666666666666
4,19,2023,836,83,70.0,76.5,-0.7,0,12,0.00,0.0,0,11.5,20.1,4.95,64.0,78.92916666666667,0.62875
4,20,2023,837,85,70.0,77.5,0.2,0,13,0.00,0.0,0,12.0,22.08,4.71,49.0,78.39999999999999,0.6491666666666668
4,21,2023,838,85,72.0,78.5,1.0,0,14,0.20,0.0,0,7.9,22.63,4.3,44.0,79.16666666666667,0.6608333333333333
4,22,2023,839,89,72.0,80.5,2.9,0,16,0.01,0.0,0,9.2,19.5,4.2,49.0,80.125,0.6891666666666666
4,23,2023,840,87,73.0,80.0,2.3,0,15,0.00,0.0,0,8.5,23.4,4.5,54.0,80.82083333333334,0.6025
4,24,2023,841,82,74.0,78.0,0.2,0,13,0.98,0.0,0,9.8,20.03,4.1,40.0,81.58749999999999,0.6058333333333333
4,25,2023,842,87,69.0,78.0,0.1,0,13,0.23,0.0,0,11.4,20.4,4.22,41.0,81.04583333333333,0.5479166666666666
4,26,2023,843,88,72.0,80.0,2.0,0,15,0.001,0.0,0,13.0,24.37,4.66,44.0,81.42916666666666,0.505
4,27,2023,844,89,73.0,81.0,2.8,0,16,0.00,0.0,0,13.2,24.16,4.85,39.0,82.00833333333334,0.5279166666666667
4,28,2023,845,88,75.0,81.5,3.2,0,17,0.00,0.0,0,12.3,23.08,4.68,55.0,82.58749999999999,0.6966666666666667
4,29,2023,846,91,78.0,84.5,6.1,0,20,0.08,0.0,0,14.6,23.71,4.69,60.0,82.70416666666667,0.7691666666666667
4,30,2023,847,86,73.0,79.5,1.0,0,15,0.001,0.0,0,24.1,18.23,4.75,50.0,82.85416666666667,0.7054166666666667
5,1,2023,848,87,70.0,78.5,-0.1,0,14,0.00,0.0,0,12.3,28.23,6.12,87.0,81.23333333333333,0.5133333333333333
5,2,2023,849,90,71.0,80.5,1.8,0,16,0.00,0.0,0,11.6,27.95,6.06,60.0,81.33333333333333,0.4579166666666667
5,3,2023,850,91,71.0,81.0,2.2,0,16,0.00,0.0,0,11.0,27.48,5.94,56.0,81.58333333333333,0.4879166666666667
5,4,2023,851,88,69.0,78.5,-0.4,0,14,0.00,0.0,0,10.4,28.71,6.48,154.0,81.325,0.47625
5,5,2023,852,88,70.0,79.0,0.0,0,14,0.00,0.0,0,14.9,26.91,5.8,97.0,81.39583333333333,0.3849999999999999
5,6,2023,853,88,74.0,81.0,1.9,0,16,0.10,0.0,0,13.8,25.49,5.62,52.0,81.425,0.3533333333333333
5,7,2023,854,84,74.0,79.0,-0.2,0,14,0.19,0.0,0,17.2,22.99,4.77,48.0,80.78750000000001,0.37
5,8,2023,855,86,72.0,79.0,-0.3,0,14,0.00,0.0,0,12.3,27.04,6.09,49.0,80.24166666666667,0.4475
5,9,2023,856,88,72.0,80.0,0.6,0,15,0.00,0.0,0,11.8,25.64,5.57,48.0,80.96666666666665,0.4737499999999999
5,10,2023,857,91,75.0,83.0,3.5,0,18,0.00,0.0,0,10.2,25.21,5.37,54.0,82.14999999999999,0.4312500000000001
5,11,2023,858,88,76.0,82.0,2.5,0,17,0.00,0.0,0,13.6,26.76,5.93,55.0,82.975,0.5195833333333334
5,12,2023,859,88,79.0,83.5,3.9,0,19,0.01,0.0,0,14.8,24.96,5.96,53.0,82.54166666666667,0.5175
5,13,2023,860,87,79.0,83.0,3.3,0,18,0.001,0.0,0,13.7,25.04,5.9,59.0,82.47500000000001,0.4737499999999999
5,14,2023,861,89,78.0,83.5,3.7,0,19,0.00,0.0,0,13.0,22.23,5.09,65.0,82.41250000000001,0.3974999999999999
5,15,2023,862,89,75.0,82.0,2.1,0,17,0.65,0.0,0,10.6,22.13,4.37,45.0,82.64166666666667,0.3808333333333333
5,16,2023,863,91,75.0,83.0,3.0,0,18,0.00,0.0,0,8.8,24.52,5.18,84.0,83.22500000000001,0.3683333333333333
5,17,2023,864,91,76.0,83.5,3.4,0,19,0.04,0.0,0,11.5,24.03,5.12,51.0,83.675,0.3420833333333333
5,18,2023,865,90,72.0,81.0,0.8,0,16,0.06,0.0,0,10.0,25.68,5.2,54.0,83.55833333333334,0.3991666666666666
5,19,2023,866,90,76.0,83.0,2.7,0,18,1.00,0.0,0,11.0,20.18,3.94,53.0,83.87916666666666,0.3154166666666667
5,20,2023,867,89,69.0,79.0,-1.4,0,14,0.00,0.0,0,10.1,25.0,5.06,34.0,84.43333333333334,0.235
5,21,2023,868,88,75.0,81.5,1.0,0,17,1.23,0.0,0,9.3,23.93,4.84,35.0,84.86666666666667,0.31375
5,22,2023,869,89,76.0,82.5,1.9,0,18,0.10,0.0,0,9.0,23.61,4.89,36.0,85.3625,0.5258333333333333
5,23,2023,870,87,74.0,80.5,-0.2,0,16,0.59,0.0,0,8.4,18.69,3.91,36.0,85.6375,0.635
5,24,2023,871,89,72.0,80.5,-0.3,0,16,0.46,0.0,0,8.2,18.89,3.62,43.0,84.83749999999999,0.6945833333333334
5,25,2023,872,88,71.0,79.5,-1.4,0,15,0.61,0.0,0,11.4,20.29,3.9,41.0,84.27083333333333,0.8579166666666667
5,26,2023,873,85,74.0,79.5,-1.5,0,15,0.07,0.0,0,8.6,21.32,4.1,43.0,83.6125,0.97875
5,27,2023,874,88,73.0,80.5,-0.7,0,16,0.00,0.0,0,8.5,23.11,4.59,44.0,82.93333333333334,0.9704166666666666
5,28,2023,875,93,75.0,84.0,2.7,0,19,0.00,0.0,0,8.1,24.96,5.28,46.0,83.8625,0.955
5,29,2023,876,91,73.0,82.0,0.6,0,17,0.01,0.0,0,9.2,24.15,5.17,58.0,84.42916666666667,1.0804166666666666
5,30,2023,877,91,72.0,81.5,0.0,0,17,0.80,0.0,0,7.7,23.15,4.71,47.0,84.4375,1.0575
5,31,2023,878,87,77.0,82.0,0.4,0,17,0.001,0.0,0,8.3,19.85,3.9,34.0,84.64583333333333,0.965
6,1,2023,879,90,71.0,80.5,-1.2,0,16,0.04,0.0,0,7.2,21.49,4.27,45.0,84.28695652173913,0.7691666666666667
6,2,2023,880,88,73.0,80.5,-1.3,0,16,0.02,0.0,0,7.6,19.0,3.69,51.0,83.84166666666667,0.7058333333333332
6,3,2023,881,88,73.0,80.5,-1.4,0,16,0.18,0.0,0,5.2,21.91,4.32,49.0,84.16666666666667,0.9445833333333332
6,4,2023,882,90,73.0,81.5,-0.5,0,17,0.33,0.0,0,8.3,18.26,3.55,41.0,84.23333333333333,1.0575
6,5,2023,883,92,73.0,82.5,0.5,0,18,0.09,0.0,0,9.8,23.66,4.7,41.0,84.34166666666667,1.0870833333333334
6,6,2023,884,85,71.0,78.0,-4.1,0,13,0.01,0.0,0,8.2,20.52,4.23,54.0,83.8875,1.002916666666667
6,7,2023,885,89,75.0,82.0,-0.2,0,17,0.21,0.0,0,11.6,22.75,4.57,46.0,83.60416666666667,1.1258333333333332
6,8,2023,886,91,76.0,83.5,1.2,0,19,0.70,0.0,0,12.5,22.53,4.55,48.0,83.7,1.0570833333333334
6,9,2023,887,92,76.0,84.0,1.6,0,19,0.00,0.0,0,12.8,21.88,4.51,45.0,83.83913043478262,0.8733333333333334
6,10,2023,888,91,77.0,84.0,1.5,0,19,0.00,0.0,0,10.1,24.44,4.98,46.0,84.7625,0.7725
6,11,2023,889,90,78.0,84.0,1.4,0,19,0.20,0.0,0,11.7,24.21,4.81,43.0,85.16666666666667,0.61
6,12,2023,890,89,77.0,83.0,0.4,0,18,0.39,0.0,0,13.5,20.29,4.04,37.0,85.02083333333333,0.5195833333333334
6,13,2023,891,92,78.0,85.0,2.3,0,20,0.00,0.0,0,12.3,23.4,4.69,38.0,85.14583333333333,0.4758333333333333
6,14,2023,892,93,77.0,85.0,2.2,0,20,0.00,0.0,0,13.3,24.85,5.15,44.0,85.89583333333333,0.3929166666666666
6,15,2023,893,93,81.0,87.0,4.1,0,22,0.00,0.0,0,11.0,26.08,5.42,52.0,86.675,0.4541666666666666
6,16,2023,894,95,81.0,88.0,5.1,0,23,0.02,0.0,0,12.1,21.72,5.0,52.0,87.13333333333333,0.3729166666666666
6,17,2023,895,94,78.0,86.0,3.0,0,21,0.42,0.0,0,11.3,23.14,4.87,46.0,86.45,0.3066666666666667
6,18,2023,896,91,77.0,84.0,0.9,0,19,0.07,0.0,0,13.7,20.34,4.22,46.0,85.49166666666667,0.2495833333333333
6,19,2023,897,94,71.0,82.5,-0.6,0,18,3.04,0.0,0,8.9,16.77,3.58,48.0,84.76666666666667,0.3629166666666666
6,20,2023,898,91,73.0,82.0,-1.2,0,17,0.11,0.0,0,12.3,25.42,5.25,48.0,84.05833333333334,0.4241666666666666
6,21,2023,899,91,73.0,82.0,-1.2,0,17,0.00,0.0,0,11.9,24.24,4.95,41.0,84.70833333333333,0.435
6,22,2023,900,88,78.0,83.0,-0.3,0,18,0.07,0.0,0,10.9,20.13,4.28,38.0,85.40833333333335,0.45
6,23,2023,901,92,80.0,86.0,2.7,0,21,0.00,0.0,0,14.1,21.54,4.46,47.0,85.59999999999998,0.4820833333333332
6,24,2023,902,92,75.0,83.5,0.1,0,19,0.42,0.0,0,11.5,17.96,3.71,56.0,86.49583333333334,0.4975
6,25,2023,903,90,76.0,83.0,-0.4,0,18,1.15,0.0,0,5.6,16.27,3.38,41.0,86.32916666666665,0.5345833333333333
6,26,2023,904,91,76.0,83.5,0.0,0,19,0.11,0.0,0,7.0,20.7,4.11,38.0,86.3125,0.5283333333333333
6,27,2023,905,95,78.0,86.5,3.0,0,22,0.00,0.0,0,8.4,23.79,4.89,36.0,87.22916666666667,0.52375
6,28,2023,906,95,76.0,85.5,2.0,0,21,0.00,0.0,0,8.8,23.93,5.08,64.0,87.92916666666667,0.4829166666666666
6,29,2023,907,95,80.0,87.5,3.9,0,23,0.26,0.0,0,7.3,22.47,4.57,49.0,88.13333333333333,0.5216666666666666
6,30,2023,908,92,79.0,85.5,1.9,0,21,0.03,0.0,0,6.2,20.33,4.22,44.0,87.90416666666665,0.4441666666666666
7,1,2023,909,90,79.0,84.5,0.9,0,20,0.47,0.0,0,7.3,20.4,4.15,36.0,87.7625,0.33875
7,2,2023,910,93,77.0,85.0,1.3,0,20,3.47,0.0,0,6.4,22.42,4.56,35.0,88.38333333333333,0.2716666666666666
7,3,2023,911,94,79.0,86.5,2.8,0,22,0.67,0.0,0,8.7,23.57,4.87,39.0,89.21249999999999,0.31375
7,4,2023,912,93,80.0,86.5,2.8,0,22,0.09,0.0,0,8.2,21.63,4.51,72.0,89.70833333333333,0.3775
7,5,2023,913,94,80.0,87.0,3.2,0,22,0.01,0.0,0,7.8,22.99,4.76,87.0,90.04166666666667,0.3387499999999999
7,6,2023,914,95,82.0,88.5,4.7,0,24,0.02,0.0,0,7.1,23.86,5.05,62.0,90.32083333333333,0.4129166666666666
7,7,2023,915,97,80.0,88.5,4.7,0,24,0.25,0.0,0,9.3,20.63,4.32,48.0,89.95,0.4000000000000001
7,8,2023,916,96,76.0,86.0,2.2,0,21,0.00,0.0,0,9.6,22.4,4.82,54.0,89.42916666666667,0.4599999999999999
7,9,2023,917,94,75.0,84.5,0.6,0,20,0.00,0.0,0,10.5,25.77,5.56,59.0,89.32916666666667,0.5370833333333334
7,10,2023,918,95,78.0,86.5,2.6,0,22,0.00,0.0,0,8.4,23.88,5.28,72.0,89.72500000000001,0.58875
7,11,2023,919,96,77.0,86.5,2.6,0,22,0.00,0.0,0,9.7,25.47,5.65,73.0,89.97499999999998,0.4408333333333333
7,12,2023,920,97,80.0,88.5,4.6,0,24,0.00,0.0,0,8.7,23.46,5.2,61.0,90.52500000000002,0.4570833333333333
7,13,2023,921,95,80.0,87.5,3.5,0,23,0.02,0.0,0,7.1,22.45,4.9,53.0,90.50833333333334,0.5241666666666668
7,14,2023,922,95,79.0,87.0,3.0,0,22,0.25,0.0,0,7.8,25.06,5.14,49.0,90.3125,0.4841666666666667
7,15,2023,923,93,75.0,84.0,0.0,0,19,0.05,0.0,0,7.2,23.27,4.83,42.0,90.40000000000002,0.57625
7,16,2023,924,95,75.0,85.0,0.9,0,20,0.11,0.0,0,8.4,21.77,4.85,54.0,90.45833333333331,0.3533333333333333
7,17,2023,925,94,77.0,85.5,1.4,0,21,0.32,M,M,8.9,16.56,3.62,52.0,89.69583333333333,0.17875
7,18,2023,926,91,78.0,84.5,0.4,0,20,0.04,0.0,0,10.3,19.48,4.15,46.0,89.25,0.2058333333333333
7,19,2023,927,92,79.0,85.5,1.4,0,21,0.18,0.0,0,8.4,15.45,3.34,41.0,89.05833333333334,0.1970833333333333
7,20,2023,928,94,84.0,89.0,4.8,0,24,0.21,0.0,0,10.9,22.08,4.78,79.0,89.33333333333333,0.1395833333333333
7,21,2023,929,94,82.0,88.0,3.8,0,23,0.00,0.0,0,9.1,21.18,4.56,68.0,89.91250000000001,0.3158333333333333
7,22,2023,930,97,81.0,89.0,4.8,0,24,0.00,0.0,0,6.9,24.89,5.31,61.0,89.53333333333332,0.3166666666666666
7,23,2023,931,98,82.0,90.0,5.8,0,25,0.00,0.0,0,6.4,26.38,5.82,74.0,90.07916666666664,0.3583333333333333
7,24,2023,932,96,83.0,89.5,5.2,0,25,0.00,0.0,0,7.3,26.92,5.8,83.0,90.325,0.2104166666666666
7,25,2023,933,95,83.0,89.0,4.7,0,24,0.00,0.0,0,9.0,24.23,5.24,80.0,90.54583333333332,0.21
7,26,2023,934,90,76.0,83.0,-1.3,0,18,0.20,0.0,0,12.5,18.4,3.93,60.0,89.41249999999998,0.1804166666666666
7,27,2023,935,89,77.0,83.0,-1.3,0,18,0.13,0.0,0,10.4,16.93,3.7,35.0,87.73333333333335,0.1745833333333333
7,28,2023,936,88,76.0,82.0,-2.4,0,17,0.92,0.0,0,11.1,11.71,2.73,43.0,87.425,0.0983333333333333
7,29,2023,937,93,81.0,87.0,2.6,0,22,0.001,0.0,0,7.7,25.54,5.6,39.0,87.18333333333334,0.0383333333333333
7,30,2023,938,94,82.0,88.0,3.6,0,23,0.00,0.0,0,8.1,23.23,4.77,32.0,87.84999999999998,0.1325
7,31,2023,939,94,81.0,87.5,3.1,0,23,0.01,0.0,0,9.2,25.05,5.31,37.0,88.51666666666667,0.3049999999999999
8,1,2023,940,94,81.0,87.5,3.1,0,23,0.001,0.0,0,5.4,19.17,4.0,33.0,88.58333333333333,0.1674999999999999
8,2,2023,941,94,79.0,86.5,2.1,0,22,0.27,0.0,0,7.0,20.39,4.22,44.0,88.22083333333335,0.3220833333333333
8,3,2023,942,92,79.0,85.5,1.1,0,21,0.46,0.0,0,7.7,23.65,4.92,38.0,88.175,0.4945833333333333
8,4,2023,943,91,77.0,84.0,-0.5,0,19,1.69,0.0,0,9.8,19.48,3.94,36.0,88.25833333333333,0.7104166666666667
8,5,2023,944,94,81.0,87.5,3.0,0,23,0.62,0.0,0,8.1,20.49,4.32,41.0,88.44583333333333,0.7870833333333334
8,6,2023,945,95,82.0,88.5,4.0,0,24,0.26,0.0,0,7.6,24.66,5.37,41.0,88.99166666666667,0.6470833333333333
8,7,2023,946,95,83.0,89.0,4.5,0,24,0.00,0.0,0,7.7,23.59,4.97,55.0,89.51249999999999,0.3804166666666666
8,8,2023,947,95,83.0,89.0,4.6,0,24,0.02,0.0,0,10.9,21.41,4.67,58.0,89.89583333333333,0.22375
8,9,2023,948,95,83.0,89.0,4.6,0,24,0.01,0.0,0,8.1,19.09,4.03,61.0,90.74583333333334,0.0974999999999999
8,10,2023,949,94,81.0,87.5,3.1,0,23,0.05,0.0,0,9.9,21.09,4.5,58.0,91.3,0.0266666666666666
8,11,2023,950,94,80.0,87.0,2.6,0,22,0.76,0.0,0,6.6,21.75,4.61,54.0,91.52500000000002,0.0416666666666666
8,12,2023,951,93,83.0,88.0,3.6,0,23,0.001,0.0,0,12.8,22.54,4.77,29.0,91.63333333333333,0.0995833333333333
8,13,2023,952,94,82.0,88.0,3.6,0,23,0.001,0.0,0,12.5,21.43,5.12,40.0,90.8625,0.1379166666666666
8,14,2023,953,94,83.0,88.5,4.1,0,24,0.00,0.0,0,7.5,25.1,5.51,60.0,90.075,0.1204166666666666
8,15,2023,954,96,78.0,87.0,2.7,0,22,0.03,0.0,0,9.9,18.73,3.92,40.0,90.46666666666664,0.3083333333333333
8,16,2023,955,92,78.0,85.0,0.7,0,20,0.15,0.0,0,11.9,20.39,4.25,34.0,89.34999999999998,0.4041666666666666
8,17,2023,956,93,75.0,84.0,-0.3,0,19,3.42,0.0,0,12.1,13.17,3.07,55.0,88.90833333333335,0.4599999999999999
8,18,2023,957,90,77.0,83.5,-0.7,0,19,0.21,0.0,0,6.5,20.27,4.33,54.0,87.99583333333334,0.3966666666666666
8,19,2023,958,92,77.0,84.5,0.3,0,20,0.93,0.0,0,11.4,18.26,3.74,43.0,87.81666666666666,0.5375
8,20,2023,959,90,78.0,84.0,-0.2,0,19,0.17,0.0,0,16.1,17.79,4.04,64.0,86.95,0.6370833333333333
8,21,2023,960,91,82.0,86.5,2.4,0,22,0.10,0.0,0,16.3,21.38,4.86,47.0,85.79166666666667,0.6566666666666666
8,22,2023,961,92,80.0,86.0,1.9,0,21,0.03,0.0,0,15.9,23.82,5.74,72.0,85.84999999999998,0.7379166666666667
8,23,2023,962,93,80.0,86.5,2.5,0,22,0.12,0.0,0,10.3,22.9,5.14,60.0,86.39583333333333,0.6991666666666667
8,24,2023,963,94,78.0,86.0,2.0,0,21,0.24,0.0,0,11.0,23.17,5.2,60.0,87.02916666666668,0.8529166666666667
8,25,2023,964,93,81.0,87.0,3.1,0,22,0.01,0.0,0,12.0,23.14,5.25,55.0,87.2625,0.8366666666666666
8,26,2023,965,92,80.0,86.0,2.1,0,21,0.00,0.0,0,9.5,22.89,5.06,37.0,87.22916666666667,0.8545833333333334
8,27,2023,966,93,80.0,86.5,2.7,0,22,0.001,0.0,0,8.5,20.88,4.47,33.0,87.7375,0.9229166666666666
8,28,2023,967,91,80.0,85.5,1.7,0,21,0.07,0.0,0,10.1,18.54,3.99,35.0,88.16666666666667,0.8604166666666666
8,29,2023,968,93,78.0,85.5,1.8,0,21,0.48,0.0,0,20.0,16.81,3.43,34.0,88.05416666666667,0.7275
8,30,2023,969,94,83.0,88.5,4.8,0,24,0.00,0.0,0,22.8,20.56,4.64,54.0,86.875,0.5945833333333334
8,31,2023,970,96,79.0,87.5,3.9,0,23,0.15,0.0,0,11.5,21.18,4.5,54.0,86.83333333333333,0.3525
9,1,2023,971,95,76.0,85.5,1.9,0,21,0.13,0.0,0,6.2,22.06,4.52,48.0,87.04166666666667,0.2102166666666667
9,2,2023,972,91,77.0,84.0,0.5,0,19,0.11,0.0,M,12.5,19.37,4.45,39.0,87.46666666666665,0.2380041666666666
9,3,2023,973,91,77.0,84.0,0.5,0,19,0.00,0.0,0,13.9,21.0,5.85,39.0,86.10833333333335,0.2610875
9,4,2023,974,91,82.0,86.5,3.0,0,22,0.00,0.0,0,11.7,21.54,5.74,39.0,85.47083333333335,0.2754374999999999
9,5,2023,975,92,81.0,86.5,3.1,0,22,0.00,0.0,0,9.2,21.12,5.26,38.0,85.68333333333332,0.2794333333333333
9,6,2023,976,92,78.0,85.0,1.6,0,20,0.00,0.0,0,7.9,22.29,5.03,53.0,85.89999999999999,0.2757291666666667
9,7,2023,977,93,79.0,86.0,2.7,0,21,0.00,0.0,0,8.1,23.34,5.17,52.0,86.31666666666666,0.2698291666666667
9,8,2023,978,92,76.0,84.0,0.7,0,19,0.00,0.0,0,9.8,23.22,4.86,48.0,86.74583333333332,0.2664666666666667
9,9,2023,979,92,77.0,84.5,1.3,0,20,0.33,0.0,0,7.6,20.24,3.96,42.0,87.12083333333334,0.2666
9,10,2023,980,91,77.0,84.0,0.8,0,19,1.90,0.0,0,7.4,21.03,4.44,44.0,87.2625,0.2685583333333333
9,11,2023,981,93,79.0,86.0,2.9,0,21,0.00,0.0,0,7.2,21.5,4.54,54.0,87.72916666666667,0.2716874999999999
9,12,2023,982,94,80.0,87.0,3.9,0,22,0.00,0.0,0,8.7,20.34,4.53,36.0,88.09999999999998,0.2776125
9,13,2023,983,96,82.0,89.0,5.9,0,24,0.01,0.0,0,8.5,21.68,4.83,35.0,87.95833333333333,0.2879666666666666
9,14,2023,984,93,79.0,86.0,3.0,0,21,0.20,0.0,0,6.7,20.6,4.33,34.0,87.94583333333333,0.3019
9,15,2023,985,91,78.0,84.5,1.5,0,20,0.38,0.0,0,7.4,19.32,4.03,39.0,88.38333333333333,0.3167666666666667
9,16,2023,986,91,76.0,83.5,0.6,0,19,4.40,0.0,0,9.0,17.76,3.78,35.0,88.25833333333333,0.3306374999999999
9,17,2023,987,92,77.0,84.5,1.6,0,20,0.83,0.0,0,8.8,19.32,4.26,31.0,87.83750000000002,0.3437124999999999
