month,day,year,days,high_temp,low_temp,avg_temp,departure,HDD,CDD,precipitation,new_snow,snow_depth,windspeed_10m_max_(mp/h),shortwave_radiation_sum_(MJ/mÂ²),et0_fao_evapotranspiration_(mm),AQI
1,1,2021,0,82,74.0,78.0,8.8,0,13,0.00,0.0,0,19.8,14.43,3.33,51.0
1,2,2021,1,82,69.0,75.5,6.4,0,11,T,0.0,0,16.7,12.51,2.95,53.0
1,3,2021,2,84,68.0,76.0,7.0,0,11,0.00,0.0,0,11.9,13.2,3.34,45.0
1,4,2021,3,75,64.0,69.5,0.6,0,5,T,M,M,10.3,9.0,2.16,48.0
1,5,2021,4,72,56.0,64.0,-4.8,1,0,0.00,M,M,12.5,16.54,4.09,52.0
1,6,2021,5,75,52.0,63.5,-5.2,1,0,0.00,M,M,8.3,16.29,3.34,53.0
1,7,2021,6,77,52.0,64.5,-4.1,0,0,0.00,0.0,M,12.0,14.77,3.44,50.0
1,8,2021,7,75,63.0,69.0,0.4,0,4,T,0.0,M,16.4,10.92,2.93,40.0
1,9,2021,8,66,55.0,60.5,-8.0,4,0,0.00,M,M,14.5,15.85,3.52,58.0
1,10,2021,9,72,49.0,60.5,-7.9,4,0,0.00,0.0,M,13.2,15.0,3.13,45.0
1,11,2021,10,77,60.0,68.5,0.1,0,4,0.00,M,M,14.4,13.15,3.55,43.0
1,12,2021,11,78,67.0,72.5,4.2,0,8,T,M,M,9.4,8.07,1.82,52.0
1,13,2021,12,77,62.0,69.5,1.2,0,5,0.20,M,M,13.8,11.63,2.38,65.0
1,14,2021,13,70,59.0,64.5,-3.8,0,0,0.29,M,M,13.8,10.06,1.83,64.0
1,15,2021,14,76,63.0,69.5,1.2,0,5,0.00,M,M,11.3,12.83,2.54,52.0
1,16,2021,15,74,60.0,67.0,-1.3,0,2,0.00,M,M,17.9,14.93,3.7,41.0
1,17,2021,16,69,52.0,60.5,-7.8,4,0,0.00,0.0,0,9.5,13.99,2.92,41.0
1,18,2021,17,73,60.0,66.5,-1.8,0,2,0.01,0.0,0,8.7,12.7,2.79,53.0
1,19,2021,18,75,59.0,67.0,-1.3,0,2,0.00,0.0,0,12.2,15.55,3.8,47.0
1,20,2021,19,75,59.0,67.0,-1.3,0,2,0.00,0.0,0,13.4,16.34,3.75,45.0
1,21,2021,20,77,57.0,67.0,-1.4,0,2,0.00,0.0,0,7.2,16.44,3.42,61.0
1,22,2021,21,80,56.0,68.0,-0.4,0,3,0.00,0.0,M,7.1,14.73,2.89,54.0
1,23,2021,22,81,57.0,69.0,0.5,0,4,0.00,0.0,M,6.7,16.79,3.07,54.0
1,24,2021,23,82,65.0,73.5,5.0,0,9,0.00,0.0,M,7.5,13.53,2.58,43.0
1,25,2021,24,79,67.0,73.0,4.4,0,8,0.00,M,0,12.8,12.4,2.71,38.0
1,26,2021,25,83,67.0,75.0,6.3,0,10,0.00,0.0,M,10.5,17.11,3.56,42.0
1,27,2021,26,86,66.0,76.0,7.2,0,11,0.00,M,0,8.3,15.49,3.29,57.0
1,28,2021,27,76,57.0,66.5,-2.4,0,2,0.00,M,0,19.9,16.3,3.95,53.0
1,29,2021,28,74,55.0,64.5,-4.4,0,0,0.00,M,0,16.2,11.35,3.53,42.0
1,30,2021,29,75,58.0,66.5,-2.5,0,2,0.00,0.0,M,13.4,11.91,3.64,45.0
1,31,2021,30,78,68.0,73.0,3.9,0,8,0.00,0.0,M,15.0,11.06,4.13,40.0
2,1,2021,31,76,57.0,66.5,-2.8,0,2,0.02,0.0,M,23.8,12.95,3.64,52.0
2,2,2021,32,65,52.0,58.5,-10.9,6,0,0.00,0.0,0,20.6,17.22,4.4,42.0
2,3,2021,33,67,50.0,58.5,-11.0,6,0,0.00,M,0,17.2,19.32,4.1,59.0
2,4,2021,34,72,49.0,60.5,-9.1,4,0,0.00,0.0,M,9.2,19.04,3.92,64.0
2,5,2021,35,78,56.0,67.0,-2.7,0,2,0.00,0.0,M,12.3,15.24,3.88,51.0
2,6,2021,36,82,71.0,76.5,6.7,0,12,0.98,0.0,M,13.9,9.75,2.23,48.0
2,7,2021,37,86,72.0,79.0,9.1,0,14,0.00,0.0,M,13.6,14.96,2.93,63.0
2,8,2021,38,85,72.0,78.5,8.4,0,14,0.00,M,M,9.8,13.94,2.63,59.0
2,9,2021,39,83,70.0,76.5,6.3,0,12,0.00,M,M,11.0,16.76,3.12,43.0
2,10,2021,40,83,70.0,76.5,6.2,0,12,0.00,M,M,11.2,17.24,3.39,38.0
2,11,2021,41,81,73.0,77.0,6.6,0,12,0.00,0.0,M,12.1,16.16,3.44,34.0
2,12,2021,42,84,72.0,78.0,7.5,0,13,0.00,M,M,13.0,15.14,3.23,45.0
2,13,2021,43,83,75.0,79.0,8.4,0,14,T,M,M,14.9,16.47,3.36,46.0
2,14,2021,44,86,76.0,81.0,10.3,0,16,0.00,M,M,13.9,17.05,3.54,49.0
2,15,2021,45,86,75.0,80.5,9.7,0,16,0.22,M,M,15.7,16.9,3.5,56.0
2,16,2021,46,83,72.0,77.5,6.6,0,13,1.24,0.0,0,15.6,11.72,2.29,58.0
2,17,2021,47,83,72.0,77.5,6.5,0,13,0.02,0.0,0,13.5,16.37,3.13,54.0
2,18,2021,48,85,75.0,80.0,8.9,0,15,0.00,0.0,M,16.1,17.27,3.69,53.0
2,19,2021,49,85,67.0,76.0,4.8,0,11,0.21,0.0,M,14.7,15.25,3.09,54.0
2,20,2021,50,76,62.0,69.0,-2.3,0,4,0.00,0.0,M,18.9,14.2,3.58,44.0
2,21,2021,51,76,64.0,70.0,-1.4,0,5,0.01,0.0,M,20.4,14.31,4.53,44.0
2,22,2021,52,81,70.0,75.5,4.0,0,11,T,0.0,M,17.8,15.97,3.82,41.0
2,23,2021,53,85,71.0,78.0,6.5,0,13,0.06,0.0,M,12.9,13.98,3.03,45.0
2,24,2021,54,80,70.0,75.0,3.4,0,10,0.13,0.0,0,10.8,15.96,3.13,40.0
2,25,2021,55,86,68.0,77.0,5.3,0,12,T,0.0,0,7.4,17.85,3.36,54.0
2,26,2021,56,84,71.0,77.5,5.7,0,13,0.01,0.0,0,11.1,19.07,3.81,43.0
2,27,2021,57,83,75.0,79.0,7.2,0,14,0.00,0.0,0,14.2,19.73,4.26,35.0
2,28,2021,58,84,75.0,79.5,7.6,0,15,T,0.0,M,17.2,16.42,4.05,40.0
3,1,2021,59,84,73.0,78.5,6.5,0,14,0.00,0.0,0,15.0,17.33,3.99,50.0
3,2,2021,60,85,70.0,77.5,5.5,0,13,0.00,0.0,0,9.4,17.57,3.7,56.0
3,3,2021,61,86,67.0,76.5,4.4,0,12,0.00,0.0,0,16.8,17.81,4.59,59.0
3,4,2021,62,73,60.0,66.5,-5.7,0,2,0.00,0.0,M,14.2,22.09,4.63,66.0
3,5,2021,63,80,62.0,71.0,-1.2,0,6,0.00,0.0,M,11.8,22.42,5.09,55.0
3,6,2021,64,79,63.0,71.0,-1.3,0,6,1.42,0.0,M,14.4,12.66,3.34,55.0
3,7,2021,65,78,61.0,69.5,-2.8,0,5,0.00,M,M,21.3,19.98,3.97,55.0
3,8,2021,66,73,57.0,65.0,-7.4,0,0,T,0.0,M,20.7,10.5,4.11,49.0
3,9,2021,67,75,68.0,71.5,-1.0,0,7,T,0.0,M,19.5,11.59,4.62,47.0
3,10,2021,68,78,68.0,73.0,0.5,0,8,0.09,0.0,M,20.1,15.38,4.8,45.0
3,11,2021,69,80,67.0,73.5,0.9,0,9,0.02,0.0,0,18.6,16.49,4.35,44.0
3,12,2021,70,80,69.0,74.5,1.8,0,10,0.00,0.0,0,14.7,16.87,5.1,45.0
3,13,2021,71,81,70.0,75.5,2.8,0,11,0.00,0.0,0,12.3,18.66,4.54,44.0
3,14,2021,72,82,65.0,73.5,0.7,0,9,0.00,0.0,0,9.5,17.0,3.91,43.0
3,15,2021,73,83,65.0,74.0,1.1,0,9,0.00,0.0,0,10.9,21.54,4.57,44.0
3,16,2021,74,81,71.0,76.0,3.0,0,11,0.00,0.0,0,15.0,20.42,4.85,43.0
3,17,2021,75,83,72.0,77.5,4.4,0,13,0.00,0.0,M,14.7,19.75,4.82,37.0
3,18,2021,76,85,74.0,79.5,6.3,0,15,0.00,0.0,0,18.2,17.67,4.11,54.0
3,19,2021,77,85,64.0,74.5,1.3,0,10,0.34,0.0,0,14.3,19.49,4.33,49.0
3,20,2021,78,82,58.0,70.0,-3.3,0,5,0.00,0.0,0,15.5,21.08,4.64,51.0
3,21,2021,79,78,60.0,69.0,-4.4,0,4,0.00,0.0,0,15.2,20.12,4.58,44.0
3,22,2021,80,78,58.0,68.0,-5.5,0,3,0.00,0.0,0,12.8,21.03,4.34,47.0
3,23,2021,81,80,62.0,71.0,-2.6,0,6,0.00,0.0,0,10.2,21.43,4.48,71.0
3,24,2021,82,84,61.0,72.5,-1.3,0,8,0.00,0.0,0,10.3,20.13,4.43,53.0
3,25,2021,83,86,74.0,80.0,6.1,0,15,0.00,0.0,0,14.5,21.74,4.46,53.0
3,26,2021,84,85,76.0,80.5,6.5,0,16,0.00,0.0,0,14.5,22.92,4.75,38.0
3,27,2021,85,85,74.0,79.5,5.4,0,15,T,0.0,0,12.9,22.34,4.8,28.0
3,28,2021,86,85,76.0,80.5,6.3,0,16,0.00,0.0,0,16.2,19.85,4.82,32.0
3,29,2021,87,86,73.0,79.5,5.1,0,15,0.00,0.0,0,8.4,19.27,3.96,36.0
3,30,2021,88,86,76.0,81.0,6.5,0,16,0.00,0.0,0,13.2,21.58,4.78,40.0
3,31,2021,89,86,75.0,80.5,5.9,0,16,T,0.0,0,13.1,22.27,4.89,41.0
4,1,2021,90,89,70.0,79.5,4.8,0,15,0.06,0.0,0,20.1,20.56,4.13,45.0
4,2,2021,91,78,61.0,69.5,-5.4,0,5,T,0.0,0,21.7,24.98,6.06,50.0
4,3,2021,92,75,63.0,69.0,-6.0,0,4,0.00,0.0,0,18.9,13.81,4.83,48.0
4,4,2021,93,77,67.0,72.0,-3.2,0,7,0.00,0.0,0,15.4,15.69,4.66,47.0
4,5,2021,94,78,65.0,71.5,-3.8,0,7,0.00,M,M,15.3,21.08,5.11,49.0
4,6,2021,95,80,61.0,70.5,-4.9,0,6,0.00,M,M,13.4,19.87,4.72,48.0
4,7,2021,96,81,62.0,71.5,-4.1,0,7,0.00,M,M,12.5,25.16,5.44,54.0
4,8,2021,97,81,63.0,72.0,-3.7,0,7,0.00,0.0,0,12.1,25.02,5.63,51.0
4,9,2021,98,81,68.0,74.5,-1.4,0,10,0.00,0.0,0,14.8,24.77,5.44,43.0
4,10,2021,99,85,71.0,78.0,2.0,0,13,0.00,0.0,0,16.7,24.44,5.63,43.0
4,11,2021,100,91,66.0,78.5,2.4,0,14,0.82,0.0,0,16.9,16.19,3.41,44.0
4,12,2021,101,87,67.0,77.0,0.7,0,12,0.59,0.0,M,12.5,16.3,3.34,45.0
4,13,2021,102,88,68.0,78.0,1.6,0,13,0.00,0.0,M,7.8,27.67,5.65,84.0
4,14,2021,103,83,71.0,77.0,0.4,0,12,0.00,0.0,0,13.1,26.57,5.05,51.0
4,15,2021,104,84,70.0,77.0,0.3,0,12,0.00,M,M,11.2,25.85,5.26,64.0
4,16,2021,105,88,69.0,78.5,1.7,0,14,0.00,0.0,M,10.7,25.89,5.16,59.0
4,17,2021,106,90,71.0,80.5,3.5,0,16,0.00,0.0,M,11.6,26.49,5.63,62.0
4,18,2021,107,89,73.0,81.0,3.9,0,16,0.00,0.0,M,12.5,22.81,4.81,56.0
4,19,2021,108,92,74.0,83.0,5.8,0,18,0.04,0.0,M,14.7,21.94,4.86,70.0
4,20,2021,109,85,70.0,77.5,0.2,0,13,1.17,0.0,0,17.8,17.55,3.81,62.0
4,21,2021,110,88,76.0,82.0,4.5,0,17,0.13,0.0,0,9.5,11.7,2.48,56.0
4,22,2021,111,85,73.0,79.0,1.4,0,14,0.00,0.0,0,9.9,16.88,3.66,58.0
4,23,2021,112,84,74.0,79.0,1.3,0,14,0.00,0.0,0,14.3,20.73,4.29,52.0
4,24,2021,113,86,76.0,81.0,3.2,0,16,0.00,0.0,0,16.6,22.51,4.93,52.0
4,25,2021,114,93,76.0,84.5,6.6,0,20,T,0.0,0,12.6,23.76,5.22,53.0
4,26,2021,115,86,75.0,80.5,2.5,0,16,0.00,0.0,0,14.9,23.56,5.02,44.0
4,27,2021,116,84,73.0,78.5,0.3,0,14,T,0.0,0,17.4,22.6,5.65,45.0
4,28,2021,117,84,73.0,78.5,0.2,0,14,0.00,M,M,13.8,23.16,5.35,46.0
4,29,2021,118,87,77.0,82.0,3.6,0,17,0.00,M,M,13.5,22.96,5.03,36.0
4,30,2021,119,88,76.0,82.0,3.5,0,17,T,M,M,9.7,22.07,4.87,40.0
5,1,2021,120,91,74.0,82.5,3.9,0,18,0.00,0.0,0,9.9,22.77,4.94,53.0
5,2,2021,121,89,75.0,82.0,3.3,0,17,0.00,0.0,0,11.7,22.68,4.99,54.0
5,3,2021,122,88,78.0,83.0,4.2,0,18,0.00,0.0,0,14.4,24.57,5.76,76.0
5,4,2021,123,89,79.0,84.0,5.1,0,19,0.00,0.0,0,13.6,24.57,5.48,60.0
5,5,2021,124,89,78.0,83.5,4.5,0,19,0.00,0.0,0,10.7,24.7,5.35,41.0
5,6,2021,125,91,71.0,81.0,1.9,0,16,0.66,0.0,0,13.2,24.08,5.17,44.0
5,7,2021,126,93,74.0,83.5,4.3,0,19,0.19,0.0,0,11.8,23.14,4.86,51.0
5,8,2021,127,85,74.0,79.5,0.2,0,15,0.00,0.0,0,14.6,19.84,4.26,61.0
5,9,2021,128,84,77.0,80.5,1.1,0,16,0.61,0.0,0,13.1,21.44,4.43,50.0
5,10,2021,129,88,76.0,82.0,2.5,0,17,0.04,M,M,11.5,24.42,5.37,30.0
5,11,2021,130,90,76.0,83.0,3.5,0,18,0.00,M,M,10.2,24.06,5.15,36.0
5,12,2021,131,89,75.0,82.0,2.4,0,17,0.93,0.0,M,10.4,22.93,5.02,32.0
5,13,2021,132,94,75.0,84.5,4.8,0,20,0.19,0.0,0,10.0,20.1,4.25,54.0
5,14,2021,133,87,75.0,81.0,1.2,0,16,0.01,M,M,11.0,14.07,3.2,37.0
5,15,2021,134,86,74.0,80.0,0.1,0,15,0.00,0.0,0,17.8,23.48,5.09,44.0
5,16,2021,135,85,74.0,79.5,-0.5,0,15,0.01,0.0,0,16.1,22.07,5.12,46.0
5,17,2021,136,84,75.0,79.5,-0.6,0,15,0.00,0.0,0,14.3,22.86,5.42,44.0
5,18,2021,137,86,77.0,81.5,1.3,0,17,T,M,M,18.4,21.27,6.07,40.0
5,19,2021,138,85,76.0,80.5,0.2,0,16,T,M,M,21.8,20.09,5.41,42.0
5,20,2021,139,85,78.0,81.5,1.1,0,17,T,M,M,22.0,21.94,5.66,50.0
5,21,2021,140,84,74.0,79.0,-1.5,0,14,T,0.0,0,20.5,20.43,6.64,49.0
5,22,2021,141,84,74.0,79.0,-1.6,0,14,T,0.0,0,18.7,23.19,6.41,48.0
5,23,2021,142,84,74.0,79.0,-1.7,0,14,0.00,M,M,14.3,23.01,5.75,42.0
5,24,2021,143,84,73.0,78.5,-2.3,0,14,0.00,M,M,14.8,27.55,6.25,45.0
5,25,2021,144,85,75.0,80.0,-0.9,0,15,0.00,0.0,0,12.7,26.65,6.43,48.0
5,26,2021,145,86,76.0,81.0,0.0,0,16,0.00,M,M,12.2,26.5,6.13,54.0
5,27,2021,146,87,74.0,80.5,-0.7,0,16,0.00,M,M,9.4,25.7,5.66,52.0
5,28,2021,147,87,76.0,81.5,0.2,0,17,0.00,0.0,0,10.8,25.25,5.38,46.0
5,29,2021,148,88,74.0,81.0,-0.4,0,16,0.00,0.0,0,12.0,25.92,5.86,41.0
5,30,2021,149,88,76.0,82.0,0.5,0,17,0.04,0.0,0,11.4,22.91,4.72,81.0
5,31,2021,150,89,76.0,82.5,0.9,0,18,0.00,M,M,13.2,19.23,3.82,103.0
6,1,2021,151,86,76.0,81.0,-0.7,0,16,T,0.0,0,12.0,20.35,3.99,34.0
6,2,2021,152,86,75.0,80.5,-1.3,0,16,0.72,0.0,0,12.2,19.19,3.92,29.0
6,3,2021,153,85,75.0,80.0,-1.9,0,15,0.61,0.0,0,13.2,20.66,4.1,36.0
6,4,2021,154,88,75.0,81.5,-0.5,0,17,0.06,0.0,0,12.1,23.84,4.79,34.0
6,5,2021,155,88,79.0,83.5,1.5,0,19,0.02,0.0,0,12.3,25.74,5.51,33.0
6,6,2021,156,88,80.0,84.0,1.9,0,19,0.01,0.0,0,14.5,24.71,5.33,43.0
6,7,2021,157,89,80.0,84.5,2.3,0,20,0.00,0.0,0,14.4,26.36,5.97,40.0
6,8,2021,158,88,78.0,83.0,0.7,0,18,0.02,0.0,0,13.8,24.53,5.63,38.0
6,9,2021,159,89,78.0,83.5,1.1,0,19,0.00,0.0,0,11.7,25.71,5.98,30.0
6,10,2021,160,89,80.0,84.5,2.0,0,20,0.00,0.0,0,10.9,24.93,5.73,38.0
6,11,2021,161,90,79.0,84.5,1.9,0,20,0.00,0.0,0,11.9,22.27,5.17,32.0
6,12,2021,162,90,80.0,85.0,2.4,0,20,0.09,0.0,0,11.9,20.96,4.57,33.0
6,13,2021,163,94,78.0,86.0,3.3,0,21,T,0.0,0,11.9,19.93,4.26,35.0
6,14,2021,164,86,74.0,80.0,-2.8,0,15,0.79,M,M,12.6,15.65,3.45,64.0
6,15,2021,165,89,74.0,81.5,-1.4,0,17,0.72,M,M,12.3,17.29,3.75,71.0
6,16,2021,166,88,73.0,80.5,-2.4,0,16,0.61,0.0,0,6.1,14.28,3.06,67.0
6,17,2021,167,89,73.0,81.0,-2.0,0,16,T,0.0,0,10.1,13.76,3.16,55.0
6,18,2021,168,90,76.0,83.0,-0.1,0,18,0.03,0.0,0,11.8,23.26,4.95,119.0
6,19,2021,169,90,82.0,86.0,2.9,0,21,0.00,0.0,0,10.5,23.6,5.19,71.0
6,20,2021,170,92,74.0,83.0,-0.2,0,18,1.10,0.0,0,10.4,15.64,3.4,49.0
6,21,2021,171,92,81.0,86.5,3.3,0,22,0.00,0.0,0,11.5,17.87,3.89,60.0
6,22,2021,172,92,75.0,83.5,0.2,0,19,0.19,0.0,0,14.4,23.22,5.04,49.0
6,23,2021,173,92,75.0,83.5,0.2,0,19,0.59,0.0,0,10.0,20.44,4.26,35.0
6,24,2021,174,85,75.0,80.0,-3.4,0,15,0.22,0.0,0,10.8,17.85,3.73,38.0
6,25,2021,175,87,76.0,81.5,-1.9,0,17,0.36,0.0,0,13.7,20.76,4.29,42.0
6,26,2021,176,88,76.0,82.0,-1.5,0,17,0.51,0.0,0,11.2,20.19,4.25,36.0
6,27,2021,177,90,78.0,84.0,0.5,0,19,0.14,M,M,12.4,22.91,4.86,52.0
6,28,2021,178,86,76.0,81.0,-2.5,0,16,0.79,M,M,13.1,19.11,3.96,26.0
6,29,2021,179,89,73.0,81.0,-2.6,0,16,3.86,0.0,0,11.0,16.51,3.45,32.0
6,30,2021,180,86,75.0,80.5,-3.1,0,16,1.00,0.0,0,10.5,14.55,3.02,35.0
7,1,2021,181,82,75.0,78.5,-5.1,0,14,0.06,0.0,0,8.7,16.11,3.25,32.0
7,2,2021,182,90,76.0,83.0,-0.7,0,18,0.56,0.0,0,6.3,21.75,4.41,30.0
7,3,2021,183,94,76.0,85.0,1.3,0,20,0.00,M,M,9.0,24.62,5.13,35.0
7,4,2021,184,92,80.0,86.0,2.3,0,21,0.00,0.0,0,9.7,24.19,4.82,81.0
7,5,2021,185,91,73.0,82.0,-1.8,0,17,1.20,0.0,0,15.6,15.41,3.41,49.0
7,6,2021,186,85,76.0,80.5,-3.3,0,16,0.44,0.0,M,18.1,8.65,2.44,56.0
7,7,2021,187,90,80.0,85.0,1.2,0,20,0.00,0.0,0,14.2,21.61,4.9,38.0
7,8,2021,188,90,78.0,84.0,0.2,0,19,T,0.0,M,10.1,22.33,4.5,39.0
7,9,2021,189,91,78.0,84.5,0.6,0,20,T,0.0,0,9.1,23.1,4.9,55.0
7,10,2021,190,89,75.0,82.0,-1.9,0,17,0.18,0.0,0,10.4,21.2,4.55,62.0
7,11,2021,191,89,75.0,82.0,-1.9,0,17,0.20,0.0,0,14.3,23.54,5.07,48.0
7,12,2021,192,85,71.0,78.0,-5.9,0,13,1.26,0.0,0,13.8,19.58,4.39,48.0
7,13,2021,193,87,76.0,81.5,-2.5,0,17,1.68,0.0,0,13.6,17.76,3.68,53.0
7,14,2021,194,88,76.0,82.0,-2.0,0,17,0.02,0.0,0,12.6,21.63,4.35,50.0
7,15,2021,195,90,80.0,85.0,1.0,0,20,T,0.0,0,14.3,23.53,4.86,35.0
7,16,2021,196,89,78.0,83.5,-0.6,0,19,0.10,0.0,0,13.5,23.07,4.76,31.0
7,17,2021,197,89,76.0,82.5,-1.6,0,18,0.50,0.0,0,9.5,21.74,4.5,32.0
7,18,2021,198,90,80.0,85.0,0.9,0,20,T,0.0,0,9.1,22.66,4.79,32.0
7,19,2021,199,90,80.0,85.0,0.9,0,20,0.00,0.0,0,9.8,24.62,5.29,30.0
7,20,2021,200,90,78.0,84.0,-0.2,0,19,0.46,0.0,0,11.0,22.57,4.49,39.0
7,21,2021,201,92,78.0,85.0,0.8,0,20,0.05,0.0,0,7.9,23.97,4.8,50.0
7,22,2021,202,94,81.0,87.5,3.3,0,23,0.27,M,M,8.6,25.09,5.21,59.0
7,23,2021,203,91,77.0,84.0,-0.2,0,19,0.48,M,M,9.2,19.82,4.14,71.0
7,24,2021,204,91,78.0,84.5,0.2,0,20,0.10,M,M,7.7,15.83,3.27,41.0
7,25,2021,205,91,77.0,84.0,-0.3,0,19,T,M,M,8.3,20.14,4.11,42.0
7,26,2021,206,90,79.0,84.5,0.2,0,20,0.00,0.0,0,9.7,21.2,4.4,40.0
7,27,2021,207,92,78.0,85.0,0.7,0,20,T,0.0,0,8.6,23.36,4.86,52.0
7,28,2021,208,92,78.0,85.0,0.6,0,20,0.00,M,M,4.6,23.39,4.81,53.0
7,29,2021,209,92,77.0,84.5,0.1,0,20,0.62,0.0,0,6.8,22.92,4.7,42.0
7,30,2021,210,93,77.0,85.0,0.6,0,20,0.00,M,M,9.1,23.04,4.73,43.0
7,31,2021,211,92,80.0,86.0,1.6,0,21,0.00,0.0,0,8.3,23.5,5.11,36.0
8,1,2021,212,92,81.0,86.5,2.1,0,22,T,0.0,0,9.4,21.36,4.56,37.0
8,2,2021,213,91,76.0,83.5,-0.9,0,19,0.24,0.0,0,9.3,16.16,3.45,48.0
8,3,2021,214,89,73.0,81.0,-3.4,0,16,1.46,0.0,0,12.1,11.11,2.62,56.0
8,4,2021,215,91,74.0,82.5,-2.0,0,18,0.64,0.0,0,11.0,11.73,2.89,48.0
8,5,2021,216,92,78.0,85.0,0.5,0,20,T,M,M,7.5,22.31,4.75,35.0
8,6,2021,217,91,81.0,86.0,1.5,0,21,0.00,M,M,10.8,22.86,4.66,31.0
8,7,2021,218,90,77.0,83.5,-1.0,0,19,0.03,0.0,M,7.0,22.79,4.65,28.0
8,8,2021,219,91,79.0,85.0,0.6,0,20,0.07,0.0,M,8.0,21.32,4.35,27.0
8,9,2021,220,91,82.0,86.5,2.1,0,22,0.18,0.0,0,11.9,22.26,4.72,27.0
8,10,2021,221,92,79.0,85.5,1.1,0,21,0.04,0.0,0,11.8,22.15,4.8,24.0
8,11,2021,222,92,80.0,86.0,1.6,0,21,0.01,M,M,11.2,21.83,5.01,26.0
8,12,2021,223,92,75.0,83.5,-0.9,0,19,0.93,0.0,0,16.4,23.42,5.13,37.0
8,13,2021,224,90,76.0,83.0,-1.4,0,18,0.44,0.0,0,17.2,18.44,3.95,33.0
8,14,2021,225,88,76.0,82.0,-2.4,0,17,0.65,0.0,0,17.0,13.12,2.88,40.0
8,15,2021,226,87,76.0,81.5,-2.8,0,17,0.63,0.0,0,12.5,12.2,3.45,33.0
8,16,2021,227,91,79.0,85.0,0.7,0,20,0.03,0.0,0,10.7,22.72,4.83,27.0
8,17,2021,228,92,80.0,86.0,1.7,0,21,T,0.0,0,12.0,19.58,4.03,31.0
8,18,2021,229,92,83.0,87.5,3.3,0,23,0.00,0.0,0,13.6,23.97,5.25,59.0
8,19,2021,230,92,81.0,86.5,2.3,0,22,0.15,M,M,8.1,24.76,5.17,49.0
8,20,2021,231,92,78.0,85.0,0.8,0,20,0.00,M,M,7.7,25.2,5.27,42.0
8,21,2021,232,91,79.0,85.0,0.9,0,20,0.00,M,M,9.2,24.37,5.11,32.0
8,22,2021,233,92,82.0,87.0,2.9,0,22,0.00,0.0,0,9.9,22.48,4.59,74.0
8,23,2021,234,92,82.0,87.0,3.0,0,22,0.02,0.0,0,9.9,20.6,4.42,91.0
8,24,2021,235,91,84.0,87.5,3.5,0,23,0.00,0.0,0,13.2,20.97,4.83,82.0
8,25,2021,236,91,74.0,82.5,-1.4,0,18,0.12,0.0,0,20.9,23.36,5.73,66.0
8,26,2021,237,90,74.0,82.0,-1.9,0,17,0.20,M,M,13.5,22.0,4.8,48.0
8,27,2021,238,91,78.0,84.5,0.7,0,20,0.01,0.0,0,13.6,16.97,4.13,28.0
8,28,2021,239,91,84.0,87.5,3.7,0,23,0.00,0.0,0,16.3,19.12,4.69,45.0
8,29,2021,240,91,81.0,86.0,2.3,0,21,0.02,0.0,0,8.9,20.51,4.23,37.0
8,30,2021,241,90,77.0,83.5,-0.2,0,19,0.43,0.0,0,7.3,22.69,4.55,34.0
8,31,2021,242,94,74.0,84.0,0.4,0,19,0.99,M,M,5.1,21.79,4.44,42.0
9,1,2021,243,96,77.0,86.5,2.9,0,22,0.01,M,M,5.4,21.97,4.48,78.0
9,2,2021,244,90,74.0,82.0,-1.5,0,17,0.44,0.0,0,7.4,16.95,3.48,80.0
9,3,2021,245,86,75.0,80.5,-3.0,0,16,1.07,0.0,0,7.2,14.86,3.17,63.0
9,4,2021,246,92,74.0,83.0,-0.5,0,18,1.22,0.0,0,7.6,18.27,3.72,70.0
9,5,2021,247,94,76.0,85.0,1.6,0,20,0.28,0.0,0,6.7,20.59,4.14,54.0
9,6,2021,248,95,76.0,85.5,2.1,0,21,0.30,0.0,0,8.8,22.59,4.59,58.0
9,7,2021,249,91,76.0,83.5,0.2,0,19,T,0.0,0,6.6,18.71,3.88,61.0
9,8,2021,250,91,78.0,84.5,1.2,0,20,0.53,0.0,0,9.1,19.47,3.99,51.0
9,9,2021,251,93,76.0,84.5,1.3,0,20,T,0.0,M,8.1,22.11,4.48,59.0
9,10,2021,252,91,79.0,85.0,1.8,0,20,0.00,0.0,M,7.7,21.91,4.53,65.0
9,11,2021,253,91,76.0,83.5,0.4,0,19,0.00,0.0,M,11.2,20.77,4.35,63.0
9,12,2021,254,90,77.0,83.5,0.4,0,19,0.48,0.0,M,12.3,17.68,3.9,47.0
9,13,2021,255,90,79.0,84.5,1.4,0,20,0.18,M,M,10.6,16.66,3.42,31.0
9,14,2021,256,89,77.0,83.0,0.0,0,18,0.08,0.0,0,9.0,18.23,3.64,26.0
9,15,2021,257,90,77.0,83.5,0.5,0,19,0.29,0.0,0,7.8,20.04,3.96,31.0
9,16,2021,258,87,77.0,82.0,-0.9,0,17,0.03,0.0,0,10.1,19.0,3.67,30.0
9,17,2021,259,91,75.0,83.0,0.1,0,18,1.58,0.0,0,7.6,16.52,3.37,41.0
9,18,2021,260,92,74.0,83.0,0.1,0,18,0.07,0.0,0,6.2,17.34,3.52,40.0
9,19,2021,261,91,76.0,83.5,0.7,0,19,0.53,0.0,0,6.9,14.73,2.98,35.0
9,20,2021,262,89,77.0,83.0,0.2,0,18,T,0.0,0,8.2,13.46,2.7,34.0
9,21,2021,263,88,78.0,83.0,0.3,0,18,T,0.0,0,9.2,12.25,2.76,27.0
9,22,2021,264,88,76.0,82.0,-0.7,0,17,0.05,0.0,0,7.2,14.23,2.96,25.0
9,23,2021,265,88,74.0,81.0,-1.6,0,16,2.25,0.0,0,9.7,17.74,3.54,41.0
9,24,2021,266,89,75.0,82.0,-0.6,0,17,1.19,0.0,0,5.8,15.56,3.14,32.0
9,25,2021,267,91,75.0,83.0,0.5,0,18,1.54,0.0,0,8.5,16.28,3.27,38.0
9,26,2021,268,89,76.0,82.5,0.0,0,18,0.00,0.0,0,13.7,18.55,4.09,44.0
9,27,2021,269,89,76.0,82.5,0.1,0,18,0.00,0.0,0,10.6,22.85,5.45,46.0
9,28,2021,270,88,75.0,81.5,-0.9,0,17,0.00,0.0,0,10.7,18.78,4.56,48.0
9,29,2021,271,89,74.0,81.5,-0.8,0,17,0.00,M,M,9.3,21.14,4.66,44.0
9,30,2021,272,89,75.0,82.0,-0.2,0,17,0.00,0.0,M,10.9,19.33,4.42,38.0
10,1,2021,273,83,73.0,78.0,-4.1,0,13,0.80,0.0,M,11.7,17.5,4.06,33.0
10,2,2021,274,87,76.0,81.5,-0.6,0,17,0.34,0.0,0,16.3,19.34,4.95,44.0
10,3,2021,275,87,79.0,83.0,1.0,0,18,0.03,0.0,M,14.7,17.89,4.44,43.0
10,4,2021,276,88,73.0,80.5,-1.4,0,16,0.00,0.0,0,8.8,20.06,4.57,39.0
10,5,2021,277,88,76.0,82.0,0.2,0,17,0.00,0.0,0,8.7,18.26,3.98,35.0
10,6,2021,278,89,77.0,83.0,1.3,0,18,0.00,0.0,0,10.2,18.82,4.17,49.0
10,7,2021,279,90,81.0,85.5,4.0,0,21,0.00,0.0,0,11.2,17.77,4.11,70.0
10,8,2021,280,89,77.0,83.0,1.6,0,18,0.08,0.0,0,8.2,15.66,3.48,57.0
10,9,2021,281,90,73.0,81.5,0.2,0,17,0.56,0.0,0,9.1,12.28,2.46,50.0
10,10,2021,282,89,73.0,81.0,-0.2,0,16,0.12,0.0,0,12.3,16.37,3.16,39.0
10,11,2021,283,85,74.0,79.5,-1.5,0,15,0.16,0.0,M,8.6,17.96,3.48,32.0
10,12,2021,284,87,74.0,80.5,-0.4,0,16,0.00,M,M,9.3,16.71,3.36,33.0
10,13,2021,285,88,75.0,81.5,0.8,0,17,0.05,0.0,M,8.9,18.63,3.92,34.0
10,14,2021,286,89,76.0,82.5,1.9,0,18,0.01,0.0,0,9.7,17.83,3.78,35.0
10,15,2021,287,89,76.0,82.5,2.1,0,18,0.16,0.0,0,9.6,17.02,3.59,38.0
10,16,2021,288,90,75.0,82.5,2.3,0,18,0.00,0.0,0,5.4,17.06,3.55,51.0
10,17,2021,289,91,74.0,82.5,2.4,0,18,0.86,0.0,0,8.1,18.27,3.79,61.0
10,18,2021,290,85,76.0,80.5,0.6,0,16,0.00,0.0,0,14.1,20.17,4.83,44.0
10,19,2021,291,85,73.0,79.0,-0.7,0,14,0.00,0.0,0,14.2,15.89,5.1,45.0
10,20,2021,292,86,76.0,81.0,1.5,0,16,0.00,0.0,0,15.6,14.2,4.97,43.0
10,21,2021,293,87,76.0,81.5,2.2,0,17,T,0.0,0,13.3,15.24,4.49,39.0
10,22,2021,294,83,74.0,78.5,-0.6,0,14,1.01,0.0,0,10.0,9.3,2.11,31.0
10,23,2021,295,88,75.0,81.5,2.6,0,17,0.00,0.0,0,10.6,13.4,2.72,29.0
10,24,2021,296,86,77.0,81.5,2.8,0,17,0.00,0.0,M,7.8,9.84,2.08,26.0
10,25,2021,297,88,77.0,82.5,4.0,0,18,0.23,0.0,0,12.5,9.12,1.95,50.0
10,26,2021,298,89,78.0,83.5,5.2,0,19,0.01,0.0,0,11.3,16.03,3.27,28.0
10,27,2021,299,90,76.0,83.0,4.9,0,18,0.00,0.0,0,9.6,16.17,3.4,44.0
10,28,2021,300,90,75.0,82.5,4.6,0,18,0.06,0.0,0,15.6,11.97,2.48,38.0
10,29,2021,301,86,75.0,80.5,2.8,0,16,0.43,0.0,0,18.7,16.53,4.01,45.0
10,30,2021,302,82,72.0,77.0,-0.5,0,12,T,0.0,0,17.2,14.87,3.96,43.0
10,31,2021,303,84,66.0,75.0,-2.3,0,10,0.00,0.0,0,7.2,14.96,3.11,43.0
11,1,2021,304,83,68.0,75.5,-1.6,0,11,0.00,0.0,0,12.2,13.78,2.81,41.0
11,2,2021,305,78,72.0,75.0,-1.9,0,10,0.11,0.0,0,11.9,12.65,2.95,38.0
11,3,2021,306,84,71.0,77.5,0.8,0,13,0.00,M,M,9.6,13.53,3.61,94.0
11,4,2021,307,83,73.0,78.0,1.5,0,13,0.06,0.0,0,8.3,13.74,3.22,36.0
11,5,2021,308,79,71.0,75.0,-1.3,0,10,1.60,0.0,0,11.4,4.45,1.35,34.0
11,6,2021,309,76,65.0,70.5,-5.7,0,6,0.00,0.0,0,15.4,14.71,2.87,34.0
11,7,2021,310,76,58.0,67.0,-9.0,0,2,0.00,0.0,0,16.1,18.37,3.48,34.0
11,8,2021,311,77,62.0,69.5,-6.3,0,5,0.00,0.0,0,13.3,16.92,3.75,42.0
11,9,2021,312,80,62.0,71.0,-4.6,0,6,T,0.0,0,12.3,12.57,3.6,44.0
11,10,2021,313,83,66.0,74.5,-1.0,0,10,0.00,0.0,0,11.0,15.16,3.29,42.0
11,11,2021,314,82,75.0,78.5,3.2,0,14,0.04,0.0,0,10.9,9.59,2.47,45.0
11,12,2021,315,81,74.0,77.5,2.4,0,13,0.07,0.0,0,8.1,7.68,1.72,30.0
11,13,2021,316,85,71.0,78.0,3.0,0,13,0.00,0.0,0,7.8,14.73,2.89,38.0
11,14,2021,317,77,66.0,71.5,-3.3,0,7,0.00,0.0,0,11.3,14.7,3.06,44.0
11,15,2021,318,78,60.0,69.0,-5.7,0,4,0.00,0.0,M,13.5,13.82,3.45,41.0
11,16,2021,319,79,64.0,71.5,-3.1,0,7,0.00,0.0,M,15.0,13.39,3.88,42.0
11,17,2021,320,81,72.0,76.5,2.1,0,12,0.00,0.0,M,15.0,9.86,3.74,41.0
11,18,2021,321,81,71.0,76.0,1.7,0,11,0.55,0.0,M,15.7,5.76,2.2,40.0
11,19,2021,322,83,71.0,77.0,2.8,0,12,0.64,0.0,0,15.5,8.74,2.03,33.0
11,20,2021,323,81,73.0,77.0,2.9,0,12,0.61,0.0,M,18.0,10.1,2.89,33.0
11,21,2021,324,83,73.0,78.0,4.1,0,13,0.70,0.0,M,13.0,11.3,2.38,33.0
11,22,2021,325,84,69.0,76.5,2.7,0,12,0.00,0.0,0,12.7,12.54,2.53,30.0
11,23,2021,326,73,60.0,66.5,-7.2,0,2,0.00,0.0,0,17.8,16.97,3.71,45.0
11,24,2021,327,77,58.0,67.5,-6.1,0,3,0.00,0.0,0,15.4,13.07,3.73,42.0
11,25,2021,328,77,66.0,71.5,-2.0,0,7,0.00,0.0,0,11.9,10.11,3.11,40.0
11,26,2021,329,80,64.0,72.0,-1.4,0,7,0.00,0.0,0,7.6,14.87,2.97,42.0
11,27,2021,330,77,64.0,70.5,-2.8,0,6,0.00,0.0,0,9.9,15.25,3.01,43.0
11,28,2021,331,79,57.0,68.0,-5.2,0,3,0.00,0.0,0,6.6,15.65,2.84,50.0
11,29,2021,332,74,59.0,66.5,-6.6,0,2,0.00,0.0,0,14.4,15.52,3.72,45.0
11,30,2021,333,78,59.0,68.5,-4.5,0,4,0.00,0.0,0,9.0,13.85,3.13,44.0
12,1,2021,334,80,61.0,70.5,-2.4,0,6,0.00,0.0,0,7.3,15.11,3.31,46.0
12,2,2021,335,81,61.0,71.0,-1.9,0,6,0.00,0.0,M,9.4,14.69,3.23,48.0
12,3,2021,336,80,63.0,71.5,-1.3,0,7,0.00,0.0,M,9.4,15.84,3.37,49.0
12,4,2021,337,79,63.0,71.0,-1.7,0,6,0.00,0.0,M,7.4,9.42,2.32,45.0
12,5,2021,338,83,65.0,74.0,1.4,0,9,0.00,0.0,M,9.8,11.97,2.67,39.0
12,6,2021,339,83,72.0,77.5,5.0,0,13,0.25,0.0,0,9.5,9.91,1.95,30.0
12,7,2021,340,85,69.0,77.0,4.6,0,12,0.00,0.0,0,6.4,13.58,2.58,49.0
12,8,2021,341,84,67.0,75.5,3.2,0,11,0.00,0.0,0,7.4,14.88,3.03,57.0
12,9,2021,342,85,69.0,77.0,4.9,0,12,0.00,0.0,0,5.7,12.23,2.35,38.0
12,10,2021,343,83,71.0,77.0,5.0,0,12,0.00,0.0,0,8.1,12.09,2.39,44.0
12,11,2021,344,83,71.0,77.0,5.1,0,12,0.00,0.0,0,11.2,13.34,2.85,33.0
12,12,2021,345,84,70.0,77.0,5.2,0,12,0.00,0.0,M,9.1,13.89,2.91,35.0
12,13,2021,346,84,74.0,79.0,7.3,0,14,0.00,0.0,M,12.3,14.12,3.32,37.0
12,14,2021,347,82,72.0,77.0,5.4,0,12,0.06,0.0,0,12.9,12.46,3.08,35.0
12,15,2021,348,82,71.0,76.5,5.0,0,12,0.42,0.0,0,15.9,12.66,2.61,33.0
12,16,2021,349,82,74.0,78.0,6.7,0,13,T,0.0,0,16.1,12.61,3.21,39.0
12,17,2021,350,83,71.0,77.0,5.8,0,12,T,0.0,0,12.8,13.12,3.32,35.0
12,18,2021,351,83,73.0,78.0,6.9,0,13,0.24,0.0,0,14.1,11.21,2.6,37.0
12,19,2021,352,85,73.0,79.0,8.1,0,14,0.13,0.0,0,13.4,11.72,2.44,36.0
12,20,2021,353,83,72.0,77.5,6.7,0,13,0.00,0.0,0,7.9,11.34,2.11,37.0
12,21,2021,354,79,70.0,74.5,3.8,0,10,0.09,0.0,0,18.9,5.29,1.86,33.0
12,22,2021,355,71,62.0,66.5,-4.0,0,2,0.00,0.0,M,15.8,12.4,2.7,38.0
12,23,2021,356,75,56.0,65.5,-4.9,0,1,0.00,0.0,M,13.5,15.78,3.4,42.0
12,24,2021,357,79,58.0,68.5,-1.8,0,4,0.00,0.0,0,10.8,14.18,3.26,84.0
12,25,2021,358,80,62.0,71.0,0.9,0,6,0.00,0.0,0,8.6,12.03,2.93,135.0
12,26,2021,359,83,64.0,73.5,3.5,0,9,0.00,0.0,0,6.5,11.7,2.32,55.0
12,27,2021,360,83,66.0,74.5,4.6,0,10,0.00,0.0,0,6.2,13.54,2.62,47.0
12,28,2021,361,79,66.0,72.5,2.8,0,8,0.00,0.0,0,9.4,10.39,2.38,49.0
12,29,2021,362,81,69.0,75.0,5.4,0,10,0.00,0.0,0,11.0,11.62,3.09,35.0
12,30,2021,363,83,69.0,76.0,6.5,0,11,0.00,0.0,0,8.5,12.87,2.9,35.0
12,31,2021,364,82,68.0,75.0,5.7,0,10,0.00,0.0,0,8.5,13.97,2.85,60.0
1,1,2022,365,82,70.0,76.0,6.8,0,11,0.00,0.0,0,9.6,12.95,2.89,136.0
1,2,2022,366,83,71.0,77.0,7.9,0,12,0.00,0.0,0,14.6,12.43,3.46,30.0
1,3,2022,367,81,64.0,72.5,3.5,0,8,T,0.0,0,12.2,9.86,2.57,54.0
1,4,2022,368,78,62.0,70.0,1.1,0,5,0.00,0.0,0,13.0,8.68,3.0,42.0
1,5,2022,369,81,67.0,74.0,5.2,0,9,0.21,0.0,0,10.4,11.41,2.57,39.0
1,6,2022,370,80,62.0,71.0,2.3,0,6,0.00,0.0,0,8.4,14.12,2.66,47.0
1,7,2022,371,83,69.0,76.0,7.4,0,11,0.00,0.0,0,9.2,11.78,2.39,45.0
1,8,2022,372,79,72.0,75.5,6.9,0,11,0.17,0.0,0,16.4,12.09,2.52,40.0
1,9,2022,373,79,72.0,75.5,7.0,0,11,0.18,0.0,0,17.6,10.32,2.18,39.0
1,10,2022,374,82,70.0,76.0,7.6,0,11,T,0.0,0,8.0,10.69,2.07,36.0
1,11,2022,375,77,65.0,71.0,2.6,0,6,0.94,0.0,0,15.5,11.74,2.11,40.0
1,12,2022,376,76,66.0,71.0,2.7,0,6,0.01,0.0,0,15.9,7.98,2.11,41.0
1,13,2022,377,77,62.0,69.5,1.2,0,5,0.01,0.0,0,8.5,13.78,2.7,39.0
1,14,2022,378,72,57.0,64.5,-3.8,0,0,0.00,0.0,0,6.7,15.97,2.79,65.0
1,15,2022,379,75,51.0,63.0,-5.3,2,0,0.00,0.0,0,12.0,16.44,3.32,71.0
1,16,2022,380,77,63.0,70.0,1.7,0,5,0.22,0.0,0,24.1,7.59,2.42,44.0
1,17,2022,381,75,60.0,67.5,-0.8,0,3,0.00,0.0,0,18.0,12.77,3.44,41.0
1,18,2022,382,71,53.0,62.0,-6.3,3,0,0.00,0.0,0,13.2,17.45,3.33,44.0
1,19,2022,383,75,56.0,65.5,-2.8,0,1,0.00,0.0,0,8.3,12.65,2.77,56.0
1,20,2022,384,81,63.0,72.0,3.7,0,7,1.69,0.0,0,11.3,11.01,2.61,41.0
1,21,2022,385,82,70.0,76.0,7.6,0,11,2.39,0.0,0,7.0,12.94,2.36,37.0
1,22,2022,386,79,64.0,71.5,3.1,0,7,0.01,0.0,0,11.8,7.78,1.52,40.0
1,23,2022,387,64,50.0,57.0,-11.5,8,0,T,0.0,0,14.0,10.97,1.95,56.0
1,24,2022,388,65,46.0,55.5,-13.0,9,0,0.00,0.0,0,13.2,18.28,3.03,60.0
1,25,2022,389,74,50.0,62.0,-6.6,3,0,T,0.0,M,10.3,15.84,3.03,57.0
1,26,2022,390,82,69.0,75.5,6.8,0,11,0.04,0.0,M,13.0,9.17,2.32,42.0
1,27,2022,391,82,66.0,74.0,5.2,0,9,0.11,0.0,M,7.7,12.18,2.17,38.0
1,28,2022,392,75,63.0,69.0,0.1,0,4,0.00,0.0,M,13.5,14.34,2.87,37.0
1,29,2022,393,66,46.0,56.0,-12.9,9,0,0.00,0.0,M,23.8,17.92,3.95,53.0
1,30,2022,394,63,42.0,52.5,-16.5,12,0,0.00,0.0,M,15.2,18.5,3.51,44.0
1,31,2022,395,71,49.0,60.0,-9.1,5,0,0.00,0.0,0,11.5,17.63,3.65,48.0
2,1,2022,395,75,56.0,65.5,-3.8,0,1,0.00,M,M,16.3,12.03,3.93,47.0
2,2,2022,396,78,67.0,72.5,3.1,0,8,0.00,0.0,0,13.4,14.35,3.18,45.0
2,3,2022,397,80,70.0,75.0,5.5,0,10,0.00,0.0,0,16.4,16.1,4.1,44.0
2,4,2022,398,81,71.0,76.0,6.4,0,11,0.00,0.0,0,15.0,15.69,3.49,40.0
2,5,2022,399,81,66.0,73.5,3.8,0,9,0.00,0.0,0,7.8,14.63,2.88,57.0
2,6,2022,400,81,67.0,74.0,4.2,0,9,0.00,0.0,0,7.1,15.61,3.02,44.0
2,7,2022,401,82,65.0,73.5,3.6,0,9,0.00,0.0,0,8.0,15.3,3.0,40.0
2,8,2022,402,82,67.0,74.5,4.4,0,10,0.11,0.0,0,12.9,15.34,3.0,42.0
2,9,2022,403,67,62.0,64.5,-5.7,0,0,0.18,0.0,0,11.9,6.62,1.42,32.0
2,10,2022,404,79,58.0,68.5,-1.8,0,4,0.00,0.0,0,14.0,18.08,3.64,45.0
2,11,2022,405,81,63.0,72.0,1.6,0,7,0.05,0.0,0,7.6,14.37,3.01,45.0
2,12,2022,406,83,68.0,75.5,5.0,0,11,0.01,0.0,0,8.2,15.72,2.98,40.0
2,13,2022,407,75,62.0,68.5,-2.1,0,4,0.91,0.0,M,15.6,9.5,2.01,40.0
2,14,2022,408,72,56.0,64.0,-6.7,1,0,0.00,0.0,0,18.4,18.67,4.01,54.0
2,15,2022,409,77,57.0,67.0,-3.8,0,2,0.00,0.0,0,20.7,11.47,4.28,43.0
2,16,2022,410,79,71.0,75.0,4.1,0,10,0.01,0.0,0,18.4,13.39,3.97,41.0
2,17,2022,411,81,72.0,76.5,5.5,0,12,0.01,0.0,0,17.9,16.6,3.29,50.0
2,18,2022,412,84,70.0,77.0,5.9,0,12,0.00,0.0,0,12.7,17.19,3.37,59.0
2,19,2022,413,85,71.0,78.0,6.8,0,13,0.30,0.0,0,10.9,15.42,2.93,54.0
2,20,2022,414,79,70.0,74.5,3.2,0,10,0.00,0.0,0,16.3,10.77,3.03,44.0
2,21,2022,415,80,69.0,74.5,3.1,0,10,0.00,0.0,0,11.9,16.0,3.54,48.0
2,22,2022,416,82,70.0,76.0,4.5,0,11,0.00,0.0,0,15.4,16.12,3.79,49.0
2,23,2022,417,83,71.0,77.0,5.5,0,12,0.00,0.0,0,14.4,19.27,4.02,37.0
2,24,2022,418,82,70.0,76.0,4.4,0,11,0.00,0.0,0,11.4,15.89,3.73,34.0
2,25,2022,419,82,70.0,76.0,4.3,0,11,0.00,0.0,0,11.4,19.14,4.57,37.0
2,26,2022,420,82,72.0,77.0,5.2,0,12,0.00,M,M,10.8,19.44,4.5,35.0
2,27,2022,421,84,71.0,77.5,5.7,0,13,T,0.0,0,9.2,16.61,3.55,31.0
2,28,2022,422,85,71.0,78.0,6.1,0,13,0.02,0.0,0,11.0,17.05,3.65,61.0
3,1,2022,423,82,66.0,74.0,2.0,0,9,0.00,0.0,0,12.9,18.83,3.86,52.0
3,2,2022,424,79,68.0,73.5,1.5,0,9,0.02,0.0,0,10.4,15.67,3.34,42.0
3,3,2022,425,81,69.0,75.0,2.9,0,10,0.07,M,M,12.0,16.99,3.85,45.0
3,4,2022,426,81,67.0,74.0,1.8,0,9,T,M,M,18.0,18.08,4.74,42.0
3,5,2022,427,81,71.0,76.0,3.8,0,11,T,0.0,0,21.7,17.67,5.31,39.0
3,6,2022,428,82,74.0,78.0,5.7,0,13,0.01,0.0,0,20.3,18.11,4.96,48.0
3,7,2022,429,83,74.0,78.5,6.2,0,14,0.14,0.0,0,18.9,16.48,4.12,55.0
3,8,2022,430,84,75.0,79.5,7.1,0,15,0.00,0.0,0,14.2,18.6,4.05,50.0
3,9,2022,431,84,74.0,79.0,6.5,0,14,0.00,0.0,0,14.6,19.0,4.32,56.0
3,10,2022,432,85,75.0,80.0,7.5,0,15,0.02,0.0,0,14.6,18.73,4.07,51.0
3,11,2022,433,86,74.0,80.0,7.4,0,15,0.00,0.0,M,14.6,20.66,4.36,47.0
3,12,2022,434,90,60.0,75.0,2.3,0,10,T,0.0,0,22.9,17.43,5.11,53.0
3,13,2022,435,74,52.0,63.0,-9.7,2,0,0.00,0.0,0,20.8,15.12,4.92,47.0
3,14,2022,436,77,67.0,72.0,-0.8,0,7,0.24,0.0,0,17.6,10.03,3.95,46.0
3,15,2022,437,79,71.0,75.0,2.1,0,10,0.83,0.0,0,17.2,16.09,3.55,40.0
3,16,2022,438,85,72.0,78.5,5.5,0,14,0.00,0.0,0,14.8,18.25,3.7,38.0
3,17,2022,439,85,73.0,79.0,5.9,0,14,T,0.0,0,9.2,18.65,3.55,40.0
3,18,2022,440,85,68.0,76.5,3.3,0,12,0.00,0.0,0,10.3,22.91,4.36,47.0
3,19,2022,441,85,74.0,79.5,6.3,0,15,0.00,0.0,0,10.6,21.7,4.35,37.0
3,20,2022,442,87,71.0,79.0,5.7,0,14,0.05,0.0,0,11.5,19.52,3.86,45.0
3,21,2022,443,79,72.0,75.5,2.1,0,11,0.00,0.0,0,17.9,23.69,5.22,49.0
3,22,2022,444,82,72.0,77.0,3.5,0,12,0.00,0.0,0,16.3,20.12,5.21,48.0
3,23,2022,445,85,76.0,80.5,6.9,0,16,0.00,0.0,0,17.1,20.21,4.74,40.0
3,24,2022,446,87,77.0,82.0,8.2,0,17,0.00,0.0,0,17.4,20.4,4.66,45.0
3,25,2022,447,80,67.0,73.5,-0.4,0,9,0.65,0.0,0,14.1,19.13,4.25,67.0
3,26,2022,448,79,63.0,71.0,-3.0,0,6,0.00,M,M,13.4,25.79,5.46,112.0
3,27,2022,449,82,62.0,72.0,-2.1,0,7,0.00,0.0,M,15.7,26.0,6.34,74.0
3,28,2022,450,83,62.0,72.5,-1.7,0,8,0.00,0.0,M,9.3,24.86,5.54,100.0
3,29,2022,451,85,63.0,74.0,-0.4,0,9,0.00,0.0,M,10.5,25.86,5.54,93.0
3,30,2022,452,83,73.0,78.0,3.5,0,13,0.00,0.0,0,19.9,19.58,5.61,77.0
3,31,2022,453,85,77.0,81.0,6.4,0,16,0.00,0.0,0,21.9,19.47,5.73,56.0
4,1,2022,454,88,77.0,82.5,7.8,0,18,0.00,M,M,14.8,20.88,4.6,55.0
4,2,2022,455,87,73.0,80.0,5.1,0,15,0.14,0.0,0,14.0,21.74,4.26,55.0
4,3,2022,456,87,70.0,78.5,3.5,0,14,0.16,0.0,0,9.1,18.17,3.65,45.0
4,4,2022,457,83,75.0,79.0,3.8,0,14,0.04,0.0,0,9.9,17.73,3.39,41.0
4,5,2022,458,86,76.0,81.0,5.7,0,16,0.00,0.0,0,16.1,22.38,4.74,38.0
4,6,2022,459,90,78.0,84.0,8.6,0,19,0.00,0.0,0,15.2,21.07,4.69,54.0
4,7,2022,460,92,78.0,85.0,9.4,0,20,0.10,0.0,0,14.4,21.63,4.7,50.0
4,8,2022,461,82,66.0,74.0,-1.7,0,9,0.00,0.0,0,13.6,19.25,5.12,60.0
4,9,2022,462,82,63.0,72.5,-3.4,0,8,0.00,0.0,0,17.0,25.06,6.84,51.0
4,10,2022,463,79,57.0,68.0,-8.0,0,3,0.00,0.0,0,15.2,27.42,6.21,48.0
4,11,2022,464,80,66.0,73.0,-3.1,0,8,0.00,0.0,0,14.5,25.71,6.07,49.0
4,12,2022,465,83,72.0,77.5,1.2,0,13,0.00,0.0,0,16.0,20.55,5.99,46.0
4,13,2022,466,84,74.0,79.0,2.6,0,14,0.00,0.0,0,16.2,18.51,5.5,50.0
4,14,2022,467,86,75.0,80.5,3.9,0,16,0.00,0.0,0,15.7,21.85,5.03,59.0
4,15,2022,468,83,72.0,77.5,0.8,0,13,2.49,0.0,0,12.4,17.71,3.51,34.0
4,16,2022,469,84,74.0,79.0,2.2,0,14,0.00,0.0,0,11.4,21.41,4.37,34.0
4,17,2022,470,86,74.0,80.0,3.0,0,15,0.00,0.0,0,12.6,25.68,5.04,34.0
4,18,2022,471,88,75.0,81.5,4.4,0,17,T,0.0,0,10.6,22.18,4.58,38.0
4,19,2022,472,88,73.0,80.5,3.3,0,16,0.00,0.0,0,16.1,23.41,4.79,46.0
4,20,2022,473,83,73.0,78.0,0.7,0,13,0.01,0.0,0,17.9,21.97,5.13,50.0
4,21,2022,474,83,74.0,78.5,1.0,0,14,0.05,0.0,0,19.5,23.18,5.86,53.0
4,22,2022,475,83,71.0,77.0,-0.6,0,12,0.18,0.0,0,20.3,21.72,4.7,52.0
4,23,2022,476,85,74.0,79.5,1.8,0,15,0.00,0.0,0,17.8,22.65,5.46,45.0
4,24,2022,477,84,74.0,79.0,1.2,0,14,T,0.0,0,15.3,25.85,6.13,39.0
4,25,2022,478,85,74.0,79.5,1.6,0,15,0.00,0.0,0,13.4,23.54,5.35,48.0
4,26,2022,479,85,74.0,79.5,1.5,0,15,0.00,0.0,0,11.2,24.61,5.43,49.0
4,27,2022,480,85,72.0,78.5,0.3,0,14,0.00,0.0,0,9.1,23.07,5.16,56.0
4,28,2022,481,88,73.0,80.5,2.2,0,16,0.09,0.0,0,10.5,23.2,4.77,57.0
4,29,2022,482,84,73.0,78.5,0.1,0,14,0.04,0.0,0,9.3,17.35,3.43,43.0
4,30,2022,483,84,70.0,77.0,-1.5,0,12,1.36,0.0,0,9.4,21.81,4.21,42.0
5,1,2022,484,85,72.0,78.5,-0.1,0,14,0.06,0.0,0,11.0,24.6,5.14,42.0
5,2,2022,485,86,75.0,80.5,1.8,0,16,0.00,0.0,0,13.3,24.48,5.13,41.0
5,3,2022,486,87,77.0,82.0,3.2,0,17,0.02,0.0,0,12.9,22.84,4.72,43.0
5,4,2022,487,88,73.0,80.5,1.6,0,16,0.28,0.0,0,7.1,23.9,4.53,41.0
5,5,2022,488,91,71.0,81.0,2.0,0,16,0.00,0.0,0,7.1,24.51,4.91,93.0
5,6,2022,489,93,76.0,84.5,5.4,0,20,0.00,0.0,0,9.9,24.76,5.39,78.0
5,7,2022,490,93,76.0,84.5,5.3,0,20,0.00,0.0,0,14.9,22.36,5.66,53.0
5,8,2022,491,94,75.0,84.5,5.2,0,20,0.15,0.0,0,11.5,21.56,4.59,41.0
5,9,2022,492,87,72.0,79.5,0.1,0,15,0.00,0.0,0,14.9,22.6,4.79,45.0
5,10,2022,493,85,70.0,77.5,-2.0,0,13,0.00,0.0,0,16.2,27.32,6.59,51.0
5,11,2022,494,88,68.0,78.0,-1.5,0,13,T,0.0,0,16.6,20.48,5.09,47.0
5,12,2022,495,84,68.0,76.0,-3.6,0,11,0.16,0.0,0,14.0,23.75,4.72,48.0
5,13,2022,496,86,70.0,78.0,-1.7,0,13,0.00,0.0,0,12.3,25.03,5.02,49.0
5,14,2022,497,89,74.0,81.5,1.7,0,17,T,0.0,0,10.9,24.57,4.95,34.0
5,15,2022,498,89,76.0,82.5,2.6,0,18,0.07,0.0,0,11.2,24.26,4.94,36.0
5,16,2022,499,89,73.0,81.0,1.0,0,16,0.45,0.0,0,11.9,21.52,4.52,46.0
5,17,2022,500,89,74.0,81.5,1.4,0,17,T,0.0,0,9.3,23.73,4.73,51.0
5,18,2022,501,91,76.0,83.5,3.3,0,19,0.00,0.0,0,9.3,25.86,5.4,50.0
5,19,2022,502,90,78.0,84.0,3.7,0,19,0.00,0.0,0,11.6,24.02,5.16,34.0
5,20,2022,503,91,75.0,83.0,2.6,0,18,1.65,M,M,17.4,13.86,2.98,44.0
5,21,2022,504,88,82.0,85.0,4.5,0,20,0.00,M,M,15.0,23.99,4.99,87.0
5,22,2022,505,89,81.0,85.0,4.4,0,20,0.00,0.0,0,15.3,23.68,5.04,60.0
5,23,2022,506,88,78.0,83.0,2.3,0,18,0.03,0.0,0,13.4,25.8,5.56,35.0
5,24,2022,507,88,78.0,83.0,2.2,0,18,0.00,0.0,0,13.7,26.65,6.22,38.0
5,25,2022,508,88,79.0,83.5,2.6,0,19,T,0.0,0,14.6,24.65,6.21,52.0
5,26,2022,509,88,79.0,83.5,2.5,0,19,0.00,0.0,0,15.2,27.03,6.12,51.0
5,27,2022,510,89,78.0,83.5,2.3,0,19,T,0.0,0,13.0,24.92,5.84,47.0
5,28,2022,511,89,71.0,80.0,-1.3,0,15,0.37,0.0,0,12.2,24.08,5.46,37.0
5,29,2022,512,89,70.0,79.5,-1.9,0,15,0.41,0.0,0,14.0,22.86,4.61,44.0
5,30,2022,513,88,71.0,79.5,-2.0,0,15,0.76,0.0,0,16.6,16.27,3.91,35.0
5,31,2022,514,86,76.0,81.0,-0.6,0,16,0.06,0.0,0,11.4,19.96,3.99,33.0
6,1,2022,515,92,68.0,80.0,-1.7,0,15,2.32,0.0,0,7.1,24.31,4.74,44.0
6,2,2022,516,88,74.0,81.0,-0.8,0,16,0.27,0.0,0,12.6,18.28,3.46,37.0
6,3,2022,517,78,71.0,74.5,-7.4,0,10,3.39,0.0,0,17.0,2.93,1.5,38.0
6,4,2022,518,86,72.0,79.0,-3.0,0,14,5.26,0.0,0,22.5,15.4,3.31,23.0
6,5,2022,519,89,73.0,81.0,-1.0,0,16,0.00,0.0,0,9.1,23.18,4.77,37.0
6,6,2022,520,87,76.0,81.5,-0.6,0,17,0.02,0.0,M,11.5,20.81,4.04,35.0
6,7,2022,521,87,75.0,81.0,-1.2,0,16,0.08,0.0,M,16.6,14.78,2.91,30.0
6,8,2022,522,88,73.0,80.5,-1.8,0,16,0.11,0.0,0,9.9,23.74,4.57,35.0
6,9,2022,523,91,73.0,82.0,-0.4,0,17,0.25,0.0,0,8.8,20.22,4.03,37.0
6,10,2022,524,89,75.0,82.0,-0.5,0,17,0.05,M,M,11.9,19.25,3.78,34.0
6,11,2022,525,87,73.0,80.0,-2.6,0,15,0.03,0.0,0,8.4,21.41,4.2,47.0
6,12,2022,526,92,74.0,83.0,0.4,0,18,0.88,0.0,0,8.6,24.71,5.23,55.0
6,13,2022,527,91,77.0,84.0,1.3,0,19,T,0.0,0,8.8,24.81,5.05,62.0
6,14,2022,528,90,79.0,84.5,1.7,0,20,0.05,0.0,0,9.0,24.2,4.77,88.0
6,15,2022,529,90,79.0,84.5,1.6,0,20,0.00,0.0,0,8.9,24.61,5.16,89.0
6,16,2022,530,91,80.0,85.5,2.6,0,21,0.00,0.0,0,8.1,24.25,5.1,48.0
6,17,2022,531,90,74.0,82.0,-1.0,0,17,0.11,0.0,0,10.1,23.49,4.74,48.0
6,18,2022,532,90,77.0,83.5,0.4,0,19,0.00,0.0,0,7.5,24.6,5.09,49.0
6,19,2022,533,92,76.0,84.0,0.9,0,19,1.91,0.0,0,8.0,22.31,4.81,49.0
6,20,2022,534,89,76.0,82.5,-0.7,0,18,0.01,0.0,0,7.6,21.98,4.53,43.0
6,21,2022,535,88,77.0,82.5,-0.7,0,18,0.21,0.0,M,15.1,24.0,5.04,45.0
6,22,2022,536,86,75.0,80.5,-2.8,0,16,0.02,0.0,M,12.6,24.38,5.31,51.0
6,23,2022,537,89,76.0,82.5,-0.8,0,18,0.00,0.0,0,9.9,26.54,5.67,64.0
6,24,2022,538,91,78.0,84.5,1.1,0,20,0.00,0.0,0,9.9,25.8,5.63,48.0
6,25,2022,539,91,76.0,83.5,0.1,0,19,0.64,0.0,0,7.1,21.93,4.54,49.0
6,26,2022,540,90,78.0,84.0,0.5,0,19,0.00,0.0,0,7.9,20.48,4.17,37.0
6,27,2022,541,90,77.0,83.5,0.0,0,19,0.00,M,M,11.1,24.44,4.91,33.0
6,28,2022,542,90,80.0,85.0,1.5,0,20,0.00,M,M,9.7,24.09,4.85,38.0
6,29,2022,543,91,78.0,84.5,0.9,0,20,T,0.0,0,7.7,24.46,4.92,44.0
6,30,2022,544,91,80.0,85.5,1.9,0,21,0.00,0.0,0,10.7,24.18,5.18,36.0
7,1,2022,545,90,81.0,85.5,1.9,0,21,0.01,0.0,0,11.4,25.98,5.66,30.0
7,2,2022,546,90,79.0,84.5,0.8,0,20,0.00,0.0,0,11.2,24.12,5.36,31.0
7,3,2022,547,91,79.0,85.0,1.3,0,20,T,0.0,0,10.7,26.26,6.01,26.0
7,4,2022,548,91,81.0,86.0,2.3,0,21,T,0.0,0,11.7,24.45,5.51,58.0
7,5,2022,549,91,79.0,85.0,1.2,0,20,0.07,0.0,0,11.1,21.9,4.35,29.0
7,6,2022,550,91,80.0,85.5,1.7,0,21,0.07,0.0,0,10.0,23.48,4.89,45.0
7,7,2022,551,91,79.0,85.0,1.2,0,20,0.04,0.0,0,11.1,25.29,5.31,36.0
7,8,2022,552,91,80.0,85.5,1.7,0,21,0.29,0.0,0,11.4,24.19,5.28,31.0
7,9,2022,553,92,80.0,86.0,2.1,0,21,0.08,0.0,0,12.3,24.71,4.99,34.0
7,10,2022,554,93,80.0,86.5,2.6,0,22,0.10,0.0,0,9.6,23.69,5.29,32.0
7,11,2022,555,94,79.0,86.5,2.6,0,22,0.00,0.0,M,11.2,24.62,5.21,42.0
7,12,2022,556,92,81.0,86.5,2.6,0,22,T,0.0,0,9.8,25.25,5.4,39.0
7,13,2022,557,93,82.0,87.5,3.5,0,23,0.00,0.0,0,10.8,23.09,4.88,41.0
7,14,2022,558,90,76.0,83.0,-1.0,0,18,0.11,0.0,0,10.1,24.45,5.2,52.0
7,15,2022,559,87,74.0,80.5,-3.5,0,16,0.77,0.0,0,13.4,18.96,3.85,36.0
7,16,2022,560,88,73.0,80.5,-3.6,0,16,0.85,0.0,0,11.2,16.31,3.32,28.0
7,17,2022,561,91,78.0,84.5,0.4,0,20,0.01,M,M,14.3,19.02,4.06,45.0
7,18,2022,562,90,81.0,85.5,1.4,0,21,0.00,0.0,0,12.0,24.62,5.39,62.0
7,19,2022,563,90,79.0,84.5,0.4,0,20,0.00,0.0,0,9.8,26.22,5.56,59.0
7,20,2022,564,90,81.0,85.5,1.3,0,21,T,0.0,0,9.1,25.27,5.56,33.0
7,21,2022,565,91,82.0,86.5,2.3,0,22,0.00,0.0,0,9.9,24.83,5.57,35.0
7,22,2022,566,90,78.0,84.0,-0.2,0,19,0.05,0.0,0,11.8,21.21,4.59,44.0
7,23,2022,567,91,79.0,85.0,0.8,0,20,0.01,0.0,0,13.1,24.23,5.13,52.0
7,24,2022,568,91,81.0,86.0,1.7,0,21,0.03,0.0,0,11.8,24.59,5.65,41.0
7,25,2022,569,91,79.0,85.0,0.7,0,20,0.14,0.0,0,14.4,23.44,5.57,35.0
7,26,2022,570,86,73.0,79.5,-4.8,0,15,1.70,0.0,0,12.2,17.36,3.88,52.0
7,27,2022,571,90,72.0,81.0,-3.3,0,16,0.48,0.0,0,11.7,24.07,5.3,61.0
7,28,2022,572,91,80.0,85.5,1.1,0,21,0.00,0.0,0,9.7,27.07,5.85,60.0
7,29,2022,573,90,81.0,85.5,1.1,0,21,0.00,0.0,0,11.5,26.51,5.88,32.0
7,30,2022,574,90,77.0,83.5,-0.9,0,19,T,0.0,0,12.8,25.89,6.24,30.0
7,31,2022,575,91,81.0,86.0,1.6,0,21,0.00,0.0,0,12.8,24.77,5.82,30.0
8,1,2022,576,91,80.0,85.5,1.1,0,21,0.00,0.0,0,11.1,25.18,5.51,53.0
8,2,2022,577,91,78.0,84.5,0.1,0,20,0.00,0.0,0,10.2,23.04,4.98,33.0
8,3,2022,578,90,77.0,83.5,-0.9,0,19,0.00,0.0,0,9.8,24.24,5.37,32.0
8,4,2022,579,90,81.0,85.5,1.0,0,21,0.00,M,M,10.1,23.34,5.01,50.0
8,5,2022,580,90,78.0,84.0,-0.5,0,19,0.41,0.0,0,11.2,20.34,4.51,57.0
8,6,2022,581,90,79.0,84.5,0.0,0,20,0.03,0.0,0,14.3,22.1,5.32,56.0
8,7,2022,582,88,78.0,83.0,-1.5,0,18,0.11,0.0,0,13.0,17.93,3.97,32.0
8,8,2022,583,90,76.0,83.0,-1.4,0,18,0.23,0.0,0,11.1,21.86,4.79,35.0
8,9,2022,584,90,80.0,85.0,0.6,0,20,0.06,0.0,0,12.8,21.5,4.89,89.0
8,10,2022,585,91,81.0,86.0,1.6,0,21,0.00,0.0,0,12.4,23.27,5.35,58.0
8,11,2022,586,90,82.0,86.0,1.6,0,21,0.00,M,M,10.4,23.45,5.24,53.0
8,12,2022,587,92,82.0,87.0,2.6,0,22,0.00,M,M,9.0,23.99,5.33,34.0
8,13,2022,588,92,80.0,86.0,1.6,0,21,0.01,0.0,0,8.7,19.71,4.13,32.0
8,14,2022,589,92,77.0,84.5,0.1,0,20,0.16,0.0,0,6.9,18.81,3.92,36.0
8,15,2022,590,93,76.0,84.5,0.2,0,20,0.81,0.0,M,6.5,20.74,4.19,44.0
8,16,2022,591,93,77.0,85.0,0.7,0,20,0.75,0.0,M,10.5,22.78,4.72,36.0
8,17,2022,592,96,78.0,87.0,2.7,0,22,0.00,0.0,0,8.3,21.91,4.67,37.0
8,18,2022,593,96,79.0,87.5,3.3,0,23,0.00,0.0,0,8.7,23.22,4.93,38.0
8,19,2022,594,94,81.0,87.5,3.3,0,23,0.00,0.0,0,9.1,23.93,5.04,39.0
8,20,2022,595,94,80.0,87.0,2.8,0,22,0.13,0.0,0,10.8,20.31,4.68,32.0
8,21,2022,596,93,83.0,88.0,3.9,0,23,T,0.0,0,12.4,24.22,5.47,35.0
8,22,2022,597,93,78.0,85.5,1.4,0,21,0.55,0.0,0,10.7,23.24,4.9,27.0
8,23,2022,598,93,82.0,87.5,3.5,0,23,0.07,0.0,0,7.8,22.33,4.65,25.0
8,24,2022,599,93,82.0,87.5,3.5,0,23,0.00,0.0,0,8.6,22.5,4.55,23.0
8,25,2022,600,93,83.0,88.0,4.1,0,23,T,0.0,0,8.6,19.68,4.07,28.0
8,26,2022,601,93,82.0,87.5,3.6,0,23,0.00,0.0,0,7.1,22.9,4.78,31.0
8,27,2022,602,91,79.0,85.0,1.2,0,20,T,0.0,0,8.0,20.97,4.36,33.0
8,28,2022,603,91,77.0,84.0,0.2,0,19,0.67,0.0,0,9.0,14.28,3.11,23.0
8,29,2022,604,90,76.0,83.0,-0.7,0,18,0.49,0.0,0,11.6,20.97,4.26,27.0
8,30,2022,605,92,82.0,87.0,3.3,0,22,0.02,0.0,0,11.5,23.07,5.11,45.0
8,31,2022,606,90,76.0,83.0,-0.6,0,18,0.67,0.0,0,7.1,20.43,4.26,37.0
9,1,2022,607,93,77.0,85.0,1.4,0,20,0.13,0.0,0,8.4,22.27,4.54,36.0
9,2,2022,608,93,78.0,85.5,2.0,0,21,0.03,0.0,0,9.9,22.62,4.77,35.0
9,3,2022,609,93,80.0,86.5,3.0,0,22,0.18,0.0,0,11.0,22.45,4.98,28.0
9,4,2022,610,93,81.0,87.0,3.5,0,22,0.00,0.0,0,9.4,22.49,5.04,27.0
9,5,2022,611,93,80.0,86.5,3.1,0,22,T,0.0,0,7.8,22.02,4.6,31.0
9,6,2022,612,93,79.0,86.0,2.6,0,21,0.03,0.0,0,6.6,23.52,4.93,31.0
9,7,2022,613,96,80.0,88.0,4.7,0,23,0.59,0.0,0,7.9,21.57,4.5,40.0
9,8,2022,614,93,74.0,83.5,0.2,0,19,0.54,0.0,0,8.7,18.17,3.72,42.0
9,9,2022,615,93,78.0,85.5,2.3,0,21,0.04,0.0,0,13.4,17.09,3.63,43.0
9,10,2022,616,94,83.0,88.5,5.3,0,24,0.00,0.0,0,11.0,21.04,4.61,33.0
9,11,2022,617,94,82.0,88.0,4.9,0,23,0.00,0.0,0,9.9,21.46,4.4,31.0
9,12,2022,618,93,78.0,85.5,2.4,0,21,0.14,0.0,0,4.8,19.59,3.93,34.0
9,13,2022,619,93,76.0,84.5,1.4,0,20,0.18,0.0,0,7.1,20.44,4.2,40.0
9,14,2022,620,88,75.0,81.5,-1.5,0,17,2.61,0.0,0,6.7,10.57,2.25,39.0
9,15,2022,621,90,75.0,82.5,-0.5,0,18,0.45,0.0,0,8.8,17.96,3.63,34.0
9,16,2022,622,90,75.0,82.5,-0.4,0,18,0.84,0.0,0,8.1,13.41,2.81,35.0
9,17,2022,623,92,75.0,83.5,0.6,0,19,0.35,0.0,0,12.3,15.01,3.18,26.0
9,18,2022,624,88,75.0,81.5,-1.4,0,17,0.03,0.0,0,5.2,16.95,3.42,28.0
9,19,2022,625,89,76.0,82.5,-0.3,0,18,T,0.0,M,8.6,16.87,3.4,44.0
9,20,2022,626,93,78.0,85.5,2.7,0,21,0.00,0.0,M,8.7,20.7,4.44,39.0
9,21,2022,627,94,80.0,87.0,4.3,0,22,0.09,0.0,0,9.9,20.16,4.23,31.0
9,22,2022,628,94,79.0,86.5,3.8,0,22,T,0.0,0,7.1,19.42,3.97,42.0
9,23,2022,629,95,78.0,86.5,3.9,0,22,0.00,0.0,0,7.0,23.07,4.91,84.0
9,24,2022,630,91,76.0,83.5,0.9,0,19,0.39,0.0,0,7.1,18.72,3.85,64.0
9,25,2022,631,91,77.0,84.0,1.5,0,19,0.00,0.0,0,8.4,21.04,4.25,39.0
9,26,2022,632,90,75.0,82.5,0.0,0,18,1.67,0.0,0,10.8,12.56,2.66,28.0
9,27,2022,633,84,76.0,80.0,-2.4,0,15,3.54,0.0,0,26.0,5.96,1.77,41.0
9,28,2022,634,86,79.0,82.5,0.1,0,18,0.32,0.0,0,31.5,9.75,2.67,44.0
9,29,2022,635,87,73.0,80.0,-2.3,0,15,0.00,0.0,0,25.9,15.16,3.81,36.0
9,30,2022,636,85,69.0,77.0,-5.2,0,12,0.00,0.0,0,15.0,20.77,4.27,80.0
10,1,2022,637,86,75.0,80.5,-1.6,0,16,T,0.0,0,7.5,11.29,2.58,42.0
10,2,2022,638,88,75.0,81.5,-0.6,0,17,0.02,0.0,0,11.9,7.78,2.29,44.0
10,3,2022,639,90,74.0,82.0,0.0,0,17,0.00,0.0,0,7.2,19.39,4.1,97.0
10,4,2022,640,89,75.0,82.0,0.1,0,17,0.00,0.0,0,8.5,18.55,4.03,49.0
10,5,2022,641,88,73.0,80.5,-1.3,0,16,T,0.0,0,9.5,18.29,3.85,42.0
10,6,2022,642,86,75.0,80.5,-1.2,0,16,T,0.0,0,11.4,18.22,4.1,43.0
10,7,2022,643,87,75.0,81.0,-0.5,0,16,0.00,0.0,0,12.4,18.93,4.33,45.0
10,8,2022,644,86,75.0,80.5,-0.9,0,16,0.23,0.0,0,14.5,16.02,3.38,31.0
10,9,2022,645,85,76.0,80.5,-0.8,0,16,2.23,0.0,0,10.1,12.86,2.73,40.0
10,10,2022,646,90,76.0,83.0,1.8,0,18,0.00,0.0,M,8.1,19.23,3.92,44.0
10,11,2022,647,91,79.0,85.0,4.0,0,20,0.00,0.0,M,9.2,17.12,3.63,42.0
10,12,2022,648,91,81.0,86.0,5.1,0,21,0.00,0.0,M,9.1,17.24,3.49,42.0
10,13,2022,649,90,76.0,83.0,2.3,0,18,1.67,0.0,0,11.5,9.37,2.09,37.0
10,14,2022,650,88,76.0,82.0,1.4,0,17,0.23,0.0,0,8.2,17.93,3.43,34.0
10,15,2022,651,89,77.0,83.0,2.6,0,18,0.04,0.0,0,10.9,16.2,3.26,44.0
10,16,2022,652,88,79.0,83.5,3.3,0,19,0.00,0.0,0,11.9,15.2,3.53,49.0
10,17,2022,653,87,78.0,82.5,2.4,0,18,0.04,0.0,0,9.5,15.94,3.42,48.0
10,18,2022,654,89,78.0,83.5,3.6,0,19,T,0.0,0,7.9,15.0,3.17,26.0
10,19,2022,655,79,63.0,71.0,-8.7,0,6,0.35,0.0,0,13.5,5.71,1.74,45.0
10,20,2022,656,81,64.0,72.5,-7.0,0,8,0.00,0.0,0,12.1,15.22,3.07,40.0
10,21,2022,657,83,67.0,75.0,-4.3,0,10,0.03,0.0,0,15.1,13.34,2.86,41.0
10,22,2022,658,86,68.0,77.0,-2.1,0,12,0.00,0.0,0,14.7,17.18,4.1,42.0
10,23,2022,659,86,71.0,78.5,-0.4,0,14,0.01,0.0,0,12.5,16.7,4.0,40.0
10,24,2022,660,86,72.0,79.0,0.3,0,14,0.00,0.0,0,10.2,16.21,3.69,40.0
10,25,2022,661,89,71.0,80.0,1.5,0,15,0.00,M,M,10.2,19.15,4.47,44.0
10,26,2022,662,87,69.0,78.0,-0.3,0,13,0.00,0.0,0,7.1,19.16,3.99,80.0
10,27,2022,663,88,72.0,80.0,1.9,0,15,0.00,M,M,8.5,17.23,3.6,58.0
10,28,2022,664,87,72.0,79.5,1.6,0,15,0.00,0.0,0,12.3,16.19,4.1,42.0
10,29,2022,665,88,75.0,81.5,3.8,0,17,0.00,0.0,0,14.5,14.45,3.34,57.0
10,30,2022,666,87,77.0,82.0,4.5,0,17,T,0.0,0,11.1,15.63,3.7,38.0
10,31,2022,667,88,76.0,82.0,4.7,0,17,0.00,0.0,0,9.5,16.07,3.29,38.0
11,1,2022,668,90,79.0,84.5,7.4,0,20,0.02,0.0,0,8.3,16.18,3.44,35.0
11,2,2022,669,90,79.0,84.5,7.6,0,20,0.00,0.0,M,9.4,14.69,3.13,31.0
11,3,2022,670,88,76.0,82.0,5.3,0,17,0.14,0.0,0,10.7,15.67,3.39,37.0
11,4,2022,671,86,73.0,79.5,3.0,0,15,0.02,0.0,0,16.6,16.57,4.01,40.0
11,5,2022,672,87,73.0,80.0,3.7,0,15,0.01,0.0,0,10.8,15.94,4.01,42.0
11,6,2022,673,87,72.0,79.5,3.3,0,15,0.34,0.0,0,16.7,13.82,3.49,39.0
11,7,2022,674,86,74.0,80.0,4.0,0,15,0.02,0.0,0,18.8,15.83,4.41,48.0
11,8,2022,675,86,71.0,78.5,2.7,0,14,0.59,0.0,0,20.5,14.78,4.16,50.0
11,9,2022,676,78,69.0,73.5,-2.1,0,9,1.35,0.0,0,23.2,4.01,1.58,45.0
11,10,2022,677,85,70.0,77.5,2.0,0,13,T,0.0,0,22.1,13.8,3.06,34.0
11,11,2022,678,88,72.0,80.0,4.7,0,15,0.00,0.0,0,12.3,14.71,3.12,43.0
11,12,2022,679,86,72.0,79.0,3.9,0,14,0.02,0.0,0,6.8,15.11,2.9,49.0
11,13,2022,680,88,69.0,78.5,3.5,0,14,0.00,0.0,0,4.4,15.1,2.93,37.0
11,14,2022,681,86,73.0,79.5,4.7,0,15,0.00,0.0,0,7.9,14.62,3.14,36.0
11,15,2022,682,86,73.0,79.5,4.8,0,15,0.00,0.0,0,8.1,15.63,3.31,38.0
11,16,2022,683,87,71.0,79.0,4.4,0,14,T,0.0,0,5.7,14.17,2.74,40.0
11,17,2022,684,81,69.0,75.0,0.6,0,10,0.00,0.0,0,16.2,11.82,2.46,56.0
11,18,2022,685,81,65.0,73.0,-1.3,0,8,0.00,0.0,0,15.8,11.36,3.03,42.0
11,19,2022,686,81,70.0,75.5,1.3,0,11,0.01,0.0,0,15.9,10.07,3.16,38.0
11,20,2022,687,78,69.0,73.5,-0.6,0,9,4.46,0.0,0,21.5,9.7,2.06,38.0
11,21,2022,688,78,72.0,75.0,1.1,0,10,1.06,0.0,0,19.7,7.33,1.89,34.0
11,22,2022,689,85,72.0,78.5,4.7,0,14,0.10,0.0,0,7.8,12.41,2.54,38.0
11,23,2022,690,86,69.0,77.5,3.8,0,13,0.00,0.0,0,4.9,13.73,2.6,40.0
11,24,2022,691,87,73.0,80.0,6.4,0,15,0.00,0.0,0,7.0,12.9,2.45,35.0
11,25,2022,692,88,77.0,82.5,9.0,0,18,0.00,0.0,0,8.4,13.61,2.8,45.0
11,26,2022,693,87,75.0,81.0,7.6,0,16,0.00,0.0,0,8.1,13.62,2.75,46.0
11,27,2022,694,89,75.0,82.0,8.7,0,17,T,0.0,0,9.7,13.01,2.72,35.0
11,28,2022,695,88,73.0,80.5,7.3,0,16,0.03,0.0,0,8.1,13.75,2.75,44.0
11,29,2022,696,84,73.0,78.5,5.4,0,14,0.00,0.0,0,14.0,14.48,3.43,41.0
11,30,2022,697,86,73.0,79.5,6.5,0,15,0.32,0.0,0,12.8,12.77,2.93,40.0
12,1,2022,698,83,74.0,78.5,5.6,0,14,0.07,0.0,0,19.0,10.77,2.11,44.0
12,2,2022,699,82,74.0,78.0,5.1,0,13,0.00,0.0,0,17.4,13.27,3.63,47.0
12,3,2022,700,83,73.0,78.0,5.2,0,13,0.00,0.0,0,17.4,13.67,4.23,53.0
12,4,2022,701,82,69.0,75.5,2.8,0,11,0.00,0.0,0,10.4,11.52,3.52,40.0
12,5,2022,702,83,69.0,76.0,3.4,0,11,0.00,0.0,0,9.2,11.83,2.75,49.0
12,6,2022,703,83,72.0,77.5,5.0,0,13,0.02,0.0,0,10.1,13.76,3.26,46.0
12,7,2022,704,84,71.0,77.5,5.1,0,13,0.02,M,M,11.2,11.43,2.97,37.0
12,8,2022,705,82,69.0,75.5,3.2,0,11,0.00,0.0,0,10.6,11.89,3.27,37.0
12,9,2022,706,82,67.0,74.5,2.4,0,10,0.00,0.0,0,8.9,11.17,2.5,48.0
12,10,2022,707,82,68.0,75.0,3.0,0,10,0.00,0.0,0,9.0,14.53,3.11,60.0
12,11,2022,708,82,64.0,73.0,1.1,0,8,0.00,0.0,0,8.2,15.07,3.19,69.0
12,12,2022,709,80,64.0,72.0,0.2,0,7,0.00,0.0,0,8.8,15.29,2.93,77.0
12,13,2022,710,82,64.0,73.0,1.3,0,8,0.01,0.0,0,8.8,13.64,2.8,64.0
12,14,2022,711,82,66.0,74.0,2.4,0,9,0.00,0.0,0,12.5,12.45,3.37,56.0
12,15,2022,712,85,74.0,79.5,8.0,0,15,0.00,0.0,0,17.7,12.91,3.6,54.0
12,16,2022,713,81,69.0,75.0,3.7,0,10,0.17,0.0,0,9.3,7.83,1.75,41.0
12,17,2022,714,80,68.0,74.0,2.8,0,9,0.16,0.0,0,9.6,6.69,1.48,33.0
12,18,2022,715,81,67.0,74.0,2.9,0,9,0.07,0.0,0,14.9,8.8,2.01,40.0
12,19,2022,716,79,63.0,71.0,0.1,0,6,0.00,0.0,0,14.6,12.4,3.2,43.0
12,20,2022,717,81,69.0,75.0,4.2,0,10,0.38,0.0,0,14.8,9.74,2.87,44.0
12,21,2022,718,82,68.0,75.0,4.3,0,10,0.01,0.0,0,15.0,11.51,2.22,36.0
12,22,2022,719,85,68.0,76.5,6.0,0,12,0.00,0.0,0,7.0,13.86,2.72,44.0
12,23,2022,720,82,59.0,70.5,0.1,0,6,0.27,0.0,0,16.3,9.65,2.2,40.0
12,24,2022,721,59,48.0,53.5,-16.8,11,0,T,0.0,0,17.6,10.28,3.03,33.0
12,25,2022,722,50,45.0,47.5,-22.6,17,0,0.03,0.0,0,16.9,5.93,2.4,55.0
12,26,2022,723,56,48.0,52.0,-18.0,13,0,0.38,0.0,0,14.2,3.72,1.32,42.0
12,27,2022,724,73,56.0,64.5,-5.4,0,0,0.14,0.0,M,13.6,7.35,1.55,35.0
12,28,2022,725,79,58.0,68.5,-1.2,0,4,0.00,0.0,0,14.5,12.03,3.2,39.0
12,29,2022,726,80,69.0,74.5,4.9,0,10,0.00,0.0,0,15.3,11.21,3.16,37.0
12,30,2022,727,82,72.0,77.0,7.5,0,12,0.00,0.0,0,13.0,13.88,2.79,38.0
12,31,2022,728,83,70.0,76.5,7.2,0,12,0.00,0.0,0,10.4,14.33,2.68,90.0
1,1,2023,729,86,69.0,77.5,8.3,0,13,0.00,0.0,0,8.0,13.05,2.53,165.0
1,2,2023,730,84,68.0,76.0,6.9,0,11,0.00,0.0,M,11.7,13.95,2.94,39.0
1,3,2023,731,83,73.0,78.0,9.0,0,13,0.00,0.0,M,12.5,12.64,2.79,40.0
1,4,2023,732,84,73.0,78.5,9.6,0,14,0.00,0.0,M,13.7,13.02,2.96,46.0
1,5,2023,733,86,72.0,79.0,10.2,0,14,0.00,0.0,0,9.9,14.98,3.09,39.0
1,6,2023,734,80,66.0,73.0,4.3,0,8,0.00,0.0,0,13.2,15.02,3.66,45.0
1,7,2023,735,79,61.0,70.0,1.4,0,5,0.00,0.0,0,11.4,15.96,3.7,46.0
1,8,2023,736,80,61.0,70.5,1.9,0,6,0.00,0.0,0,10.2,14.64,3.34,48.0
1,9,2023,737,80,64.0,72.0,3.5,0,7,T,0.0,0,9.3,15.74,3.13,62.0
1,10,2023,738,81,63.0,72.0,3.6,0,7,0.00,0.0,0,10.0,15.57,3.3,54.0
1,11,2023,739,79,57.0,68.0,-0.4,0,3,0.00,0.0,0,10.7,16.89,3.83,67.0
1,12,2023,740,81,58.0,69.5,1.2,0,5,0.00,0.0,0,11.2,14.74,3.33,61.0
1,13,2023,741,82,59.0,70.5,2.2,0,6,0.03,0.0,0,18.0,11.31,3.25,54.0
1,14,2023,742,62,48.0,55.0,-13.3,10,0,0.00,0.0,0,21.4,16.77,4.04,36.0
1,15,2023,743,64,45.0,54.5,-13.8,10,0,0.00,0.0,0,14.8,17.51,3.28,54.0
1,16,2023,744,74,44.0,59.0,-9.3,6,0,0.00,0.0,0,7.8,16.78,3.22,74.0
1,17,2023,745,76,53.0,64.5,-3.8,0,0,0.00,0.0,0,9.8,16.01,3.02,67.0
1,18,2023,746,80,58.0,69.0,0.7,0,4,0.00,0.0,0,11.2,15.13,3.19,62.0
1,19,2023,747,84,63.0,73.5,5.2,0,9,0.00,0.0,0,10.8,15.18,3.96,45.0
1,20,2023,748,83,67.0,75.0,6.7,0,10,0.00,0.0,0,7.1,15.46,3.14,72.0
1,21,2023,749,83,67.0,75.0,6.6,0,10,0.00,0.0,0,7.6,13.84,2.85,55.0
1,22,2023,750,85,70.0,77.5,9.1,0,13,0.00,0.0,0,17.3,14.4,3.62,52.0
1,23,2023,751,88,71.0,79.5,11.0,0,15,0.00,0.0,0,12.5,13.42,3.08,58.0
1,24,2023,752,80,69.0,74.5,6.0,0,10,0.02,M,M,14.9,12.03,3.28,49.0
1,25,2023,753,84,73.0,78.5,9.9,0,14,T,0.0,0,16.6,15.02,3.92,52.0
1,26,2023,754,82,69.0,75.5,6.8,0,11,0.00,0.0,0,12.9,12.95,2.86,53.0
1,27,2023,755,72,61.0,66.5,-2.3,0,2,T,0.0,0,16.7,6.01,2.28,48.0
1,28,2023,756,79,64.0,71.5,2.6,0,7,0.00,0.0,0,17.9,11.63,3.3,39.0
1,29,2023,757,82,73.0,77.5,8.6,0,13,0.00,0.0,0,16.4,13.52,3.66,38.0
1,30,2023,758,84,70.0,77.0,8.0,0,12,T,0.0,0,10.9,14.72,3.15,40.0
1,31,2023,759,84,72.0,78.0,8.9,0,13,0.00,0.0,0,9.7,14.74,3.44,53.0
2,1,2023,759,85,69.0,77.0,7.7,0,12,0.00,0.0,0,8.9,15.2,3.4,46.0
2,2,2023,760,84,70.0,77.0,7.6,0,12,0.00,0.0,0,10.2,15.16,3.21,55.0
2,3,2023,761,88,69.0,78.5,9.0,0,14,0.00,0.0,0,15.8,16.0,3.56,45.0
2,4,2023,762,75,64.0,69.5,-0.1,0,5,0.32,0.0,0,23.5,11.28,2.97,47.0
2,5,2023,763,83,68.0,75.5,5.8,0,11,4.13,0.0,0,19.7,13.47,2.76,37.0
2,6,2023,764,82,68.0,75.0,5.2,0,10,0.00,0.0,M,15.3,13.98,3.18,41.0
2,7,2023,765,80,69.0,74.5,4.6,0,10,0.00,0.0,M,14.9,17.99,4.24,45.0
2,8,2023,766,81,70.0,75.5,5.4,0,11,0.00,0.0,0,13.4,17.37,4.71,45.0
2,9,2023,767,82,73.0,77.5,7.3,0,13,0.00,0.0,0,15.5,15.71,3.96,48.0
2,10,2023,768,83,73.0,78.0,7.7,0,13,0.00,0.0,0,13.5,18.41,4.01,46.0
2,11,2023,769,86,72.0,79.0,8.6,0,14,0.00,0.0,0,15.1,16.51,3.71,45.0
2,12,2023,770,78,65.0,71.5,1.0,0,7,0.66,0.0,0,20.8,15.17,4.03,47.0
2,13,2023,771,75,59.0,67.0,-3.6,0,2,0.00,0.0,0,16.1,20.26,4.73,62.0
2,14,2023,772,77,57.0,67.0,-3.7,0,2,0.00,0.0,0,10.9,18.33,4.03,55.0
2,15,2023,773,82,70.0,76.0,5.2,0,11,0.00,0.0,0,14.7,14.35,4.4,43.0
2,16,2023,774,83,73.0,78.0,7.1,0,13,0.00,0.0,0,16.7,14.08,4.63,52.0
2,17,2023,775,83,72.0,77.5,6.5,0,13,0.61,0.0,0,13.4,12.55,2.91,62.0
2,18,2023,776,82,71.0,76.5,5.4,0,12,0.00,0.0,0,16.9,13.71,2.82,58.0
2,19,2023,777,84,71.0,77.5,6.3,0,13,0.00,0.0,0,11.4,15.42,3.42,54.0
2,20,2023,778,85,72.0,78.5,7.2,0,14,0.00,0.0,0,9.4,15.8,3.33,58.0
2,21,2023,779,86,70.0,78.0,6.6,0,13,0.00,0.0,0,10.0,16.28,3.56,52.0
2,22,2023,780,84,69.0,76.5,5.0,0,12,0.00,0.0,0,12.0,19.27,4.43,52.0
2,23,2023,781,85,74.0,79.5,8.0,0,15,0.00,0.0,0,12.4,19.37,4.72,52.0
2,24,2023,782,86,70.0,78.0,6.4,0,13,0.00,0.0,0,9.4,19.79,4.44,59.0
2,25,2023,783,85,68.0,76.5,4.8,0,12,0.00,0.0,0,8.4,20.01,4.38,54.0
2,26,2023,784,87,69.0,78.0,6.2,0,13,0.00,0.0,0,9.9,20.81,4.46,72.0
2,27,2023,785,84,67.0,75.5,3.7,0,11,0.00,0.0,0,11.9,20.3,4.62,68.0
2,28,2023,786,88,64.0,76.0,4.1,0,11,0.00,0.0,0,10.1,21.85,5.21,70.0
3,1,2023,787,85,62.0,73.5,1.5,0,9,0.00,0.0,0,10.8,22.32,4.85,89.0
3,2,2023,788,84,70.0,77.0,5.0,0,12,0.00,M,M,13.1,18.98,4.68,55.0
3,3,2023,789,87,75.0,81.0,8.9,0,16,0.00,0.0,0,20.1,20.65,5.01,87.0
3,4,2023,790,89,71.0,80.0,7.8,0,15,0.00,0.0,0,14.3,18.39,4.28,78.0
3,5,2023,791,89,68.0,78.5,6.3,0,14,0.00,0.0,0,7.5,21.19,4.37,57.0
3,6,2023,792,91,72.0,81.5,9.2,0,17,0.00,0.0,0,10.6,18.67,4.26,67.0
3,7,2023,793,91,71.0,81.0,8.7,0,16,0.00,0.0,0,10.0,17.07,3.91,67.0
3,8,2023,794,90,74.0,82.0,9.6,0,17,0.01,0.0,0,13.9,18.48,4.28,76.0
3,9,2023,795,80,72.0,76.0,3.5,0,11,T,0.0,0,14.1,19.03,4.72,53.0
3,10,2023,796,82,66.0,74.0,1.5,0,9,0.00,0.0,0,14.3,20.35,5.29,58.0
3,11,2023,797,86,69.0,77.5,4.9,0,13,0.00,0.0,0,11.3,19.65,5.18,63.0
3,12,2023,798,88,67.0,77.5,4.8,0,13,0.00,0.0,0,11.5,21.17,4.7,65.0
3,13,2023,799,90,71.0,80.5,7.8,0,16,0.00,0.0,0,14.8,18.75,4.7,88.0
3,14,2023,800,85,71.0,78.0,5.2,0,13,0.00,0.0,0,12.9,16.5,3.49,54.0
3,15,2023,801,76,65.0,70.5,-2.4,0,6,0.03,0.0,0,15.8,11.47,3.43,48.0
3,16,2023,802,77,59.0,68.0,-5.0,0,3,0.00,0.0,0,15.4,21.87,5.09,46.0
3,17,2023,803,81,68.0,74.5,1.4,0,10,0.00,0.0,0,14.9,15.28,4.76,50.0
3,18,2023,804,87,69.0,78.0,4.8,0,13,0.00,0.0,0,12.8,19.68,4.9,63.0
3,19,2023,805,79,62.0,70.5,-2.7,0,6,0.08,0.0,0,15.6,14.81,3.09,60.0
3,20,2023,806,77,59.0,68.0,-5.3,0,3,0.29,0.0,0,19.0,11.54,2.87,47.0
3,21,2023,807,80,62.0,71.0,-2.4,0,6,0.00,0.0,0,14.7,19.67,4.27,49.0
3,22,2023,808,82,66.0,74.0,0.5,0,9,0.00,0.0,M,14.2,23.27,5.36,45.0
3,23,2023,809,83,73.0,78.0,4.4,0,13,0.00,0.0,0,13.1,22.83,5.27,45.0
3,24,2023,810,85,70.0,77.5,3.7,0,13,0.03,0.0,0,11.6,19.18,4.66,43.0
3,25,2023,811,86,74.0,80.0,6.1,0,15,0.00,0.0,0,12.8,18.59,4.32,37.0
3,26,2023,812,86,75.0,80.5,6.5,0,16,0.00,0.0,0,11.9,22.85,4.94,33.0
3,27,2023,813,87,75.0,81.0,6.9,0,16,0.00,0.0,0,12.5,21.61,4.77,51.0
3,28,2023,814,88,74.0,81.0,6.8,0,16,0.18,0.0,0,10.7,19.91,4.27,55.0
3,29,2023,815,88,68.0,78.0,3.6,0,13,0.39,0.0,0,8.8,20.38,4.26,61.0
3,30,2023,816,M,72.0,M,M,M,M,3.49,0.0,0,16.7,18.64,3.58,58.0
3,31,2023,817,83,73.0,78.0,3.4,0,13,0.00,0.0,0,17.3,21.15,5.43,50.0
4,1,2023,818,86,73.0,79.5,4.8,0,15,0.51,0.0,0,12.2,19.76,4.73,52.0
4,2,2023,819,90,72.0,81.0,6.1,0,16,0.00,0.0,0,10.3,22.11,4.64,52.0
4,3,2023,820,86,73.0,79.5,4.5,0,15,0.00,0.0,0,9.8,23.54,4.85,49.0
4,4,2023,821,86,76.0,81.0,5.8,0,16,0.00,0.0,0,11.5,20.75,4.62,42.0
4,5,2023,822,87,77.0,82.0,6.7,0,17,T,0.0,0,14.0,22.67,5.39,39.0
4,6,2023,823,87,77.0,82.0,6.6,0,17,T,0.0,0,15.5,21.6,5.39,41.0
4,7,2023,824,85,77.0,81.0,5.4,0,16,0.00,0.0,0,13.0,24.21,5.65,42.0
4,8,2023,825,86,75.0,80.5,4.8,0,16,0.04,0.0,0,10.3,22.65,5.28,44.0
4,9,2023,826,88,72.0,80.0,4.1,0,15,T,0.0,0,11.9,18.15,3.92,43.0
4,10,2023,827,80,70.0,75.0,-1.0,0,10,2.47,0.0,0,19.4,17.36,3.31,42.0
4,11,2023,828,77,68.0,72.5,-3.6,0,8,2.76,0.0,0,24.5,11.22,2.48,48.0
4,12,2023,829,76,69.0,72.5,-3.8,0,8,2.15,0.0,0,20.8,16.86,3.33,44.0
4,13,2023,830,87,73.0,80.0,3.6,0,15,0.00,0.0,0,11.2,21.69,4.25,50.0
4,14,2023,831,89,73.0,81.0,4.4,0,16,0.20,0.0,0,8.6,22.36,4.38,55.0
4,15,2023,832,89,75.0,82.0,5.3,0,17,0.00,0.0,0,9.1,23.12,4.5,53.0
4,16,2023,833,88,73.0,80.5,3.7,0,16,0.07,0.0,0,12.5,23.77,4.4,38.0
4,17,2023,834,89,69.0,79.0,2.0,0,14,0.25,0.0,0,13.9,21.78,4.28,44.0
4,18,2023,835,85,67.0,76.0,-1.1,0,11,0.00,0.0,0,14.2,26.68,5.6,67.0
4,19,2023,836,83,70.0,76.5,-0.7,0,12,0.00,0.0,0,11.5,20.1,4.95,64.0
4,20,2023,837,85,70.0,77.5,0.2,0,13,0.00,0.0,0,12.0,22.08,4.71,49.0
4,21,2023,838,85,72.0,78.5,1.0,0,14,0.20,0.0,0,7.9,22.63,4.3,44.0
4,22,2023,839,89,72.0,80.5,2.9,0,16,0.01,0.0,0,9.2,19.5,4.2,49.0
4,23,2023,840,87,73.0,80.0,2.3,0,15,0.00,0.0,0,8.5,23.4,4.5,54.0
4,24,2023,841,82,74.0,78.0,0.2,0,13,0.98,0.0,0,9.8,20.03,4.1,40.0
4,25,2023,842,87,69.0,78.0,0.1,0,13,0.23,0.0,0,11.4,20.4,4.22,41.0
4,26,2023,843,88,72.0,80.0,2.0,0,15,T,0.0,0,13.0,24.37,4.66,44.0
4,27,2023,844,89,73.0,81.0,2.8,0,16,0.00,0.0,0,13.2,24.16,4.85,39.0
4,28,2023,845,88,75.0,81.5,3.2,0,17,0.00,0.0,0,12.3,23.08,4.68,55.0
4,29,2023,846,91,78.0,84.5,6.1,0,20,0.08,0.0,0,14.6,23.71,4.69,60.0
4,30,2023,847,86,73.0,79.5,1.0,0,15,T,0.0,0,24.1,18.23,4.75,50.0
5,1,2023,848,87,70.0,78.5,-0.1,0,14,0.00,0.0,0,12.3,28.23,6.12,87.0
5,2,2023,849,90,71.0,80.5,1.8,0,16,0.00,0.0,0,11.6,27.95,6.06,60.0
5,3,2023,850,91,71.0,81.0,2.2,0,16,0.00,0.0,0,11.0,27.48,5.94,56.0
5,4,2023,851,88,69.0,78.5,-0.4,0,14,0.00,0.0,0,10.4,28.71,6.48,154.0
5,5,2023,852,88,70.0,79.0,0.0,0,14,0.00,0.0,0,14.9,26.91,5.8,97.0
5,6,2023,853,88,74.0,81.0,1.9,0,16,0.10,0.0,0,13.8,25.49,5.62,52.0
5,7,2023,854,84,74.0,79.0,-0.2,0,14,0.19,0.0,0,17.2,22.99,4.77,48.0
5,8,2023,855,86,72.0,79.0,-0.3,0,14,0.00,0.0,0,12.3,27.04,6.09,49.0
5,9,2023,856,88,72.0,80.0,0.6,0,15,0.00,0.0,0,11.8,25.64,5.57,48.0
5,10,2023,857,91,75.0,83.0,3.5,0,18,0.00,0.0,0,10.2,25.21,5.37,54.0
5,11,2023,858,88,76.0,82.0,2.5,0,17,0.00,0.0,0,13.6,26.76,5.93,55.0
5,12,2023,859,88,79.0,83.5,3.9,0,19,0.01,0.0,0,14.8,24.96,5.96,53.0
5,13,2023,860,87,79.0,83.0,3.3,0,18,T,0.0,0,13.7,25.04,5.9,59.0
5,14,2023,861,89,78.0,83.5,3.7,0,19,0.00,0.0,0,13.0,22.23,5.09,65.0
5,15,2023,862,89,75.0,82.0,2.1,0,17,0.65,0.0,0,10.6,22.13,4.37,45.0
5,16,2023,863,91,75.0,83.0,3.0,0,18,0.00,0.0,0,8.8,24.52,5.18,84.0
5,17,2023,864,91,76.0,83.5,3.4,0,19,0.04,0.0,0,11.5,24.03,5.12,51.0
5,18,2023,865,90,72.0,81.0,0.8,0,16,0.06,0.0,0,10.0,25.68,5.2,54.0
5,19,2023,866,90,76.0,83.0,2.7,0,18,1.00,0.0,0,11.0,20.18,3.94,53.0
5,20,2023,867,89,69.0,79.0,-1.4,0,14,0.00,0.0,0,10.1,25.0,5.06,34.0
5,21,2023,868,88,75.0,81.5,1.0,0,17,1.23,0.0,0,9.3,23.93,4.84,35.0
5,22,2023,869,89,76.0,82.5,1.9,0,18,0.10,0.0,0,9.0,23.61,4.89,36.0
5,23,2023,870,87,74.0,80.5,-0.2,0,16,0.59,0.0,0,8.4,18.69,3.91,36.0
5,24,2023,871,89,72.0,80.5,-0.3,0,16,0.46,0.0,0,8.2,18.89,3.62,43.0
5,25,2023,872,88,71.0,79.5,-1.4,0,15,0.61,0.0,0,11.4,20.29,3.9,41.0
5,26,2023,873,85,74.0,79.5,-1.5,0,15,0.07,0.0,0,8.6,21.32,4.1,43.0
5,27,2023,874,88,73.0,80.5,-0.7,0,16,0.00,0.0,0,8.5,23.11,4.59,44.0
5,28,2023,875,93,75.0,84.0,2.7,0,19,0.00,0.0,0,8.1,24.96,5.28,46.0
5,29,2023,876,91,73.0,82.0,0.6,0,17,0.01,0.0,0,9.2,24.15,5.17,58.0
5,30,2023,877,91,72.0,81.5,0.0,0,17,0.80,0.0,0,7.7,23.15,4.71,47.0
5,31,2023,878,87,77.0,82.0,0.4,0,17,T,0.0,0,8.3,19.85,3.9,34.0
6,1,2023,879,90,71.0,80.5,-1.2,0,16,0.04,0.0,0,7.2,21.49,4.27,45.0
6,2,2023,880,88,73.0,80.5,-1.3,0,16,0.02,0.0,0,7.6,19.0,3.69,51.0
6,3,2023,881,88,73.0,80.5,-1.4,0,16,0.18,0.0,0,5.2,21.91,4.32,49.0
6,4,2023,882,90,73.0,81.5,-0.5,0,17,0.33,0.0,0,8.3,18.26,3.55,41.0
6,5,2023,883,92,73.0,82.5,0.5,0,18,0.09,0.0,0,9.8,23.66,4.7,41.0
6,6,2023,884,85,71.0,78.0,-4.1,0,13,0.01,0.0,0,8.2,20.52,4.23,54.0
6,7,2023,885,89,75.0,82.0,-0.2,0,17,0.21,0.0,0,11.6,22.75,4.57,46.0
6,8,2023,886,91,76.0,83.5,1.2,0,19,0.70,0.0,0,12.5,22.53,4.55,48.0
6,9,2023,887,92,76.0,84.0,1.6,0,19,0.00,0.0,0,12.8,21.88,4.51,45.0
6,10,2023,888,91,77.0,84.0,1.5,0,19,0.00,0.0,0,10.1,24.44,4.98,46.0
6,11,2023,889,90,78.0,84.0,1.4,0,19,0.20,0.0,0,11.7,24.21,4.81,43.0
6,12,2023,890,89,77.0,83.0,0.4,0,18,0.39,0.0,0,13.5,20.29,4.04,37.0
6,13,2023,891,92,78.0,85.0,2.3,0,20,0.00,0.0,0,12.3,23.4,4.69,38.0
6,14,2023,892,93,77.0,85.0,2.2,0,20,0.00,0.0,0,13.3,24.85,5.15,44.0
6,15,2023,893,93,81.0,87.0,4.1,0,22,0.00,0.0,0,11.0,26.08,5.42,52.0
6,16,2023,894,95,81.0,88.0,5.1,0,23,0.02,0.0,0,12.1,21.72,5.0,52.0
6,17,2023,895,94,78.0,86.0,3.0,0,21,0.42,0.0,0,11.3,23.14,4.87,46.0
6,18,2023,896,91,77.0,84.0,0.9,0,19,0.07,0.0,0,13.7,20.34,4.22,46.0
6,19,2023,897,94,71.0,82.5,-0.6,0,18,3.04,0.0,0,8.9,16.77,3.58,48.0
6,20,2023,898,91,73.0,82.0,-1.2,0,17,0.11,0.0,0,12.3,25.42,5.25,48.0
6,21,2023,899,91,73.0,82.0,-1.2,0,17,0.00,0.0,0,11.9,24.24,4.95,41.0
6,22,2023,900,88,78.0,83.0,-0.3,0,18,0.07,0.0,0,10.9,20.13,4.28,38.0
6,23,2023,901,92,80.0,86.0,2.7,0,21,0.00,0.0,0,14.1,21.54,4.46,47.0
6,24,2023,902,92,75.0,83.5,0.1,0,19,0.42,0.0,0,11.5,17.96,3.71,56.0
6,25,2023,903,90,76.0,83.0,-0.4,0,18,1.15,0.0,0,5.6,16.27,3.38,41.0
6,26,2023,904,91,76.0,83.5,0.0,0,19,0.11,0.0,0,7.0,20.7,4.11,38.0
6,27,2023,905,95,78.0,86.5,3.0,0,22,0.00,0.0,0,8.4,23.79,4.89,36.0
6,28,2023,906,95,76.0,85.5,2.0,0,21,0.00,0.0,0,8.8,23.93,5.08,64.0
6,29,2023,907,95,80.0,87.5,3.9,0,23,0.26,0.0,0,7.3,22.47,4.57,49.0
6,30,2023,908,92,79.0,85.5,1.9,0,21,0.03,0.0,0,6.2,20.33,4.22,44.0
7,1,2023,909,90,79.0,84.5,0.9,0,20,0.47,0.0,0,7.3,20.4,4.15,36.0
7,2,2023,910,93,77.0,85.0,1.3,0,20,3.47,0.0,0,6.4,22.42,4.56,35.0
7,3,2023,911,94,79.0,86.5,2.8,0,22,0.67,0.0,0,8.7,23.57,4.87,39.0
7,4,2023,912,93,80.0,86.5,2.8,0,22,0.09,0.0,0,8.2,21.63,4.51,72.0
7,5,2023,913,94,80.0,87.0,3.2,0,22,0.01,0.0,0,7.8,22.99,4.76,87.0
7,6,2023,914,95,82.0,88.5,4.7,0,24,0.02,0.0,0,7.1,23.86,5.05,62.0
7,7,2023,915,97,80.0,88.5,4.7,0,24,0.25,0.0,0,9.3,20.63,4.32,48.0
7,8,2023,916,96,76.0,86.0,2.2,0,21,0.00,0.0,0,9.6,22.4,4.82,54.0
7,9,2023,917,94,75.0,84.5,0.6,0,20,0.00,0.0,0,10.5,25.77,5.56,59.0
7,10,2023,918,95,78.0,86.5,2.6,0,22,0.00,0.0,0,8.4,23.88,5.28,72.0
7,11,2023,919,96,77.0,86.5,2.6,0,22,0.00,0.0,0,9.7,25.47,5.65,73.0
7,12,2023,920,97,80.0,88.5,4.6,0,24,0.00,0.0,0,8.7,23.46,5.2,61.0
7,13,2023,921,95,80.0,87.5,3.5,0,23,0.02,0.0,0,7.1,22.45,4.9,53.0
7,14,2023,922,95,79.0,87.0,3.0,0,22,0.25,0.0,0,7.8,25.06,5.14,49.0
7,15,2023,923,93,75.0,84.0,0.0,0,19,0.05,0.0,0,7.2,23.27,4.83,42.0
7,16,2023,924,95,75.0,85.0,0.9,0,20,0.11,0.0,0,8.4,21.77,4.85,54.0
7,17,2023,925,94,77.0,85.5,1.4,0,21,0.32,M,M,8.9,16.56,3.62,52.0
7,18,2023,926,91,78.0,84.5,0.4,0,20,0.04,0.0,0,10.3,19.48,4.15,46.0
7,19,2023,927,92,79.0,85.5,1.4,0,21,0.18,0.0,0,8.4,15.45,3.34,41.0
7,20,2023,928,94,84.0,89.0,4.8,0,24,0.21,0.0,0,10.9,22.08,4.78,79.0
7,21,2023,929,94,82.0,88.0,3.8,0,23,0.00,0.0,0,9.1,21.18,4.56,68.0
7,22,2023,930,97,81.0,89.0,4.8,0,24,0.00,0.0,0,6.9,24.89,5.31,61.0
7,23,2023,931,98,82.0,90.0,5.8,0,25,0.00,0.0,0,6.4,26.38,5.82,74.0
7,24,2023,932,96,83.0,89.5,5.2,0,25,0.00,0.0,0,7.3,26.92,5.8,83.0
7,25,2023,933,95,83.0,89.0,4.7,0,24,0.00,0.0,0,9.0,24.23,5.24,80.0
7,26,2023,934,90,76.0,83.0,-1.3,0,18,0.20,0.0,0,12.5,18.4,3.93,60.0
7,27,2023,935,89,77.0,83.0,-1.3,0,18,0.13,0.0,0,10.4,16.93,3.7,35.0
7,28,2023,936,88,76.0,82.0,-2.4,0,17,0.92,0.0,0,11.1,11.71,2.73,43.0
7,29,2023,937,93,81.0,87.0,2.6,0,22,T,0.0,0,7.7,25.54,5.6,39.0
7,30,2023,938,94,82.0,88.0,3.6,0,23,0.00,0.0,0,8.1,23.23,4.77,32.0
7,31,2023,939,94,81.0,87.5,3.1,0,23,0.01,0.0,0,9.2,25.05,5.31,37.0
8,1,2023,940,94,81.0,87.5,3.1,0,23,T,0.0,0,5.4,19.17,4.0,33.0
8,2,2023,941,94,79.0,86.5,2.1,0,22,0.27,0.0,0,7.0,20.39,4.22,44.0
8,3,2023,942,92,79.0,85.5,1.1,0,21,0.46,0.0,0,7.7,23.65,4.92,38.0
8,4,2023,943,91,77.0,84.0,-0.5,0,19,1.69,0.0,0,9.8,19.48,3.94,36.0
8,5,2023,944,94,81.0,87.5,3.0,0,23,0.62,0.0,0,8.1,20.49,4.32,41.0
8,6,2023,945,95,82.0,88.5,4.0,0,24,0.26,0.0,0,7.6,24.66,5.37,41.0
8,7,2023,946,95,83.0,89.0,4.5,0,24,0.00,0.0,0,7.7,23.59,4.97,55.0
8,8,2023,947,95,83.0,89.0,4.6,0,24,0.02,0.0,0,10.9,21.41,4.67,58.0
8,9,2023,948,95,83.0,89.0,4.6,0,24,0.01,0.0,0,8.1,19.09,4.03,61.0
8,10,2023,949,94,81.0,87.5,3.1,0,23,0.05,0.0,0,9.9,21.09,4.5,58.0
8,11,2023,950,94,80.0,87.0,2.6,0,22,0.76,0.0,0,6.6,21.75,4.61,54.0
8,12,2023,951,93,83.0,88.0,3.6,0,23,T,0.0,0,12.8,22.54,4.77,29.0
8,13,2023,952,94,82.0,88.0,3.6,0,23,T,0.0,0,12.5,21.43,5.12,40.0
8,14,2023,953,94,83.0,88.5,4.1,0,24,0.00,0.0,0,7.5,25.1,5.51,60.0
8,15,2023,954,96,78.0,87.0,2.7,0,22,0.03,0.0,0,9.9,18.73,3.92,40.0
8,16,2023,955,92,78.0,85.0,0.7,0,20,0.15,0.0,0,11.9,20.39,4.25,34.0
8,17,2023,956,93,75.0,84.0,-0.3,0,19,3.42,0.0,0,12.1,13.17,3.07,55.0
8,18,2023,957,90,77.0,83.5,-0.7,0,19,0.21,0.0,0,6.5,20.27,4.33,54.0
8,19,2023,958,92,77.0,84.5,0.3,0,20,0.93,0.0,0,11.4,18.26,3.74,43.0
8,20,2023,959,90,78.0,84.0,-0.2,0,19,0.17,0.0,0,16.1,17.79,4.04,64.0
8,21,2023,960,91,82.0,86.5,2.4,0,22,0.10,0.0,0,16.3,21.38,4.86,47.0
8,22,2023,961,92,80.0,86.0,1.9,0,21,0.03,0.0,0,15.9,23.82,5.74,72.0
8,23,2023,962,93,80.0,86.5,2.5,0,22,0.12,0.0,0,10.3,22.9,5.14,60.0
8,24,2023,963,94,78.0,86.0,2.0,0,21,0.24,0.0,0,11.0,23.17,5.2,60.0
8,25,2023,964,93,81.0,87.0,3.1,0,22,0.01,0.0,0,12.0,23.14,5.25,55.0
8,26,2023,965,92,80.0,86.0,2.1,0,21,0.00,0.0,0,9.5,22.89,5.06,37.0
8,27,2023,966,93,80.0,86.5,2.7,0,22,T,0.0,0,8.5,20.88,4.47,33.0
8,28,2023,967,91,80.0,85.5,1.7,0,21,0.07,0.0,0,10.1,18.54,3.99,35.0
8,29,2023,968,93,78.0,85.5,1.8,0,21,0.48,0.0,0,20.0,16.81,3.43,34.0
8,30,2023,969,94,83.0,88.5,4.8,0,24,0.00,0.0,0,22.8,20.56,4.64,54.0
8,31,2023,970,96,79.0,87.5,3.9,0,23,0.15,0.0,0,11.5,21.18,4.5,54.0
9,1,2023,971,95,76.0,85.5,1.9,0,21,0.13,0.0,0,6.2,22.06,4.52,48.0
9,2,2023,972,91,77.0,84.0,0.5,0,19,0.11,0.0,M,12.5,19.37,4.45,39.0
9,3,2023,973,91,77.0,84.0,0.5,0,19,0.00,0.0,0,13.9,21.0,5.85,39.0
9,4,2023,974,91,82.0,86.5,3.0,0,22,0.00,0.0,0,11.7,21.54,5.74,39.0
9,5,2023,975,92,81.0,86.5,3.1,0,22,0.00,0.0,0,9.2,21.12,5.26,38.0
9,6,2023,976,92,78.0,85.0,1.6,0,20,0.00,0.0,0,7.9,22.29,5.03,53.0
9,7,2023,977,93,79.0,86.0,2.7,0,21,0.00,0.0,0,8.1,23.34,5.17,52.0
9,8,2023,978,92,76.0,84.0,0.7,0,19,0.00,0.0,0,9.8,23.22,4.86,48.0
9,9,2023,979,92,77.0,84.5,1.3,0,20,0.33,0.0,0,7.6,20.24,3.96,42.0
9,10,2023,980,91,77.0,84.0,0.8,0,19,1.90,0.0,0,7.4,21.03,4.44,44.0
9,11,2023,981,93,79.0,86.0,2.9,0,21,0.00,0.0,0,7.2,21.5,4.54,54.0
9,12,2023,982,94,80.0,87.0,3.9,0,22,0.00,0.0,0,8.7,20.34,4.53,36.0
9,13,2023,983,96,82.0,89.0,5.9,0,24,0.01,0.0,0,8.5,21.68,4.83,35.0
9,14,2023,984,93,79.0,86.0,3.0,0,21,0.20,0.0,0,6.7,20.6,4.33,34.0
9,15,2023,985,91,78.0,84.5,1.5,0,20,0.38,0.0,0,7.4,19.32,4.03,39.0
9,16,2023,986,91,76.0,83.5,0.6,0,19,4.40,0.0,0,9.0,17.76,3.78,35.0
9,17,2023,987,92,77.0,84.5,1.6,0,20,0.83,0.0,0,8.8,19.32,4.26,31.0
9,18,2023,988,94,77.0,85.5,2.6,0,21,0.39,0.0,0,5.9,,,54.0
9,19,2023,989,93,73.0,83.0,0.2,0,18,0.83,M,M,,,,38.0
9,20,2023,990,92,78.0,85.0,2.2,0,20,0.08,0.0,0,,,,40.0
9,21,2023,991,93,75.0,84.0,1.3,0,19,0.34,0.0,0,,,,40.0
9,22,2023,992,91,76.0,83.5,0.8,0,19,T,0.0,0,,,,44.0
9,23,2023,993,86,76.0,81.0,-1.6,0,16,0.01,0.0,0,,,,44.0
9,24,2023,994,91,72.0,81.5,-1.1,0,17,0.40,0.0,0,,,,34.0
9,25,2023,995,,,,,,,,,,,,,
9,26,2023,996,,,,,,,,,,,,,
9,27,2023,997,,,,,,,,,,,,,
9,28,2023,998,,,,,,,,,,,,,
9,29,2023,999,,,,,,,,,,,,,
9,30,2023,1000,,,,,,,,,,,,,
