time,windspeed_10m_max (mp/h),shortwave_radiation_sum (MJ/mÂ²),et0_fao_evapotranspiration (mm)
2021-01-01,19.8,14.43,3.33
2021-01-02,16.7,12.51,2.95
2021-01-03,11.9,13.20,3.34
2021-01-04,10.3,9.00,2.16
2021-01-05,12.5,16.54,4.09
2021-01-06,8.3,16.29,3.34
2021-01-07,12.0,14.77,3.44
2021-01-08,16.4,10.92,2.93
2021-01-09,14.5,15.85,3.52
2021-01-10,13.2,15.00,3.13
2021-01-11,14.4,13.15,3.55
2021-01-12,9.4,8.07,1.82
2021-01-13,13.8,11.63,2.38
2021-01-14,13.8,10.06,1.83
2021-01-15,11.3,12.83,2.54
2021-01-16,17.9,14.93,3.70
2021-01-17,9.5,13.99,2.92
2021-01-18,8.7,12.70,2.79
2021-01-19,12.2,15.55,3.80
2021-01-20,13.4,16.34,3.75
2021-01-21,7.2,16.44,3.42
2021-01-22,7.1,14.73,2.89
2021-01-23,6.7,16.79,3.07
2021-01-24,7.5,13.53,2.58
2021-01-25,12.8,12.40,2.71
2021-01-26,10.5,17.11,3.56
2021-01-27,8.3,15.49,3.29
2021-01-28,19.9,16.30,3.95
2021-01-29,16.2,11.35,3.53
2021-01-30,13.4,11.91,3.64
2021-01-31,15.0,11.06,4.13
2021-02-01,23.8,12.95,3.64
2021-02-02,20.6,17.22,4.40
2021-02-03,17.2,19.32,4.10
2021-02-04,9.2,19.04,3.92
2021-02-05,12.3,15.24,3.88
2021-02-06,13.9,9.75,2.23
2021-02-07,13.6,14.96,2.93
2021-02-08,9.8,13.94,2.63
2021-02-09,11.0,16.76,3.12
2021-02-10,11.2,17.24,3.39
2021-02-11,12.1,16.16,3.44
2021-02-12,13.0,15.14,3.23
2021-02-13,14.9,16.47,3.36
2021-02-14,13.9,17.05,3.54
2021-02-15,15.7,16.90,3.50
2021-02-16,15.6,11.72,2.29
2021-02-17,13.5,16.37,3.13
2021-02-18,16.1,17.27,3.69
2021-02-19,14.7,15.25,3.09
2021-02-20,18.9,14.20,3.58
2021-02-21,20.4,14.31,4.53
2021-02-22,17.8,15.97,3.82
2021-02-23,12.9,13.98,3.03
2021-02-24,10.8,15.96,3.13
2021-02-25,7.4,17.85,3.36
2021-02-26,11.1,19.07,3.81
2021-02-27,14.2,19.73,4.26
2021-02-28,17.2,16.42,4.05
2021-03-01,15.0,17.33,3.99
2021-03-02,9.4,17.57,3.70
2021-03-03,16.8,17.81,4.59
2021-03-04,14.2,22.09,4.63
2021-03-05,11.8,22.42,5.09
2021-03-06,14.4,12.66,3.34
2021-03-07,21.3,19.98,3.97
2021-03-08,20.7,10.50,4.11
2021-03-09,19.5,11.59,4.62
2021-03-10,20.1,15.38,4.80
2021-03-11,18.6,16.49,4.35
2021-03-12,14.7,16.87,5.10
2021-03-13,12.3,18.66,4.54
2021-03-14,9.5,17.00,3.91
2021-03-15,10.9,21.54,4.57
2021-03-16,15.0,20.42,4.85
2021-03-17,14.7,19.75,4.82
2021-03-18,18.2,17.67,4.11
2021-03-19,14.3,19.49,4.33
2021-03-20,15.5,21.08,4.64
2021-03-21,15.2,20.12,4.58
2021-03-22,12.8,21.03,4.34
2021-03-23,10.2,21.43,4.48
2021-03-24,10.3,20.13,4.43
2021-03-25,14.5,21.74,4.46
2021-03-26,14.5,22.92,4.75
2021-03-27,12.9,22.34,4.80
2021-03-28,16.2,19.85,4.82
2021-03-29,8.4,19.27,3.96
2021-03-30,13.2,21.58,4.78
2021-03-31,13.1,22.27,4.89
2021-04-01,20.1,20.56,4.13
2021-04-02,21.7,24.98,6.06
2021-04-03,18.9,13.81,4.83
2021-04-04,15.4,15.69,4.66
2021-04-05,15.3,21.08,5.11
2021-04-06,13.4,19.87,4.72
2021-04-07,12.5,25.16,5.44
2021-04-08,12.1,25.02,5.63
2021-04-09,14.8,24.77,5.44
2021-04-10,16.7,24.44,5.63
2021-04-11,16.9,16.19,3.41
2021-04-12,12.5,16.30,3.34
2021-04-13,7.8,27.67,5.65
2021-04-14,13.1,26.57,5.05
2021-04-15,11.2,25.85,5.26
2021-04-16,10.7,25.89,5.16
2021-04-17,11.6,26.49,5.63
2021-04-18,12.5,22.81,4.81
2021-04-19,14.7,21.94,4.86
2021-04-20,17.8,17.55,3.81
2021-04-21,9.5,11.70,2.48
2021-04-22,9.9,16.88,3.66
2021-04-23,14.3,20.73,4.29
2021-04-24,16.6,22.51,4.93
2021-04-25,12.6,23.76,5.22
2021-04-26,14.9,23.56,5.02
2021-04-27,17.4,22.60,5.65
2021-04-28,13.8,23.16,5.35
2021-04-29,13.5,22.96,5.03
2021-04-30,9.7,22.07,4.87
2021-05-01,9.9,22.77,4.94
2021-05-02,11.7,22.68,4.99
2021-05-03,14.4,24.57,5.76
2021-05-04,13.6,24.57,5.48
2021-05-05,10.7,24.70,5.35
2021-05-06,13.2,24.08,5.17
2021-05-07,11.8,23.14,4.86
2021-05-08,14.6,19.84,4.26
2021-05-09,13.1,21.44,4.43
2021-05-10,11.5,24.42,5.37
2021-05-11,10.2,24.06,5.15
2021-05-12,10.4,22.93,5.02
2021-05-13,10.0,20.10,4.25
2021-05-14,11.0,14.07,3.20
2021-05-15,17.8,23.48,5.09
2021-05-16,16.1,22.07,5.12
2021-05-17,14.3,22.86,5.42
2021-05-18,18.4,21.27,6.07
2021-05-19,21.8,20.09,5.41
2021-05-20,22.0,21.94,5.66
2021-05-21,20.5,20.43,6.64
2021-05-22,18.7,23.19,6.41
2021-05-23,14.3,23.01,5.75
2021-05-24,14.8,27.55,6.25
2021-05-25,12.7,26.65,6.43
2021-05-26,12.2,26.50,6.13
2021-05-27,9.4,25.70,5.66
2021-05-28,10.8,25.25,5.38
2021-05-29,12.0,25.92,5.86
2021-05-30,11.4,22.91,4.72
2021-05-31,13.2,19.23,3.82
2021-06-01,12.0,20.35,3.99
2021-06-02,12.2,19.19,3.92
2021-06-03,13.2,20.66,4.10
2021-06-04,12.1,23.84,4.79
2021-06-05,12.3,25.74,5.51
2021-06-06,14.5,24.71,5.33
2021-06-07,14.4,26.36,5.97
2021-06-08,13.8,24.53,5.63
2021-06-09,11.7,25.71,5.98
2021-06-10,10.9,24.93,5.73
2021-06-11,11.9,22.27,5.17
2021-06-12,11.9,20.96,4.57
2021-06-13,11.9,19.93,4.26
2021-06-14,12.6,15.65,3.45
2021-06-15,12.3,17.29,3.75
2021-06-16,6.1,14.28,3.06
2021-06-17,10.1,13.76,3.16
2021-06-18,11.8,23.26,4.95
2021-06-19,10.5,23.60,5.19
2021-06-20,10.4,15.64,3.40
2021-06-21,11.5,17.87,3.89
2021-06-22,14.4,23.22,5.04
2021-06-23,10.0,20.44,4.26
2021-06-24,10.8,17.85,3.73
2021-06-25,13.7,20.76,4.29
2021-06-26,11.2,20.19,4.25
2021-06-27,12.4,22.91,4.86
2021-06-28,13.1,19.11,3.96
2021-06-29,11.0,16.51,3.45
2021-06-30,10.5,14.55,3.02
2021-07-01,8.7,16.11,3.25
2021-07-02,6.3,21.75,4.41
2021-07-03,9.0,24.62,5.13
2021-07-04,9.7,24.19,4.82
2021-07-05,15.6,15.41,3.41
2021-07-06,18.1,8.65,2.44
2021-07-07,14.2,21.61,4.90
2021-07-08,10.1,22.33,4.50
2021-07-09,9.1,23.10,4.90
2021-07-10,10.4,21.20,4.55
2021-07-11,14.3,23.54,5.07
2021-07-12,13.8,19.58,4.39
2021-07-13,13.6,17.76,3.68
2021-07-14,12.6,21.63,4.35
2021-07-15,14.3,23.53,4.86
2021-07-16,13.5,23.07,4.76
2021-07-17,9.5,21.74,4.50
2021-07-18,9.1,22.66,4.79
2021-07-19,9.8,24.62,5.29
2021-07-20,11.0,22.57,4.49
2021-07-21,7.9,23.97,4.80
2021-07-22,8.6,25.09,5.21
2021-07-23,9.2,19.82,4.14
2021-07-24,7.7,15.83,3.27
2021-07-25,8.3,20.14,4.11
2021-07-26,9.7,21.20,4.40
2021-07-27,8.6,23.36,4.86
2021-07-28,4.6,23.39,4.81
2021-07-29,6.8,22.92,4.70
2021-07-30,9.1,23.04,4.73
2021-07-31,8.3,23.50,5.11
2021-08-01,9.4,21.36,4.56
2021-08-02,9.3,16.16,3.45
2021-08-03,12.1,11.11,2.62
2021-08-04,11.0,11.73,2.89
2021-08-05,7.5,22.31,4.75
2021-08-06,10.8,22.86,4.66
2021-08-07,7.0,22.79,4.65
2021-08-08,8.0,21.32,4.35
2021-08-09,11.9,22.26,4.72
2021-08-10,11.8,22.15,4.80
2021-08-11,11.2,21.83,5.01
2021-08-12,16.4,23.42,5.13
2021-08-13,17.2,18.44,3.95
2021-08-14,17.0,13.12,2.88
2021-08-15,12.5,12.20,3.45
2021-08-16,10.7,22.72,4.83
2021-08-17,12.0,19.58,4.03
2021-08-18,13.6,23.97,5.25
2021-08-19,8.1,24.76,5.17
2021-08-20,7.7,25.20,5.27
2021-08-21,9.2,24.37,5.11
2021-08-22,9.9,22.48,4.59
2021-08-23,9.9,20.60,4.42
2021-08-24,13.2,20.97,4.83
2021-08-25,20.9,23.36,5.73
2021-08-26,13.5,22.00,4.80
2021-08-27,13.6,16.97,4.13
2021-08-28,16.3,19.12,4.69
2021-08-29,8.9,20.51,4.23
2021-08-30,7.3,22.69,4.55
2021-08-31,5.1,21.79,4.44
2021-09-01,5.4,21.97,4.48
2021-09-02,7.4,16.95,3.48
2021-09-03,7.2,14.86,3.17
2021-09-04,7.6,18.27,3.72
2021-09-05,6.7,20.59,4.14
2021-09-06,8.8,22.59,4.59
2021-09-07,6.6,18.71,3.88
2021-09-08,9.1,19.47,3.99
2021-09-09,8.1,22.11,4.48
2021-09-10,7.7,21.91,4.53
2021-09-11,11.2,20.77,4.35
2021-09-12,12.3,17.68,3.90
2021-09-13,10.6,16.66,3.42
2021-09-14,9.0,18.23,3.64
2021-09-15,7.8,20.04,3.96
2021-09-16,10.1,19.00,3.67
2021-09-17,7.6,16.52,3.37
2021-09-18,6.2,17.34,3.52
2021-09-19,6.9,14.73,2.98
2021-09-20,8.2,13.46,2.70
2021-09-21,9.2,12.25,2.76
2021-09-22,7.2,14.23,2.96
2021-09-23,9.7,17.74,3.54
2021-09-24,5.8,15.56,3.14
2021-09-25,8.5,16.28,3.27
2021-09-26,13.7,18.55,4.09
2021-09-27,10.6,22.85,5.45
2021-09-28,10.7,18.78,4.56
2021-09-29,9.3,21.14,4.66
2021-09-30,10.9,19.33,4.42
2021-10-01,11.7,17.50,4.06
2021-10-02,16.3,19.34,4.95
2021-10-03,14.7,17.89,4.44
2021-10-04,8.8,20.06,4.57
2021-10-05,8.7,18.26,3.98
2021-10-06,10.2,18.82,4.17
2021-10-07,11.2,17.77,4.11
2021-10-08,8.2,15.66,3.48
2021-10-09,9.1,12.28,2.46
2021-10-10,12.3,16.37,3.16
2021-10-11,8.6,17.96,3.48
2021-10-12,9.3,16.71,3.36
2021-10-13,8.9,18.63,3.92
2021-10-14,9.7,17.83,3.78
2021-10-15,9.6,17.02,3.59
2021-10-16,5.4,17.06,3.55
2021-10-17,8.1,18.27,3.79
2021-10-18,14.1,20.17,4.83
2021-10-19,14.2,15.89,5.10
2021-10-20,15.6,14.20,4.97
2021-10-21,13.3,15.24,4.49
2021-10-22,10.0,9.30,2.11
2021-10-23,10.6,13.40,2.72
2021-10-24,7.8,9.84,2.08
2021-10-25,12.5,9.12,1.95
2021-10-26,11.3,16.03,3.27
2021-10-27,9.6,16.17,3.40
2021-10-28,15.6,11.97,2.48
2021-10-29,18.7,16.53,4.01
2021-10-30,17.2,14.87,3.96
2021-10-31,7.2,14.96,3.11
2021-11-01,12.2,13.78,2.81
2021-11-02,11.9,12.65,2.95
2021-11-03,9.6,13.53,3.61
2021-11-04,8.3,13.74,3.22
2021-11-05,11.4,4.45,1.35
2021-11-06,15.4,14.71,2.87
2021-11-07,16.1,18.37,3.48
2021-11-08,13.3,16.92,3.75
2021-11-09,12.3,12.57,3.60
2021-11-10,11.0,15.16,3.29
2021-11-11,10.9,9.59,2.47
2021-11-12,8.1,7.68,1.72
2021-11-13,7.8,14.73,2.89
2021-11-14,11.3,14.70,3.06
2021-11-15,13.5,13.82,3.45
2021-11-16,15.0,13.39,3.88
2021-11-17,15.0,9.86,3.74
2021-11-18,15.7,5.76,2.20
2021-11-19,15.5,8.74,2.03
2021-11-20,18.0,10.10,2.89
2021-11-21,13.0,11.30,2.38
2021-11-22,12.7,12.54,2.53
2021-11-23,17.8,16.97,3.71
2021-11-24,15.4,13.07,3.73
2021-11-25,11.9,10.11,3.11
2021-11-26,7.6,14.87,2.97
2021-11-27,9.9,15.25,3.01
2021-11-28,6.6,15.65,2.84
2021-11-29,14.4,15.52,3.72
2021-11-30,9.0,13.85,3.13
2021-12-01,7.3,15.11,3.31
2021-12-02,9.4,14.69,3.23
2021-12-03,9.4,15.84,3.37
2021-12-04,7.4,9.42,2.32
2021-12-05,9.8,11.97,2.67
2021-12-06,9.5,9.91,1.95
2021-12-07,6.4,13.58,2.58
2021-12-08,7.4,14.88,3.03
2021-12-09,5.7,12.23,2.35
2021-12-10,8.1,12.09,2.39
2021-12-11,11.2,13.34,2.85
2021-12-12,9.1,13.89,2.91
2021-12-13,12.3,14.12,3.32
2021-12-14,12.9,12.46,3.08
2021-12-15,15.9,12.66,2.61
2021-12-16,16.1,12.61,3.21
2021-12-17,12.8,13.12,3.32
2021-12-18,14.1,11.21,2.60
2021-12-19,13.4,11.72,2.44
2021-12-20,7.9,11.34,2.11
2021-12-21,18.9,5.29,1.86
2021-12-22,15.8,12.40,2.70
2021-12-23,13.5,15.78,3.40
2021-12-24,10.8,14.18,3.26
2021-12-25,8.6,12.03,2.93
2021-12-26,6.5,11.70,2.32
2021-12-27,6.2,13.54,2.62
2021-12-28,9.4,10.39,2.38
2021-12-29,11.0,11.62,3.09
2021-12-30,8.5,12.87,2.90
2021-12-31,8.5,13.97,2.85
2022-01-01,9.6,12.95,2.89
2022-01-02,14.6,12.43,3.46
2022-01-03,12.2,9.86,2.57
2022-01-04,13.0,8.68,3.00
2022-01-05,10.4,11.41,2.57
2022-01-06,8.4,14.12,2.66
2022-01-07,9.2,11.78,2.39
2022-01-08,16.4,12.09,2.52
2022-01-09,17.6,10.32,2.18
2022-01-10,8.0,10.69,2.07
2022-01-11,15.5,11.74,2.11
2022-01-12,15.9,7.98,2.11
2022-01-13,8.5,13.78,2.70
2022-01-14,6.7,15.97,2.79
2022-01-15,12.0,16.44,3.32
2022-01-16,24.1,7.59,2.42
2022-01-17,18.0,12.77,3.44
2022-01-18,13.2,17.45,3.33
2022-01-19,8.3,12.65,2.77
2022-01-20,11.3,11.01,2.61
2022-01-21,7.0,12.94,2.36
2022-01-22,11.8,7.78,1.52
2022-01-23,14.0,10.97,1.95
2022-01-24,13.2,18.28,3.03
2022-01-25,10.3,15.84,3.03
2022-01-26,13.0,9.17,2.32
2022-01-27,7.7,12.18,2.17
2022-01-28,13.5,14.34,2.87
2022-01-29,23.8,17.92,3.95
2022-01-30,15.2,18.50,3.51
2022-01-31,11.5,17.63,3.65
2022-02-01,16.3,12.03,3.93
2022-02-02,13.4,14.35,3.18
2022-02-03,16.4,16.10,4.10
2022-02-04,15.0,15.69,3.49
2022-02-05,7.8,14.63,2.88
2022-02-06,7.1,15.61,3.02
2022-02-07,8.0,15.30,3.00
2022-02-08,12.9,15.34,3.00
2022-02-09,11.9,6.62,1.42
2022-02-10,14.0,18.08,3.64
2022-02-11,7.6,14.37,3.01
2022-02-12,8.2,15.72,2.98
2022-02-13,15.6,9.50,2.01
2022-02-14,18.4,18.67,4.01
2022-02-15,20.7,11.47,4.28
2022-02-16,18.4,13.39,3.97
2022-02-17,17.9,16.60,3.29
2022-02-18,12.7,17.19,3.37
2022-02-19,10.9,15.42,2.93
2022-02-20,16.3,10.77,3.03
2022-02-21,11.9,16.00,3.54
2022-02-22,15.4,16.12,3.79
2022-02-23,14.4,19.27,4.02
2022-02-24,11.4,15.89,3.73
2022-02-25,11.4,19.14,4.57
2022-02-26,10.8,19.44,4.50
2022-02-27,9.2,16.61,3.55
2022-02-28,11.0,17.05,3.65
2022-03-01,12.9,18.83,3.86
2022-03-02,10.4,15.67,3.34
2022-03-03,12.0,16.99,3.85
2022-03-04,18.0,18.08,4.74
2022-03-05,21.7,17.67,5.31
2022-03-06,20.3,18.11,4.96
2022-03-07,18.9,16.48,4.12
2022-03-08,14.2,18.60,4.05
2022-03-09,14.6,19.00,4.32
2022-03-10,14.6,18.73,4.07
2022-03-11,14.6,20.66,4.36
2022-03-12,22.9,17.43,5.11
2022-03-13,20.8,15.12,4.92
2022-03-14,17.6,10.03,3.95
2022-03-15,17.2,16.09,3.55
2022-03-16,14.8,18.25,3.70
2022-03-17,9.2,18.65,3.55
2022-03-18,10.3,22.91,4.36
2022-03-19,10.6,21.70,4.35
2022-03-20,11.5,19.52,3.86
2022-03-21,17.9,23.69,5.22
2022-03-22,16.3,20.12,5.21
2022-03-23,17.1,20.21,4.74
2022-03-24,17.4,20.40,4.66
2022-03-25,14.1,19.13,4.25
2022-03-26,13.4,25.79,5.46
2022-03-27,15.7,26.00,6.34
2022-03-28,9.3,24.86,5.54
2022-03-29,10.5,25.86,5.54
2022-03-30,19.9,19.58,5.61
2022-03-31,21.9,19.47,5.73
2022-04-01,14.8,20.88,4.60
2022-04-02,14.0,21.74,4.26
2022-04-03,9.1,18.17,3.65
2022-04-04,9.9,17.73,3.39
2022-04-05,16.1,22.38,4.74
2022-04-06,15.2,21.07,4.69
2022-04-07,14.4,21.63,4.70
2022-04-08,13.6,19.25,5.12
2022-04-09,17.0,25.06,6.84
2022-04-10,15.2,27.42,6.21
2022-04-11,14.5,25.71,6.07
2022-04-12,16.0,20.55,5.99
2022-04-13,16.2,18.51,5.50
2022-04-14,15.7,21.85,5.03
2022-04-15,12.4,17.71,3.51
2022-04-16,11.4,21.41,4.37
2022-04-17,12.6,25.68,5.04
2022-04-18,10.6,22.18,4.58
2022-04-19,16.1,23.41,4.79
2022-04-20,17.9,21.97,5.13
2022-04-21,19.5,23.18,5.86
2022-04-22,20.3,21.72,4.70
2022-04-23,17.8,22.65,5.46
2022-04-24,15.3,25.85,6.13
2022-04-25,13.4,23.54,5.35
2022-04-26,11.2,24.61,5.43
2022-04-27,9.1,23.07,5.16
2022-04-28,10.5,23.20,4.77
2022-04-29,9.3,17.35,3.43
2022-04-30,9.4,21.81,4.21
2022-05-01,11.0,24.60,5.14
2022-05-02,13.3,24.48,5.13
2022-05-03,12.9,22.84,4.72
2022-05-04,7.1,23.90,4.53
2022-05-05,7.1,24.51,4.91
2022-05-06,9.9,24.76,5.39
2022-05-07,14.9,22.36,5.66
2022-05-08,11.5,21.56,4.59
2022-05-09,14.9,22.60,4.79
2022-05-10,16.2,27.32,6.59
2022-05-11,16.6,20.48,5.09
2022-05-12,14.0,23.75,4.72
2022-05-13,12.3,25.03,5.02
2022-05-14,10.9,24.57,4.95
2022-05-15,11.2,24.26,4.94
2022-05-16,11.9,21.52,4.52
2022-05-17,9.3,23.73,4.73
2022-05-18,9.3,25.86,5.40
2022-05-19,11.6,24.02,5.16
2022-05-20,17.4,13.86,2.98
2022-05-21,15.0,23.99,4.99
2022-05-22,15.3,23.68,5.04
2022-05-23,13.4,25.80,5.56
2022-05-24,13.7,26.65,6.22
2022-05-25,14.6,24.65,6.21
2022-05-26,15.2,27.03,6.12
2022-05-27,13.0,24.92,5.84
2022-05-28,12.2,24.08,5.46
2022-05-29,14.0,22.86,4.61
2022-05-30,16.6,16.27,3.91
2022-05-31,11.4,19.96,3.99
2022-06-01,7.1,24.31,4.74
2022-06-02,12.6,18.28,3.46
2022-06-03,17.0,2.93,1.50
2022-06-04,22.5,15.40,3.31
2022-06-05,9.1,23.18,4.77
2022-06-06,11.5,20.81,4.04
2022-06-07,16.6,14.78,2.91
2022-06-08,9.9,23.74,4.57
2022-06-09,8.8,20.22,4.03
2022-06-10,11.9,19.25,3.78
2022-06-11,8.4,21.41,4.20
2022-06-12,8.6,24.71,5.23
2022-06-13,8.8,24.81,5.05
2022-06-14,9.0,24.20,4.77
2022-06-15,8.9,24.61,5.16
2022-06-16,8.1,24.25,5.10
2022-06-17,10.1,23.49,4.74
2022-06-18,7.5,24.60,5.09
2022-06-19,8.0,22.31,4.81
2022-06-20,7.6,21.98,4.53
2022-06-21,15.1,24.00,5.04
2022-06-22,12.6,24.38,5.31
2022-06-23,9.9,26.54,5.67
2022-06-24,9.9,25.80,5.63
2022-06-25,7.1,21.93,4.54
2022-06-26,7.9,20.48,4.17
2022-06-27,11.1,24.44,4.91
2022-06-28,9.7,24.09,4.85
2022-06-29,7.7,24.46,4.92
2022-06-30,10.7,24.18,5.18
2022-07-01,11.4,25.98,5.66
2022-07-02,11.2,24.12,5.36
2022-07-03,10.7,26.26,6.01
2022-07-04,11.7,24.45,5.51
2022-07-05,11.1,21.90,4.35
2022-07-06,10.0,23.48,4.89
2022-07-07,11.1,25.29,5.31
2022-07-08,11.4,24.19,5.28
2022-07-09,12.3,24.71,4.99
2022-07-10,9.6,23.69,5.29
2022-07-11,11.2,24.62,5.21
2022-07-12,9.8,25.25,5.40
2022-07-13,10.8,23.09,4.88
2022-07-14,10.1,24.45,5.20
2022-07-15,13.4,18.96,3.85
2022-07-16,11.2,16.31,3.32
2022-07-17,14.3,19.02,4.06
2022-07-18,12.0,24.62,5.39
2022-07-19,9.8,26.22,5.56
2022-07-20,9.1,25.27,5.56
2022-07-21,9.9,24.83,5.57
2022-07-22,11.8,21.21,4.59
2022-07-23,13.1,24.23,5.13
2022-07-24,11.8,24.59,5.65
2022-07-25,14.4,23.44,5.57
2022-07-26,12.2,17.36,3.88
2022-07-27,11.7,24.07,5.30
2022-07-28,9.7,27.07,5.85
2022-07-29,11.5,26.51,5.88
2022-07-30,12.8,25.89,6.24
2022-07-31,12.8,24.77,5.82
2022-08-01,11.1,25.18,5.51
2022-08-02,10.2,23.04,4.98
2022-08-03,9.8,24.24,5.37
2022-08-04,10.1,23.34,5.01
2022-08-05,11.2,20.34,4.51
2022-08-06,14.3,22.10,5.32
2022-08-07,13.0,17.93,3.97
2022-08-08,11.1,21.86,4.79
2022-08-09,12.8,21.50,4.89
2022-08-10,12.4,23.27,5.35
2022-08-11,10.4,23.45,5.24
2022-08-12,9.0,23.99,5.33
2022-08-13,8.7,19.71,4.13
2022-08-14,6.9,18.81,3.92
2022-08-15,6.5,20.74,4.19
2022-08-16,10.5,22.78,4.72
2022-08-17,8.3,21.91,4.67
2022-08-18,8.7,23.22,4.93
2022-08-19,9.1,23.93,5.04
2022-08-20,10.8,20.31,4.68
2022-08-21,12.4,24.22,5.47
2022-08-22,10.7,23.24,4.90
2022-08-23,7.8,22.33,4.65
2022-08-24,8.6,22.50,4.55
2022-08-25,8.6,19.68,4.07
2022-08-26,7.1,22.90,4.78
2022-08-27,8.0,20.97,4.36
2022-08-28,9.0,14.28,3.11
2022-08-29,11.6,20.97,4.26
2022-08-30,11.5,23.07,5.11
2022-08-31,7.1,20.43,4.26
2022-09-01,8.4,22.27,4.54
2022-09-02,9.9,22.62,4.77
2022-09-03,11.0,22.45,4.98
2022-09-04,9.4,22.49,5.04
2022-09-05,7.8,22.02,4.60
2022-09-06,6.6,23.52,4.93
2022-09-07,7.9,21.57,4.50
2022-09-08,8.7,18.17,3.72
2022-09-09,13.4,17.09,3.63
2022-09-10,11.0,21.04,4.61
2022-09-11,9.9,21.46,4.40
2022-09-12,4.8,19.59,3.93
2022-09-13,7.1,20.44,4.20
2022-09-14,6.7,10.57,2.25
2022-09-15,8.8,17.96,3.63
2022-09-16,8.1,13.41,2.81
2022-09-17,12.3,15.01,3.18
2022-09-18,5.2,16.95,3.42
2022-09-19,8.6,16.87,3.40
2022-09-20,8.7,20.70,4.44
2022-09-21,9.9,20.16,4.23
2022-09-22,7.1,19.42,3.97
2022-09-23,7.0,23.07,4.91
2022-09-24,7.1,18.72,3.85
2022-09-25,8.4,21.04,4.25
2022-09-26,10.8,12.56,2.66
2022-09-27,26.0,5.96,1.77
2022-09-28,31.5,9.75,2.67
2022-09-29,25.9,15.16,3.81
2022-09-30,15.0,20.77,4.27
2022-10-01,7.5,11.29,2.58
2022-10-02,11.9,7.78,2.29
2022-10-03,7.2,19.39,4.10
2022-10-04,8.5,18.55,4.03
2022-10-05,9.5,18.29,3.85
2022-10-06,11.4,18.22,4.10
2022-10-07,12.4,18.93,4.33
2022-10-08,14.5,16.02,3.38
2022-10-09,10.1,12.86,2.73
2022-10-10,8.1,19.23,3.92
2022-10-11,9.2,17.12,3.63
2022-10-12,9.1,17.24,3.49
2022-10-13,11.5,9.37,2.09
2022-10-14,8.2,17.93,3.43
2022-10-15,10.9,16.20,3.26
2022-10-16,11.9,15.20,3.53
2022-10-17,9.5,15.94,3.42
2022-10-18,7.9,15.00,3.17
2022-10-19,13.5,5.71,1.74
2022-10-20,12.1,15.22,3.07
2022-10-21,15.1,13.34,2.86
2022-10-22,14.7,17.18,4.10
2022-10-23,12.5,16.70,4.00
2022-10-24,10.2,16.21,3.69
2022-10-25,10.2,19.15,4.47
2022-10-26,7.1,19.16,3.99
2022-10-27,8.5,17.23,3.60
2022-10-28,12.3,16.19,4.10
2022-10-29,14.5,14.45,3.34
2022-10-30,11.1,15.63,3.70
2022-10-31,9.5,16.07,3.29
2022-11-01,8.3,16.18,3.44
2022-11-02,9.4,14.69,3.13
2022-11-03,10.7,15.67,3.39
2022-11-04,16.6,16.57,4.01
2022-11-05,10.8,15.94,4.01
2022-11-06,16.7,13.82,3.49
2022-11-07,18.8,15.83,4.41
2022-11-08,20.5,14.78,4.16
2022-11-09,23.2,4.01,1.58
2022-11-10,22.1,13.80,3.06
2022-11-11,12.3,14.71,3.12
2022-11-12,6.8,15.11,2.90
2022-11-13,4.4,15.10,2.93
2022-11-14,7.9,14.62,3.14
2022-11-15,8.1,15.63,3.31
2022-11-16,5.7,14.17,2.74
2022-11-17,16.2,11.82,2.46
2022-11-18,15.8,11.36,3.03
2022-11-19,15.9,10.07,3.16
2022-11-20,21.5,9.70,2.06
2022-11-21,19.7,7.33,1.89
2022-11-22,7.8,12.41,2.54
2022-11-23,4.9,13.73,2.60
2022-11-24,7.0,12.90,2.45
2022-11-25,8.4,13.61,2.80
2022-11-26,8.1,13.62,2.75
2022-11-27,9.7,13.01,2.72
2022-11-28,8.1,13.75,2.75
2022-11-29,14.0,14.48,3.43
2022-11-30,12.8,12.77,2.93
2022-12-01,19.0,10.77,2.11
2022-12-02,17.4,13.27,3.63
2022-12-03,17.4,13.67,4.23
2022-12-04,10.4,11.52,3.52
2022-12-05,9.2,11.83,2.75
2022-12-06,10.1,13.76,3.26
2022-12-07,11.2,11.43,2.97
2022-12-08,10.6,11.89,3.27
2022-12-09,8.9,11.17,2.50
2022-12-10,9.0,14.53,3.11
2022-12-11,8.2,15.07,3.19
2022-12-12,8.8,15.29,2.93
2022-12-13,8.8,13.64,2.80
2022-12-14,12.5,12.45,3.37
2022-12-15,17.7,12.91,3.60
2022-12-16,9.3,7.83,1.75
2022-12-17,9.6,6.69,1.48
2022-12-18,14.9,8.80,2.01
2022-12-19,14.6,12.40,3.20
2022-12-20,14.8,9.74,2.87
2022-12-21,15.0,11.51,2.22
2022-12-22,7.0,13.86,2.72
2022-12-23,16.3,9.65,2.20
2022-12-24,17.6,10.28,3.03
2022-12-25,16.9,5.93,2.40
2022-12-26,14.2,3.72,1.32
2022-12-27,13.6,7.35,1.55
2022-12-28,14.5,12.03,3.20
2022-12-29,15.3,11.21,3.16
2022-12-30,13.0,13.88,2.79
2022-12-31,10.4,14.33,2.68
2023-01-01,8.0,13.05,2.53
2023-01-02,11.7,13.95,2.94
2023-01-03,12.5,12.64,2.79
2023-01-04,13.7,13.02,2.96
2023-01-05,9.9,14.98,3.09
2023-01-06,13.2,15.02,3.66
2023-01-07,11.4,15.96,3.70
2023-01-08,10.2,14.64,3.34
2023-01-09,9.3,15.74,3.13
2023-01-10,10.0,15.57,3.30
2023-01-11,10.7,16.89,3.83
2023-01-12,11.2,14.74,3.33
2023-01-13,18.0,11.31,3.25
2023-01-14,21.4,16.77,4.04
2023-01-15,14.8,17.51,3.28
2023-01-16,7.8,16.78,3.22
2023-01-17,9.8,16.01,3.02
2023-01-18,11.2,15.13,3.19
2023-01-19,10.8,15.18,3.96
2023-01-20,7.1,15.46,3.14
2023-01-21,7.6,13.84,2.85
2023-01-22,17.3,14.40,3.62
2023-01-23,12.5,13.42,3.08
2023-01-24,14.9,12.03,3.28
2023-01-25,16.6,15.02,3.92
2023-01-26,12.9,12.95,2.86
2023-01-27,16.7,6.01,2.28
2023-01-28,17.9,11.63,3.30
2023-01-29,16.4,13.52,3.66
2023-01-30,10.9,14.72,3.15
2023-01-31,9.7,14.74,3.44
2023-02-01,8.9,15.20,3.40
2023-02-02,10.2,15.16,3.21
2023-02-03,15.8,16.00,3.56
2023-02-04,23.5,11.28,2.97
2023-02-05,19.7,13.47,2.76
2023-02-06,15.3,13.98,3.18
2023-02-07,14.9,17.99,4.24
2023-02-08,13.4,17.37,4.71
2023-02-09,15.5,15.71,3.96
2023-02-10,13.5,18.41,4.01
2023-02-11,15.1,16.51,3.71
2023-02-12,20.8,15.17,4.03
2023-02-13,16.1,20.26,4.73
2023-02-14,10.9,18.33,4.03
2023-02-15,14.7,14.35,4.40
2023-02-16,16.7,14.08,4.63
2023-02-17,13.4,12.55,2.91
2023-02-18,16.9,13.71,2.82
2023-02-19,11.4,15.42,3.42
2023-02-20,9.4,15.80,3.33
2023-02-21,10.0,16.28,3.56
2023-02-22,12.0,19.27,4.43
2023-02-23,12.4,19.37,4.72
2023-02-24,9.4,19.79,4.44
2023-02-25,8.4,20.01,4.38
2023-02-26,9.9,20.81,4.46
2023-02-27,11.9,20.30,4.62
2023-02-28,10.1,21.85,5.21
2023-03-01,10.8,22.32,4.85
2023-03-02,13.1,18.98,4.68
2023-03-03,20.1,20.65,5.01
2023-03-04,14.3,18.39,4.28
2023-03-05,7.5,21.19,4.37
2023-03-06,10.6,18.67,4.26
2023-03-07,10.0,17.07,3.91
2023-03-08,13.9,18.48,4.28
2023-03-09,14.1,19.03,4.72
2023-03-10,14.3,20.35,5.29
2023-03-11,11.3,19.65,5.18
2023-03-12,11.5,21.17,4.70
2023-03-13,14.8,18.75,4.70
2023-03-14,12.9,16.50,3.49
2023-03-15,15.8,11.47,3.43
2023-03-16,15.4,21.87,5.09
2023-03-17,14.9,15.28,4.76
2023-03-18,12.8,19.68,4.90
2023-03-19,15.6,14.81,3.09
2023-03-20,19.0,11.54,2.87
2023-03-21,14.7,19.67,4.27
2023-03-22,14.2,23.27,5.36
2023-03-23,13.1,22.83,5.27
2023-03-24,11.6,19.18,4.66
2023-03-25,12.8,18.59,4.32
2023-03-26,11.9,22.85,4.94
2023-03-27,12.5,21.61,4.77
2023-03-28,10.7,19.91,4.27
2023-03-29,8.8,20.38,4.26
2023-03-30,16.7,18.64,3.58
2023-03-31,17.3,21.15,5.43
2023-04-01,12.2,19.76,4.73
2023-04-02,10.3,22.11,4.64
2023-04-03,9.8,23.54,4.85
2023-04-04,11.5,20.75,4.62
2023-04-05,14.0,22.67,5.39
2023-04-06,15.5,21.60,5.39
2023-04-07,13.0,24.21,5.65
2023-04-08,10.3,22.65,5.28
2023-04-09,11.9,18.15,3.92
2023-04-10,19.4,17.36,3.31
2023-04-11,24.5,11.22,2.48
2023-04-12,20.8,16.86,3.33
2023-04-13,11.2,21.69,4.25
2023-04-14,8.6,22.36,4.38
2023-04-15,9.1,23.12,4.50
2023-04-16,12.5,23.77,4.40
2023-04-17,13.9,21.78,4.28
2023-04-18,14.2,26.68,5.60
2023-04-19,11.5,20.10,4.95
2023-04-20,12.0,22.08,4.71
2023-04-21,7.9,22.63,4.30
2023-04-22,9.2,19.50,4.20
2023-04-23,8.5,23.40,4.50
2023-04-24,9.8,20.03,4.10
2023-04-25,11.4,20.40,4.22
2023-04-26,13.0,24.37,4.66
2023-04-27,13.2,24.16,4.85
2023-04-28,12.3,23.08,4.68
2023-04-29,14.6,23.71,4.69
2023-04-30,24.1,18.23,4.75
2023-05-01,12.3,28.23,6.12
2023-05-02,11.6,27.95,6.06
2023-05-03,11.0,27.48,5.94
2023-05-04,10.4,28.71,6.48
2023-05-05,14.9,26.91,5.80
2023-05-06,13.8,25.49,5.62
2023-05-07,17.2,22.99,4.77
2023-05-08,12.3,27.04,6.09
2023-05-09,11.8,25.64,5.57
2023-05-10,10.2,25.21,5.37
2023-05-11,13.6,26.76,5.93
2023-05-12,14.8,24.96,5.96
2023-05-13,13.7,25.04,5.90
2023-05-14,13.0,22.23,5.09
2023-05-15,10.6,22.13,4.37
2023-05-16,8.8,24.52,5.18
2023-05-17,11.5,24.03,5.12
2023-05-18,10.0,25.68,5.20
2023-05-19,11.0,20.18,3.94
2023-05-20,10.1,25.00,5.06
2023-05-21,9.3,23.93,4.84
2023-05-22,9.0,23.61,4.89
2023-05-23,8.4,18.69,3.91
2023-05-24,8.2,18.89,3.62
2023-05-25,11.4,20.29,3.90
2023-05-26,8.6,21.32,4.10
2023-05-27,8.5,23.11,4.59
2023-05-28,8.1,24.96,5.28
2023-05-29,9.2,24.15,5.17
2023-05-30,7.7,23.15,4.71
2023-05-31,8.3,19.85,3.90
2023-06-01,7.2,21.49,4.27
2023-06-02,7.6,19.00,3.69
2023-06-03,5.2,21.91,4.32
2023-06-04,8.3,18.26,3.55
2023-06-05,9.8,23.66,4.70
2023-06-06,8.2,20.52,4.23
2023-06-07,11.6,22.75,4.57
2023-06-08,12.5,22.53,4.55
2023-06-09,12.8,21.88,4.51
2023-06-10,10.1,24.44,4.98
2023-06-11,11.7,24.21,4.81
2023-06-12,13.5,20.29,4.04
2023-06-13,12.3,23.40,4.69
2023-06-14,13.3,24.85,5.15
2023-06-15,11.0,26.08,5.42
2023-06-16,12.1,21.72,5.00
2023-06-17,11.3,23.14,4.87
2023-06-18,13.7,20.34,4.22
2023-06-19,8.9,16.77,3.58
2023-06-20,12.3,25.42,5.25
2023-06-21,11.9,24.24,4.95
2023-06-22,10.9,20.13,4.28
2023-06-23,14.1,21.54,4.46
2023-06-24,11.5,17.96,3.71
2023-06-25,5.6,16.27,3.38
2023-06-26,7.0,20.70,4.11
2023-06-27,8.4,23.79,4.89
2023-06-28,8.8,23.93,5.08
2023-06-29,7.3,22.47,4.57
2023-06-30,6.2,20.33,4.22
2023-07-01,7.3,20.40,4.15
2023-07-02,6.4,22.42,4.56
2023-07-03,8.7,23.57,4.87
2023-07-04,8.2,21.63,4.51
2023-07-05,7.8,22.99,4.76
2023-07-06,7.1,23.86,5.05
2023-07-07,9.3,20.63,4.32
2023-07-08,9.6,22.40,4.82
2023-07-09,10.5,25.77,5.56
2023-07-10,8.4,23.88,5.28
2023-07-11,9.7,25.47,5.65
2023-07-12,8.7,23.46,5.20
2023-07-13,7.1,22.45,4.90
2023-07-14,7.8,25.06,5.14
2023-07-15,7.2,23.27,4.83
2023-07-16,8.4,21.77,4.85
2023-07-17,8.9,16.56,3.62
2023-07-18,10.3,19.48,4.15
2023-07-19,8.4,15.45,3.34
2023-07-20,10.9,22.08,4.78
2023-07-21,9.1,21.18,4.56
2023-07-22,6.9,24.89,5.31
2023-07-23,6.4,26.38,5.82
2023-07-24,7.3,26.92,5.80
2023-07-25,9.0,24.23,5.24
2023-07-26,12.5,18.40,3.93
2023-07-27,10.4,16.93,3.70
2023-07-28,11.1,11.71,2.73
2023-07-29,7.7,25.54,5.60
2023-07-30,8.1,23.23,4.77
2023-07-31,9.2,25.05,5.31
2023-08-01,5.4,19.17,4.00
2023-08-02,7.0,20.39,4.22
2023-08-03,7.7,23.65,4.92
2023-08-04,9.8,19.48,3.94
2023-08-05,8.1,20.49,4.32
2023-08-06,7.6,24.66,5.37
2023-08-07,7.7,23.59,4.97
2023-08-08,10.9,21.41,4.67
2023-08-09,8.1,19.09,4.03
2023-08-10,9.9,21.09,4.50
2023-08-11,6.6,21.75,4.61
2023-08-12,12.8,22.54,4.77
2023-08-13,12.5,21.43,5.12
2023-08-14,7.5,25.10,5.51
2023-08-15,9.9,18.73,3.92
2023-08-16,11.9,20.39,4.25
2023-08-17,12.1,13.17,3.07
2023-08-18,6.5,20.27,4.33
2023-08-19,11.4,18.26,3.74
2023-08-20,16.1,17.79,4.04
2023-08-21,16.3,21.38,4.86
2023-08-22,15.9,23.82,5.74
2023-08-23,10.3,22.90,5.14
2023-08-24,11.0,23.17,5.20
2023-08-25,12.0,23.14,5.25
2023-08-26,9.5,22.89,5.06
2023-08-27,8.5,20.88,4.47
2023-08-28,10.1,18.54,3.99
2023-08-29,20.0,16.81,3.43
2023-08-30,22.8,20.56,4.64
2023-08-31,11.5,21.18,4.50
2023-09-01,6.2,22.06,4.52
2023-09-02,12.5,19.37,4.45
2023-09-03,13.9,21.00,5.85
2023-09-04,11.7,21.54,5.74
2023-09-05,9.2,21.12,5.26
2023-09-06,7.9,22.29,5.03
2023-09-07,8.1,23.34,5.17
2023-09-08,9.8,23.22,4.86
2023-09-09,7.6,20.24,3.96
2023-09-10,7.4,21.03,4.44
2023-09-11,7.2,21.50,4.54
2023-09-12,8.7,20.34,4.53
2023-09-13,8.5,21.68,4.83
2023-09-14,6.7,20.60,4.33
2023-09-15,7.4,19.32,4.03
2023-09-16,9.0,17.76,3.78
2023-09-17,8.8,19.32,4.26
2023-09-18,5.9,NaN,NaN
2023-09-19,NaN,NaN,NaN
2023-09-20,NaN,NaN,NaN
2023-09-21,NaN,NaN,NaN
2023-09-22,NaN,NaN,NaN
2023-09-23,NaN,NaN,NaN
2023-09-24,NaN,NaN,NaN
